"Project","Year","Month","Station","Date","SpecialStudyID","SerialNumber","SurfaceTemperature","SurfaceConductivity","Turbidity","Secchi","SurfacePPT"
"EDSM",2017.00,8.00,"18-04-LSR05",8/21/2017 0:00:00,"E3","0003",20.90,2632.00,24.60,0.45,1.33
"EDSM",2017.00,8.00,"18-01-SBM01",8/1/2017 0:00:00,,,22.20,6364.00,18.70,0.58,3.45
"EDSM",2017.00,8.00,"18-01-SSC02",8/1/2017 0:00:00,,,24.20,583.00,18.10,0.46,0.26
"EDSM",2017.00,8.00,"18-01-SSC02",8/1/2017 0:00:00,,,24.20,583.00,18.10,0.46,0.26
"EDSM",2017.00,8.00,"18-01-SBW01",8/2/2017 0:00:00,,,20.89,12348.00,22.89,0.54,7.05
"EDSM",2017.00,8.00,"18-01-SBW01",8/2/2017 0:00:00,,,20.89,12348.00,22.89,0.54,7.05
"EDSM",2017.00,8.00,"18-01-SBW01",8/2/2017 0:00:00,,,20.89,12348.00,22.89,0.54,7.05
"EDSM",2017.00,8.00,"18-01-SBW01",8/2/2017 0:00:00,,,20.89,12524.00,24.00,0.52,7.16
"EDSM",2020.00,4.00,"20-37-USSC04",4/9/2020 0:00:00,"140","0140",14.80,1079.00,11.60,0.79,0.51
"EDSM",2020.00,4.00,"20-37-USSC04",4/9/2020 0:00:00,"L0130","L0130",14.70,1080.00,10.80,0.79,0.51
"EDSM",2020.00,4.00,"20-37-USSC04",4/9/2020 0:00:00,"395","0395",14.70,1080.00,10.80,0.79,0.51
"EDSM",2020.00,4.00,"20-37-LSSC03",4/10/2020 0:00:00,"183",,14.40,190.30,29.30,0.95,0.08
"EDSM",2020.00,4.00,"20-37-USSC05",4/10/2020 0:00:00,"172","0172",14.80,860.00,40.50,0.26,0.40
"EDSM",2020.00,4.00,"20-38-USSC02",4/15/2020 0:00:00,"L0357","L0357",16.60,1125.00,8.05,0.76,0.53
"EDSM",2020.00,4.00,"20-39-USSC01",4/20/2020 0:00:00,"83","0083",16.30,950.00,32.50,0.44,0.44
"EDSM",2020.00,4.00,"20-39-USSC01",4/20/2020 0:00:00,"L0543","L0543",16.30,950.00,32.50,0.44,0.44
"EDSM",2017.00,8.00,"18-01-CQS01",8/2/2017 0:00:00,,,20.79,14817.00,34.90,0.50,8.59
"EDSM",2017.00,8.00,"18-01-CQS01",8/2/2017 0:00:00,,,20.79,14817.00,34.90,0.50,8.59
"EDSM",2017.00,8.00,"18-01-CQS01",8/2/2017 0:00:00,,,20.79,14817.00,34.90,0.50,8.59
"EDSM",2017.00,8.00,"18-01-CQS01",8/2/2017 0:00:00,,,20.79,14817.00,34.90,0.50,8.59
"EDSM",2017.00,8.00,"18-01-LSR01",8/3/2017 0:00:00,,,22.50,2070.00,24.10,0.44,1.03
"EDSM",2017.00,8.00,"18-01-SBM03",8/3/2017 0:00:00,,,21.60,9128.00,26.89,0.43,5.08
"EDSM",2017.00,8.00,"18-01-SBM03",8/3/2017 0:00:00,,,21.60,8893.00,31.00,0.41,4.94
"EDSM",2017.00,8.00,"18-01-SBM03",8/3/2017 0:00:00,,,21.60,8893.00,31.00,0.41,4.94
"EDSM",2017.00,8.00,"18-02-LSJ03",8/9/2017 0:00:00,,,21.79,1868.00,31.39,0.33,0.92
"EDSM",2017.00,8.00,"18-02-SJT01",8/9/2017 0:00:00,,,22.79,290.39,22.89,0.67,0.12
"EDSM",2017.00,8.00,"18-02-SBW02",8/9/2017 0:00:00,,,21.00,12111.00,67.19,0.31,6.90
"EDSM",2017.00,8.00,"18-02-CS01",8/10/2017 0:00:00,"E1","0001",22.89,246.00,21.20,0.50,0.10
"EDSM",2017.00,8.00,"18-02-SBM02",8/10/2017 0:00:00,"E151","0151",22.39,8404.00,47.09,0.40,4.65
"EDSM",2017.00,8.00,"18-02-SBM04",8/11/2017 0:00:00,"E152","0152",22.20,6152.00,48.29,0.46,3.32
"EDSM",2017.00,8.00,"18-02-SBM04",8/11/2017 0:00:00,"E153","0153",22.20,6152.00,48.29,0.46,3.32
"EDSM",2017.00,8.00,"18-03-SSC02",8/15/2017 0:00:00,"E2","0002",22.79,418.79,39.70,0.28,0.18
"EDSM",2017.00,8.00,"18-03-SM02",8/16/2017 0:00:00,"E155","0155",19.79,8679.00,55.29,0.31,4.81
"EDSM",2017.00,8.00,"18-03-SM02",8/16/2017 0:00:00,"E154","0154",19.79,8679.00,55.29,0.31,4.81
"EDSM",2017.00,8.00,"18-03-SM02",8/16/2017 0:00:00,"E156","0156",20.29,9358.00,83.59,0.31,5.22
"EDSM",2017.00,8.00,"18-03-HB01",8/16/2017 0:00:00,"E157","0157",21.50,3235.00,20.20,0.63,1.66
"EDSM",2017.00,8.00,"18-03-CQS01",8/16/2017 0:00:00,,,20.39,16291.00,29.39,0.56,9.52
"EDSM",2017.00,8.00,"18-03-SBW03",8/17/2017 0:00:00,,,20.79,13785.00,21.70,0.72,7.94
"EDSM",2017.00,8.00,"18-03-CQS05",8/17/2017 0:00:00,,,20.50,14626.00,27.39,0.61,8.47
"EDSM",2017.00,8.00,"18-04-LSR03",8/21/2017 0:00:00,"E3","0003",20.89,2632.00,24.60,0.44,1.33
"EDSM",2017.00,8.00,"18-04-SSC02",8/22/2017 0:00:00,"E4","0004",22.89,1420.00,56.29,0.30,0.69
"EDSM",2017.00,8.00,"18-04-SBM05",8/22/2017 0:00:00,"E158","0158",20.00,10399.00,63.29,0.25,5.85
"EDSM",2017.00,8.00,"18-04-SBM05",8/22/2017 0:00:00,"E160","0160",20.00,10399.00,63.29,0.25,5.85
"EDSM",2017.00,8.00,"18-04-SBM05",8/22/2017 0:00:00,"E159","0159",20.00,10399.00,63.29,0.25,5.85
"EDSM",2017.00,8.00,"18-04-SBM05",8/22/2017 0:00:00,"E161","0161",20.00,10399.00,63.29,0.25,5.85
"EDSM",2017.00,8.00,"18-04-SBM05",8/22/2017 0:00:00,"E162","0162",20.29,9050.00,80.80,0.25,5.04
"EDSM",2017.00,8.00,"18-04-SBM02",8/22/2017 0:00:00,"E163","0163",20.50,9066.00,95.40,0.30,5.05
"EDSM",2017.00,8.00,"18-04-CQS01",8/23/2017 0:00:00,,,19.79,18955.00,63.40,0.30,11.22
"EDSM",2017.00,8.00,"18-04-CQS02",8/23/2017 0:00:00,,,19.89,16582.00,58.50,0.31,9.70
"EDSM",2017.00,8.00,"18-04-SPE04",8/23/2017 0:00:00,,,20.00,24761.00,52.09,0.36,15.02
"EDSM",2017.00,8.00,"18-04-LSJ03",8/23/2017 0:00:00,"E164","0164",21.10,1453.00,30.00,0.25,0.70
"EDSM",2017.00,8.00,"18-05-LSR02",8/28/2017 0:00:00,"E5","0005",21.89,902.00,23.50,0.52,0.42
"EDSM",2017.00,8.00,"18-05-LSR02",8/28/2017 0:00:00,"E6","0006",21.89,902.00,23.50,0.52,0.42
"EDSM",2017.00,8.00,"18-05-SBM02",8/30/2017 0:00:00,"E165","0165",21.89,3676.00,24.50,0.40,1.91
"EDSM",2017.00,9.00,"18-06-SBW01",9/7/2017 0:00:00,,,22.39,10320.00,88.40,0.28,5.80
"EDSM",2017.00,9.00,"18-06-SBW01",9/7/2017 0:00:00,,,22.50,9330.00,104.00,0.30,5.20
"EDSM",2017.00,9.00,"18-06-SBW02",9/7/2017 0:00:00,,,22.10,11601.00,34.09,0.49,6.59
"EDSM",2017.00,9.00,"18-06-SBW03",9/7/2017 0:00:00,,,22.20,9868.00,46.09,0.37,5.53
"EDSM",2017.00,9.00,"18-06-SBW03",9/7/2017 0:00:00,,,22.20,9868.00,46.09,0.37,5.53
"EDSM",2017.00,9.00,"18-06-SBW03",9/7/2017 0:00:00,,,22.20,9868.00,46.09,0.37,5.53
"EDSM",2017.00,9.00,"18-06-SBM01",9/7/2017 0:00:00,"E166","0166",22.50,7776.00,37.09,0.43,4.28
"EDSM",2017.00,9.00,"18-06-SBM02",9/7/2017 0:00:00,"E167","0167",22.79,8813.00,85.19,0.28,4.89
"EDSM",2017.00,9.00,"18-06-LSR01",9/8/2017 0:00:00,"E7","0007",22.29,1976.00,19.10,0.56,0.98
"EDSM",2017.00,9.00,"18-07-SBM01",9/11/2017 0:00:00,"E168","0168",22.20,12416.00,28.10,0.49,7.09
"EDSM",2017.00,9.00,"18-07-SBM02",9/11/2017 0:00:00,"E169","0169",22.29,11854.00,27.79,0.43,6.74
"EDSM",2017.00,9.00,"18-07-CQS01",9/12/2017 0:00:00,,,24.89,30069.00,20.10,0.56,18.60
"EDSM",2017.00,9.00,"18-07-CQS01",9/12/2017 0:00:00,,,24.89,30069.00,20.10,0.56,18.60
"EDSM",2017.00,9.00,"18-07-CQS01",9/12/2017 0:00:00,,,24.89,30069.00,20.10,0.56,18.60
"EDSM",2017.00,9.00,"18-07-HB01",9/12/2017 0:00:00,"E170","0170",22.79,4489.00,28.79,0.63,2.37
"EDSM",2017.00,9.00,"18-07-SBM03",9/12/2017 0:00:00,"E171","0171",22.29,9199.00,36.29,0.46,5.13
"EDSM",2017.00,9.00,"18-07-SPE03",9/12/2017 0:00:00,,,23.70,37798.00,17.79,0.62,23.95
"EDSM",2017.00,9.00,"18-08-LSR01",9/18/2017 0:00:00,"E8","0008",20.89,159.10,16.20,0.57,0.06
"EDSM",2017.00,9.00,"18-08-LSR01",9/18/2017 0:00:00,"E9","0009",20.89,159.10,16.20,0.57,0.06
"EDSM",2017.00,9.00,"18-08-LSR01",9/18/2017 0:00:00,"E11","0011",20.89,159.10,16.20,0.57,0.06
"EDSM",2017.00,9.00,"18-08-LSR01",9/18/2017 0:00:00,"E10","0010",20.89,159.10,16.20,0.57,0.06
"EDSM",2017.00,9.00,"18-08-LSR01",9/18/2017 0:00:00,"E19","0019",20.89,182.19,19.79,0.56,0.07
"EDSM",2017.00,9.00,"18-08-LSR01",9/18/2017 0:00:00,"E15","0015",20.89,182.19,19.79,0.56,0.07
"EDSM",2017.00,9.00,"18-08-LSR01",9/18/2017 0:00:00,"E17","0017",20.89,182.19,19.79,0.56,0.07
"EDSM",2017.00,9.00,"18-08-LSR01",9/18/2017 0:00:00,"E21","0021",20.89,182.19,19.79,0.56,0.07
"EDSM",2017.00,9.00,"18-08-LSR01",9/18/2017 0:00:00,"E20","0020",20.89,182.19,19.79,0.56,0.07
"EDSM",2017.00,9.00,"18-08-LSR01",9/18/2017 0:00:00,"E16","0016",20.89,182.19,19.79,0.56,0.07
"EDSM",2017.00,9.00,"18-08-LSR01",9/18/2017 0:00:00,"E14","0014",20.89,182.19,19.79,0.56,0.07
"EDSM",2017.00,9.00,"18-08-LSR01",9/18/2017 0:00:00,"E12","0012",20.89,182.19,19.79,0.56,0.07
"EDSM",2017.00,9.00,"18-08-LSR01",9/18/2017 0:00:00,"E24","0024",20.89,182.19,19.79,0.56,0.07
"EDSM",2017.00,9.00,"18-08-LSR01",9/18/2017 0:00:00,"E13","0013",20.89,182.19,19.79,0.56,0.07
"EDSM",2017.00,9.00,"18-08-LSR01",9/18/2017 0:00:00,"E18","0018",20.89,182.19,19.79,0.56,0.07
"EDSM",2017.00,9.00,"18-08-LSR02",9/18/2017 0:00:00,"E23","0023",21.39,435.89,21.20,0.54,0.19
"EDSM",2017.00,9.00,"18-08-LSR02",9/18/2017 0:00:00,"E22","0022",21.39,435.89,21.20,0.54,0.19
"EDSM",2017.00,9.00,"18-08-LNR01",9/18/2017 0:00:00,,,20.10,23565.00,50.20,0.28,14.23
"EDSM",2017.00,9.00,"18-08-SBW01",9/19/2017 0:00:00,,,20.39,10088.00,115.00,0.28,5.66
"EDSM",2017.00,9.00,"18-08-SM01",9/20/2017 0:00:00,"E172","0172",20.70,7268.00,66.50,0.31,3.98
"EDSM",2017.00,9.00,"18-08-SBM01",9/20/2017 0:00:00,"E173","0173",20.10,7555.00,79.50,0.31,4.15
"EDSM",2017.00,9.00,"18-09-LSJ01",9/26/2017 0:00:00,,,19.70,417.20,20.79,0.66,0.18
"EDSM",2017.00,9.00,"18-09-SBM01",9/27/2017 0:00:00,"E174","0174",19.70,5271.00,31.79,0.50,2.81
"EDSM",2017.00,9.00,"18-09-SBM02",9/29/2017 0:00:00,"E175","0175",19.70,4890.00,13.10,0.81,2.59
"EDSM",2017.00,9.00,"18-09-LSR01",9/29/2017 0:00:00,"E25","0025",18.89,157.39,9.68,1.07,0.06
"EDSM",2017.00,10.00,"18-10-LSR06",10/4/2017 0:00:00,"E26","0026",18.39,886.00,20.39,0.51,0.41
"EDSM",2017.00,10.00,"18-10-SBW02",10/5/2017 0:00:00,,,19.20,16728.00,29.00,0.43,9.79
"EDSM",2017.00,10.00,"18-11-LSR01",10/10/2017 0:00:00,"E31","0031",16.70,118.30,46.09,0.52,0.04
"EDSM",2017.00,10.00,"18-11-LSR01",10/10/2017 0:00:00,"E28","0028",16.70,118.30,46.09,0.52,0.04
"EDSM",2017.00,10.00,"18-11-LSR01",10/10/2017 0:00:00,"E30","0030",16.70,118.30,46.09,0.52,0.04
"EDSM",2017.00,10.00,"18-11-LSR01",10/10/2017 0:00:00,"E35","0035",16.70,118.30,46.09,0.52,0.04
"EDSM",2017.00,10.00,"18-11-LSR01",10/10/2017 0:00:00,"E27","0027",16.70,118.30,46.09,0.52,0.04
"EDSM",2017.00,10.00,"18-11-LSR01",10/10/2017 0:00:00,"E29","0029",16.70,118.30,46.09,0.52,0.04
"EDSM",2017.00,10.00,"18-11-LSR01",10/10/2017 0:00:00,"E33","0033",16.70,118.30,46.09,0.52,0.04
"EDSM",2017.00,10.00,"18-11-LSR01",10/10/2017 0:00:00,"E32","0032",16.70,118.30,46.09,0.52,0.04
"EDSM",2017.00,10.00,"18-11-LSR01",10/10/2017 0:00:00,"E37","0037",16.70,118.30,46.09,0.52,0.04
"EDSM",2017.00,10.00,"18-11-LSR01",10/10/2017 0:00:00,"E34","0034",16.70,118.30,46.09,0.52,0.04
"EDSM",2017.00,10.00,"18-11-LSR01",10/10/2017 0:00:00,"E36","0036",16.70,118.30,46.09,0.52,0.04
"EDSM",2017.00,10.00,"18-11-LSR01",10/10/2017 0:00:00,"E38","0038",16.70,118.30,46.09,0.52,0.04
"EDSM",2017.00,10.00,"18-11-LSR01",10/10/2017 0:00:00,"E54","0054",16.79,137.00,36.09,0.51,0.05
"EDSM",2017.00,10.00,"18-11-LSR01",10/10/2017 0:00:00,,,16.79,137.00,36.09,0.51,0.05
"EDSM",2017.00,10.00,"18-11-LSR01",10/10/2017 0:00:00,"E47","0047",16.79,137.00,36.09,0.51,0.05
"EDSM",2017.00,10.00,"18-11-LSR01",10/10/2017 0:00:00,"E50","0050",16.79,137.00,36.09,0.51,0.05
"EDSM",2017.00,10.00,"18-11-LSR01",10/10/2017 0:00:00,"E42","0042",16.79,137.00,36.09,0.51,0.05
"EDSM",2017.00,10.00,"18-11-LSR01",10/10/2017 0:00:00,"E41","0041",16.79,137.00,36.09,0.51,0.05
"EDSM",2017.00,10.00,"18-11-LSR01",10/10/2017 0:00:00,,,16.79,137.00,36.09,0.51,0.05
"EDSM",2017.00,10.00,"18-11-LSR01",10/10/2017 0:00:00,"E56","0056",16.79,137.00,36.09,0.51,0.05
"EDSM",2017.00,10.00,"18-11-LSR01",10/10/2017 0:00:00,,,16.79,137.00,36.09,0.51,0.05
"EDSM",2017.00,10.00,"18-11-LSR01",10/10/2017 0:00:00,"E48","0048",16.79,137.00,36.09,0.51,0.05
"EDSM",2017.00,10.00,"18-11-LSR01",10/10/2017 0:00:00,,,16.79,137.00,36.09,0.51,0.05
"EDSM",2017.00,10.00,"18-11-LSR01",10/10/2017 0:00:00,"E40","0040",16.79,137.00,36.09,0.51,0.05
"EDSM",2017.00,10.00,"18-11-LSR01",10/10/2017 0:00:00,"E58","0058",16.79,137.00,36.09,0.51,0.05
"EDSM",2017.00,10.00,"18-11-LSR01",10/10/2017 0:00:00,"E46","0046",16.79,137.00,36.09,0.51,0.05
"EDSM",2017.00,10.00,"18-11-LSR01",10/10/2017 0:00:00,"E45","0045",16.79,137.00,36.09,0.51,0.05
"EDSM",2017.00,10.00,"18-11-LSR01",10/10/2017 0:00:00,"E49","0049",16.79,137.00,36.09,0.51,0.05
"EDSM",2017.00,10.00,"18-11-LSR01",10/10/2017 0:00:00,"E51","0051",16.79,137.00,36.09,0.51,0.05
"EDSM",2017.00,10.00,"18-11-LSR01",10/10/2017 0:00:00,"E39","0039",16.79,137.00,36.09,0.51,0.05
"EDSM",2017.00,10.00,"18-11-LSR01",10/10/2017 0:00:00,"E43","0043",16.79,137.00,36.09,0.51,0.05
"EDSM",2017.00,10.00,"18-11-LSR01",10/10/2017 0:00:00,"E53","0053",16.79,137.00,36.09,0.51,0.05
"EDSM",2017.00,10.00,"18-11-LSR01",10/10/2017 0:00:00,"E55","0055",16.79,137.00,36.09,0.51,0.05
"EDSM",2017.00,10.00,"18-11-LSR01",10/10/2017 0:00:00,"E44","0044",16.79,137.00,36.09,0.51,0.05
"EDSM",2017.00,10.00,"18-11-LSR01",10/10/2017 0:00:00,"E52","0052",16.79,137.00,36.09,0.51,0.05
"EDSM",2017.00,10.00,"18-11-LSR01",10/10/2017 0:00:00,"E57","0057",16.79,137.00,36.09,0.51,0.05
"EDSM",2017.00,10.00,"18-11-LSR01",10/10/2017 0:00:00,,,16.79,137.00,36.09,0.51,0.05
"EDSM",2017.00,10.00,"18-11-LSR02",10/10/2017 0:00:00,"E59","0059",,,,,
"EDSM",2017.00,10.00,"18-11-LSR02",10/10/2017 0:00:00,"E60","0060",17.50,860.00,24.00,0.47,0.40
"EDSM",2017.00,10.00,"18-11-SM01",10/10/2017 0:00:00,"E176","0176",17.79,6903.00,44.90,0.28,3.76
"EDSM",2017.00,10.00,"18-12-SM01",10/17/2017 0:00:00,"E177","0177",17.00,8184.00,56.29,0.34,4.52
"EDSM",2017.00,10.00,"18-13-LSR01",10/23/2017 0:00:00,"E61","0061",16.20,868.00,23.70,0.41,0.40
"EDSM",2017.00,10.00,"18-13-HB01",10/25/2017 0:00:00,"E178","0178",16.89,4064.00,23.10,0.56,2.13
"EDSM",2017.00,10.00,"18-14-SM01",10/30/2017 0:00:00,"E179","0179",17.79,7524.00,33.09,0.44,4.13
"EDSM",2017.00,11.00,"18-15-LSR02",11/8/2017 0:00:00,"E62","0062",15.60,1664.00,17.60,0.68,0.81
"EDSM",2017.00,11.00,"18-17-LSR01",11/20/2017 0:00:00,"E63","0063",14.50,1433.00,39.00,0.63,0.69
"EDSM",2017.00,11.00,"18-18-SM01",11/27/2017 0:00:00,"E180","0180",14.39,8434.00,38.29,0.31,4.67
"EDSM",2017.00,11.00,"18-18-SM01",11/27/2017 0:00:00,"E181","0181",,,,,
"EDSM",2017.00,11.00,"18-18-SBM02",11/28/2017 0:00:00,"E182","0182",14.00,10196.00,16.89,0.63,5.73
"EDSM",2017.00,11.00,"18-18-HB01",11/28/2017 0:00:00,"E183","0183",14.19,5364.00,26.00,0.52,2.87
"EDSM",2017.00,12.00,"18-19-CS03",12/6/2017 0:00:00,,,10.50,125.50,29.39,0.58,0.05
"EDSM",2017.00,12.00,"18-20-GB01",12/11/2017 0:00:00,,,11.19,11954.00,64.19,0.25,6.80
"EDSM",2017.00,12.00,"18-20-SM02",12/11/2017 0:00:00,,,,,,,
"EDSM",2018.00,1.00,"18-23-LSSC03",1/4/2018 0:00:00,,,9.30,440.89,127.00,0.15,0.19
"EDSM",2018.00,1.00,"18-23-SM01",1/4/2018 0:00:00,,,9.69,8163.00,52.20,0.28,4.51
"EDSM",2018.00,1.00,"18-23-SM01",1/4/2018 0:00:00,,,9.89,7693.00,43.50,0.30,4.23
"EDSM",2018.00,1.00,"18-24-SM01",1/9/2018 0:00:00,,,10.30,5672.00,38.59,0.28,3.04
"EDSM",2018.00,1.00,"18-25-SM01",1/19/2018 0:00:00,,,11.19,1524.00,43.59,0.28,0.74
"EDSM",2018.00,1.00,"18-25-SM01",1/19/2018 0:00:00,,,11.19,1524.00,43.59,0.28,0.74
"EDSM",2018.00,1.00,"18-25-SM01",1/19/2018 0:00:00,,,11.30,1535.00,45.59,0.31,0.75
"EDSM",2018.00,1.00,"18-26-SM02",1/22/2018 0:00:00,,,10.50,2069.00,83.50,0.25,1.03
"EDSM",2018.00,1.00,"18-26-LSSC01",1/22/2018 0:00:00,,,10.19,353.20,79.69,0.23,0.15
"EDSM",2018.00,1.00,"18-27-LSR01",1/29/2018 0:00:00,,,10.69,202.69,14.69,0.79,0.08
"EDSM",2018.00,2.00,"18-29-RV02",2/14/2018 0:00:00,,,12.10,165.19,16.29,0.81,0.06
"EDSM",2018.00,2.00,"18-30-LSR01",2/20/2018 0:00:00,,,11.30,411.20,32.70,0.41,0.18
"EDSM",2018.00,2.00,"18-31-USSC01",2/26/2018 0:00:00,,,10.50,574.00,37.29,0.28,0.26
"EDSM",2018.00,3.00,"18-33-LSSC03",3/14/2018 0:00:00,,,12.00,528.00,31.29,0.37,0.23
"EDSM",2018.00,3.00,"18-33-SM03",3/15/2018 0:00:00,,,13.10,5004.00,103.00,0.18,2.66
"EDSM",2018.00,3.00,"18-34-LSSC02",3/19/2018 0:00:00,,,11.89,456.00,41.70,0.27,0.20
"EDSM",2018.00,3.00,"18-34-LSR02",3/22/2018 0:00:00,,,12.89,214.80,24.20,0.55,0.09
"EDSM",2018.00,6.00,"18-46-HB02",6/12/2018 0:00:00,"150",,20.00,4052.00,129.00,0.28,2.12
"EDSM",2018.00,6.00,"18-47-CF01",6/22/2018 0:00:00,,,21.20,1500.00,70.30,0.30,0.73
"EDSM",2018.00,7.00,"18-49-CF02",7/2/2018 0:00:00,"E300","0300",21.10,4735.00,36.09,0.57,2.51
"EDSM",2018.00,7.00,"18-49-CF01",7/2/2018 0:00:00,"E299","0299",21.29,5601.00,44.90,0.46,3.00
"EDSM",2018.00,7.00,"18-49-LSSC03",7/5/2018 0:00:00,"E65/18-F82","0065",22.39,507.00,38.29,0.34,0.22
"EDSM",2018.00,7.00,"18-49-LSSC03",7/5/2018 0:00:00,"E64/18-F81","0064",22.39,507.00,38.29,0.34,0.22
"EDSM",2018.00,7.00,"18-49-LSSC03",7/5/2018 0:00:00,"18-F83",,22.00,515.00,40.20,0.31,0.23
"EDSM",2018.00,7.00,"18-49-LSSC03",7/5/2018 0:00:00,"E67/18-F86","0067",22.00,515.00,40.20,0.31,0.23
"EDSM",2018.00,7.00,"18-49-LSSC03",7/5/2018 0:00:00,"E66/18-F84","0066",22.00,515.00,40.20,0.31,0.23
"EDSM",2018.00,7.00,"18-50-LSSC01",7/9/2018 0:00:00,"E150/18-F87","0150",22.79,681.00,36.59,0.36,0.31
"EDSM",2018.00,7.00,"18-50-LSSC01",7/9/2018 0:00:00,"E68/18-F85","0068",22.79,690.00,39.20,0.31,0.31
"EDSM",2018.00,7.00,"18-51-HB01",7/17/2018 0:00:00,"E184/18-F1","0184",20.70,10580.00,53.29,0.28,5.96
"EDSM",2018.00,7.00,"18-51-CF02",7/17/2018 0:00:00,"E185/18-F2","0185",21.39,4973.00,50.90,0.46,2.64
"EDSM",2018.00,7.00,"18-51-LSSC01",7/18/2018 0:00:00,"E69/18-F88","0069",23.70,683.00,44.29,0.23,0.31
"EDSM",2018.00,7.00,"18-51-LSSC04",7/19/2018 0:00:00,"E70/18-F89","0070",23.50,539.00,48.29,0.31,0.24
"EDSM",2018.00,7.00,"18-52-LSSC02",7/23/2018 0:00:00,"E71/18-F125","0071",24.10,713.00,34.00,0.38,0.33
"EDSM",2018.00,7.00,"18-52-LSSC05",7/23/2018 0:00:00,"E72","0072",24.10,708.00,33.09,0.36,0.32
"EDSM",2018.00,7.00,"18-52-LSSC03",7/24/2018 0:00:00,"E75","0075",23.29,266.00,28.29,0.49,0.11
"EDSM",2018.00,7.00,"18-52-LSSC03",7/24/2018 0:00:00,"E74","0074",23.29,266.00,28.29,0.49,0.11
"EDSM",2018.00,7.00,"18-52-LSSC03",7/24/2018 0:00:00,"E73","0073",23.29,266.00,28.29,0.49,0.11
"EDSM",2018.00,7.00,"18-52-LSSC03",7/24/2018 0:00:00,"E76","0076",23.29,275.29,29.20,0.44,0.11
"EDSM",2018.00,8.00,"19-01-LSSC01",8/1/2018 0:00:00,"E77/19-F137","0077",23.89,755.00,28.79,0.43,0.35
"EDSM",2018.00,8.00,"19-01-LSSC01",8/1/2018 0:00:00,"E78/19-F138","0078",23.89,755.00,28.79,0.43,0.35
"EDSM",2018.00,8.00,"19-01-USSC03",8/1/2018 0:00:00,"E79/19-F139","0079",24.10,828.00,23.79,0.50,0.38
"EDSM",2018.00,8.00,"19-01-USSC03",8/1/2018 0:00:00,"E80/19-F140","0080",24.10,836.00,20.60,0.51,0.39
"EDSM",2018.00,8.00,"19-02-LSSC02",8/8/2018 0:00:00,"E81/19-F141","0081",23.10,567.00,31.79,0.38,0.25
"EDSM",2018.00,8.00,"19-02-LSSC02",8/8/2018 0:00:00,"E82/19-F142","0082",23.10,567.00,31.79,0.38,0.25
"EDSM",2018.00,8.00,"19-03-LSR01",8/13/2018 0:00:00,"E301/19-F69","0301",21.70,5775.00,63.59,0.23,3.10
"EDSM",2018.00,8.00,"19-03-SM03",8/13/2018 0:00:00,"E298/19-F2","0298",21.60,7849.00,56.29,0.34,4.32
"EDSM",2018.00,8.00,"19-03-LSSC01",8/14/2018 0:00:00,"E84/19-F142","0084",22.70,329.89,19.10,0.64,0.14
"EDSM",2018.00,8.00,"19-03-LSSC01",8/14/2018 0:00:00,"E87/19-F145","0087",22.70,329.89,19.10,0.64,0.14
"EDSM",2018.00,8.00,"19-03-LSSC01",8/14/2018 0:00:00,"E83/19-F141","0083",22.70,329.89,19.10,0.64,0.14
"EDSM",2018.00,8.00,"19-03-LSSC01",8/14/2018 0:00:00,"E85/19-F143","0085",22.70,329.89,19.10,0.64,0.14
"EDSM",2018.00,8.00,"19-03-LSSC01",8/14/2018 0:00:00,"E86/19-F144","0086",22.70,329.89,19.10,0.64,0.14
"EDSM",2018.00,8.00,"19-03-SM05",8/14/2018 0:00:00,"E297/19-F1","0297",21.50,5701.00,54.90,0.30,3.06
"EDSM",2018.00,8.00,"19-04-SM01",8/20/2018 0:00:00,"E186/19-F3","0186",21.39,5514.00,40.50,0.46,2.95
"EDSM",2018.00,8.00,"19-04-SM01",8/20/2018 0:00:00,"E187/19-F4","0187",21.50,5655.00,31.50,0.43,3.03
"EDSM",2018.00,8.00,"19-04-LSSC03",8/20/2018 0:00:00,"E88","0088",22.60,580.00,49.90,0.21,0.26
"EDSM",2018.00,8.00,"19-04-LSSC05",8/20/2018 0:00:00,"E89/19-F146","0089",22.39,406.70,34.29,0.40,0.18
"EDSM",2018.00,8.00,"19-04-LSSC05",8/20/2018 0:00:00,"E90/19-F147","0090",22.70,394.79,31.79,0.37,0.17
"EDSM",2018.00,8.00,"19-04-GB01",8/21/2018 0:00:00,"E188/19-F5","0188",20.29,10921.00,,0.41,6.17
"EDSM",2018.00,8.00,"19-04-LSR01",8/22/2018 0:00:00,"E302/19-F70","0302",20.70,2392.00,43.29,0.51,1.20
"EDSM",2018.00,8.00,"19-04-LSR01",8/22/2018 0:00:00,"E305/19-F106","0305",20.70,2108.00,62.09,0.49,1.05
"EDSM",2018.00,8.00,"19-04-LSR01",8/22/2018 0:00:00,"E304/19-F107","0304",20.70,2108.00,62.09,0.49,1.05
"EDSM",2018.00,8.00,"19-04-LSR01",8/22/2018 0:00:00,"E303/19-F108","0303",20.70,2108.00,62.09,0.49,1.05
"EDSM",2018.00,8.00,"19-04-LSR03",8/22/2018 0:00:00,"E306/19-F105","0306",20.89,1046.00,60.90,0.47,0.49
"EDSM",2018.00,8.00,"19-05-LSSC05",8/27/2018 0:00:00,"E91/19-F148","0091",21.39,325.10,30.60,0.31,0.14
"EDSM",2018.00,8.00,"19-05-LSSC05",8/27/2018 0:00:00,"E95/19-F152","0095",21.50,321.00,29.39,0.40,0.14
"EDSM",2018.00,8.00,"19-05-LSSC05",8/27/2018 0:00:00,"E97/19-F154","0097",21.50,321.00,29.39,0.40,0.14
"EDSM",2018.00,8.00,"19-05-LSSC05",8/27/2018 0:00:00,"E96/19-F153","0096",21.50,321.00,29.39,0.40,0.14
"EDSM",2018.00,8.00,"19-05-LSSC05",8/27/2018 0:00:00,"E94/19-F150","0094",21.50,321.00,29.39,0.40,0.14
"EDSM",2018.00,8.00,"19-05-LSSC05",8/27/2018 0:00:00,"E92/19-F151","0092",21.50,321.00,29.39,0.40,0.14
"EDSM",2018.00,8.00,"19-05-LSSC05",8/27/2018 0:00:00,"E93/19-F149","0093",21.50,321.00,29.39,0.40,0.14
"EDSM",2018.00,9.00,"19-06-SM04",9/6/2018 0:00:00,"E189/19-F6","0189",19.70,9519.00,105.00,0.20,5.32
"EDSM",2018.00,9.00,"19-06-GB01",9/7/2018 0:00:00,"E190/19-F7","0190",19.29,12772.00,76.09,0.18,7.31
"EDSM",2018.00,9.00,"19-07-LSSC02",9/10/2018 0:00:00,"E115","0115",21.50,406.20,32.09,0.33,0.18
"EDSM",2018.00,9.00,"19-07-LSSC02",9/10/2018 0:00:00,"E103/19-F160","0103",21.50,406.20,32.09,0.33,0.18
"EDSM",2018.00,9.00,"19-07-LSSC02",9/10/2018 0:00:00,"E117","0117",21.50,406.20,32.09,0.33,0.18
"EDSM",2018.00,9.00,"19-07-LSSC02",9/10/2018 0:00:00,"E105/19-F162","0105",21.50,406.20,32.09,0.33,0.18
"EDSM",2018.00,9.00,"19-07-LSSC02",9/10/2018 0:00:00,"E110/19-F167","0110",21.50,406.20,32.09,0.33,0.18
"EDSM",2018.00,9.00,"19-07-LSSC02",9/10/2018 0:00:00,"E113/19-F170","0113",21.50,406.20,32.09,0.33,0.18
"EDSM",2018.00,9.00,"19-07-LSSC02",9/10/2018 0:00:00,"E114/19-F171","0114",21.50,406.20,32.09,0.33,0.18
"EDSM",2018.00,9.00,"19-07-LSSC02",9/10/2018 0:00:00,"E108/19-F165","0108",21.50,406.20,32.09,0.33,0.18
"EDSM",2018.00,9.00,"19-07-LSSC02",9/10/2018 0:00:00,"E111/19-F168","0111",21.50,406.20,32.09,0.33,0.18
"EDSM",2018.00,9.00,"19-07-LSSC02",9/10/2018 0:00:00,"E109/19-F166","0109",21.50,406.20,32.09,0.33,0.18
"EDSM",2018.00,9.00,"19-07-LSSC02",9/10/2018 0:00:00,"E112/19-F169","0112",21.50,406.20,32.09,0.33,0.18
"EDSM",2018.00,9.00,"19-07-LSSC02",9/10/2018 0:00:00,"E116","0116",21.50,406.20,32.09,0.33,0.18
"EDSM",2018.00,9.00,"19-07-LSSC02",9/10/2018 0:00:00,"E104/19-F161","0104",21.50,406.20,32.09,0.33,0.18
"EDSM",2018.00,9.00,"19-07-LSSC02",9/10/2018 0:00:00,"E106/19-F163","0106",21.50,406.20,32.09,0.33,0.18
"EDSM",2018.00,9.00,"19-07-LSSC02",9/10/2018 0:00:00,"E107/19-F164","0107",21.50,406.20,32.09,0.33,0.18
"EDSM",2018.00,9.00,"19-07-LSSC02",9/10/2018 0:00:00,"E100/19-F157","0100",21.39,395.79,29.60,0.36,0.17
"EDSM",2018.00,9.00,"19-07-LSSC02",9/10/2018 0:00:00,"E98/19-F155","0098",21.39,395.79,29.60,0.36,0.17
"EDSM",2018.00,9.00,"19-07-LSSC02",9/10/2018 0:00:00,"E99/19-F156","0099",21.39,395.79,29.60,0.36,0.17
"EDSM",2018.00,9.00,"19-07-LSSC02",9/10/2018 0:00:00,"E101/19-F158","0101",21.39,395.79,29.60,0.36,0.17
"EDSM",2018.00,9.00,"19-07-LSSC02",9/10/2018 0:00:00,"E102/19-F159","0102",21.39,395.79,29.60,0.36,0.17
"EDSM",2018.00,9.00,"19-07-LSSC06",9/11/2018 0:00:00,"E121/19-F175","0121",21.29,351.39,23.29,0.55,0.15
"EDSM",2018.00,9.00,"19-07-LSSC06",9/11/2018 0:00:00,"E118/19-F172","0118",21.29,351.39,23.29,0.55,0.15
"EDSM",2018.00,9.00,"19-07-LSSC06",9/11/2018 0:00:00,"E120/19-F174","0120",21.29,351.39,23.29,0.55,0.15
"EDSM",2018.00,9.00,"19-07-LSSC06",9/11/2018 0:00:00,"E119/19-F173","0119",21.29,351.39,23.29,0.55,0.15
"EDSM",2018.00,9.00,"19-08-LSR02",9/17/2018 0:00:00,"E314/19-F78","0314",19.50,1493.00,19.79,0.43,0.72
"EDSM",2018.00,9.00,"19-08-LSR02",9/17/2018 0:00:00,"E313/19-F77","0313",19.50,1493.00,19.79,0.43,0.72
"EDSM",2018.00,9.00,"19-08-LSR02",9/17/2018 0:00:00,"E312/19-F76","0312",19.50,1493.00,19.79,0.43,0.72
"EDSM",2018.00,9.00,"19-08-LSR02",9/17/2018 0:00:00,"E310/19-F74","0310",19.50,1493.00,19.79,0.43,0.72
"EDSM",2018.00,9.00,"19-08-LSR02",9/17/2018 0:00:00,"E308/19-F72","0308",19.50,1493.00,19.79,0.43,0.72
"EDSM",2018.00,9.00,"19-08-LSR02",9/17/2018 0:00:00,"E309/19-F73","0309",19.50,1493.00,19.79,0.43,0.72
"EDSM",2018.00,9.00,"19-08-LSR02",9/17/2018 0:00:00,"E311/19-F75","0311",19.50,1493.00,19.79,0.43,0.72
"EDSM",2018.00,9.00,"19-08-LSR02",9/17/2018 0:00:00,"E307","0307",19.50,1493.00,19.79,0.43,0.72
"EDSM",2018.00,9.00,"19-08-LSR02",9/17/2018 0:00:00,"E316/19-F79","0316",19.60,1701.00,23.29,0.46,0.83
"EDSM",2018.00,9.00,"19-08-LSR02",9/17/2018 0:00:00,"E317/19-F80","0317",19.60,1701.00,23.29,0.46,0.83
"EDSM",2018.00,9.00,"19-08-LSR02",9/17/2018 0:00:00,"E318/19-F81","0318",19.60,1701.00,23.29,0.46,0.83
"EDSM",2018.00,9.00,"19-08-LSR02",9/17/2018 0:00:00,"E319/19-F82","0319",19.60,1701.00,23.29,0.46,0.83
"EDSM",2018.00,9.00,"19-08-LSR02",9/17/2018 0:00:00,"E315","0315",19.60,1701.00,23.29,0.46,0.83
"EDSM",2018.00,9.00,"19-08-LSSC03",9/20/2018 0:00:00,"E122/19-F176","0122",20.20,417.50,18.79,0.44,0.18
"EDSM",2018.00,9.00,"19-08-LSSC03",9/20/2018 0:00:00,"E123/19-F177","0123",20.20,417.50,18.79,0.44,0.18
"EDSM",2018.00,9.00,"19-09-LSR02",9/24/2018 0:00:00,,,19.60,4732.00,15.19,0.57,2.50
"EDSM",2018.00,9.00,"19-09-LSR02",9/24/2018 0:00:00,,,19.60,4732.00,15.19,0.57,2.50
"EDSM",2018.00,9.00,"19-09-LSR02",9/24/2018 0:00:00,,,19.60,4732.00,15.19,0.57,2.50
"EDSM",2018.00,9.00,"19-09-LSR02",9/24/2018 0:00:00,"E320/19-F83","0320",,,,,
"EDSM",2018.00,9.00,"19-09-LSSC05",9/26/2018 0:00:00,"E127","0127",20.70,388.29,40.50,0.31,0.17
"EDSM",2018.00,9.00,"19-09-LSSC05",9/26/2018 0:00:00,"E126","0126",20.70,388.29,40.50,0.31,0.17
"EDSM",2018.00,9.00,"19-09-LSSC05",9/26/2018 0:00:00,"E125","0125",20.70,388.29,40.50,0.31,0.17
"EDSM",2018.00,9.00,"19-09-LSSC05",9/26/2018 0:00:00,"E128","0128",20.70,388.29,40.50,0.31,0.17
"EDSM",2018.00,9.00,"19-09-LSSC05",9/26/2018 0:00:00,"E124","0124",20.70,388.29,40.50,0.31,0.17
"EDSM",2018.00,9.00,"19-09-LSSC02",9/27/2018 0:00:00,"E133","0133",20.79,431.29,33.40,0.38,0.19
"EDSM",2018.00,9.00,"19-09-LSSC02",9/27/2018 0:00:00,"E132","0132",20.79,431.29,33.40,0.38,0.19
"EDSM",2018.00,9.00,"19-09-LSSC02",9/27/2018 0:00:00,"E131","0131",20.79,431.29,33.40,0.38,0.19
"EDSM",2018.00,9.00,"19-09-LSSC02",9/27/2018 0:00:00,"E129","0129",20.79,431.29,33.40,0.38,0.19
"EDSM",2018.00,9.00,"19-09-LSSC02",9/27/2018 0:00:00,"E135","0135",20.79,431.29,33.40,0.38,0.19
"EDSM",2018.00,9.00,"19-09-LSSC02",9/27/2018 0:00:00,"E134","0134",20.79,431.29,33.40,0.38,0.19
"EDSM",2018.00,9.00,"19-09-LSSC02",9/27/2018 0:00:00,"E130","0130",20.79,431.29,33.40,0.38,0.19
"EDSM",2018.00,10.00,"19-10-LSSC01",10/4/2018 0:00:00,"E136","0136",20.60,509.00,21.89,0.37,0.23
"EDSM",2018.00,10.00,"19-10-LSSC01",10/4/2018 0:00:00,"E137","0137",20.60,509.00,21.89,0.37,0.23
"EDSM",2018.00,10.00,"19-10-LSSC01",10/4/2018 0:00:00,"E138","0138",20.60,509.00,21.89,0.37,0.23
"EDSM",2018.00,10.00,"19-10-LSSC01",10/4/2018 0:00:00,"E139","0139",20.60,509.00,21.89,0.37,0.23
"EDSM",2018.00,10.00,"19-11-LSSC06",10/9/2018 0:00:00,"E140","0140",19.39,560.00,65.19,0.18,0.25
"EDSM",2018.00,10.00,"19-11-LSSC03",10/9/2018 0:00:00,"E141","0141",19.39,531.00,78.19,0.18,0.24
"EDSM",2018.00,10.00,"19-11-LSSC03",10/9/2018 0:00:00,"E142","0142",19.39,543.00,71.00,0.18,0.24
"EDSM",2018.00,10.00,"19-11-LSR01",10/9/2018 0:00:00,"E322","0322",18.70,4065.00,16.10,0.94,2.13
"EDSM",2018.00,10.00,"19-11-LSR01",10/9/2018 0:00:00,"E323","0323",18.70,4065.00,16.10,0.94,2.13
"EDSM",2018.00,10.00,"19-11-LSR01",10/9/2018 0:00:00,"E321","0321",18.70,4065.00,16.10,0.94,2.13
"EDSM",2018.00,10.00,"19-11-LSR01",10/9/2018 0:00:00,"E324","0324",18.70,4065.00,16.10,0.94,2.13
"EDSM",2018.00,10.00,"19-12-LSSC03",10/17/2018 0:00:00,"E143","0143",18.29,538.00,36.20,0.37,0.24
"EDSM",2018.00,10.00,"19-12-LSSC04",10/17/2018 0:00:00,"E148","0148",18.50,347.89,42.40,0.34,0.15
"EDSM",2018.00,10.00,"19-12-LSSC04",10/17/2018 0:00:00,"E149","0149",18.50,347.89,42.40,0.34,0.15
"EDSM",2018.00,10.00,"19-12-LSSC04",10/17/2018 0:00:00,"E146","0146",18.50,347.89,42.40,0.34,0.15
"EDSM",2018.00,10.00,"19-12-LSSC04",10/17/2018 0:00:00,"E397","0397",18.50,347.89,42.40,0.34,0.15
"EDSM",2018.00,10.00,"19-12-LSSC04",10/17/2018 0:00:00,"E144","0144",18.50,347.89,42.40,0.34,0.15
"EDSM",2018.00,10.00,"19-12-LSSC04",10/17/2018 0:00:00,"E145","0145",18.50,347.89,42.40,0.34,0.15
"EDSM",2018.00,10.00,"19-12-LSSC04",10/17/2018 0:00:00,"E147","0147",18.50,347.89,42.40,0.34,0.15
"EDSM",2018.00,10.00,"19-12-LSSC04",10/17/2018 0:00:00,"E399","0399",18.10,337.70,49.20,0.28,0.14
"EDSM",2018.00,10.00,"19-12-LSSC04",10/17/2018 0:00:00,"E402","0402",18.10,337.70,49.20,0.28,0.14
"EDSM",2018.00,10.00,"19-12-LSSC04",10/17/2018 0:00:00,"E403","0403",18.10,337.70,49.20,0.28,0.14
"EDSM",2018.00,10.00,"19-12-LSSC04",10/17/2018 0:00:00,"E400","0400",18.10,337.70,49.20,0.28,0.14
"EDSM",2018.00,10.00,"19-12-LSSC04",10/17/2018 0:00:00,"E401","0401",18.10,337.70,49.20,0.28,0.14
"EDSM",2018.00,10.00,"19-12-LSSC04",10/17/2018 0:00:00,"E406","0406",18.10,337.70,49.20,0.28,0.14
"EDSM",2018.00,10.00,"19-12-LSSC04",10/17/2018 0:00:00,"E404","0404",18.10,337.70,49.20,0.28,0.14
"EDSM",2018.00,10.00,"19-12-LSSC04",10/17/2018 0:00:00,"E398","0398",18.10,337.70,49.20,0.28,0.14
"EDSM",2018.00,10.00,"19-12-LSSC04",10/17/2018 0:00:00,"E405","0405",18.10,337.70,49.20,0.28,0.14
"EDSM",2018.00,10.00,"19-14-LSR03",10/29/2018 0:00:00,"E325","0325",17.20,6838.00,11.89,0.76,3.72
"EDSM",2018.00,10.00,"19-14-LSR02",10/30/2018 0:00:00,"E326","0326",17.00,2606.00,24.60,0.46,1.32
"EDSM",2018.00,10.00,"19-14-LSSC03",10/31/2018 0:00:00,"E407","0407",17.10,678.00,32.40,0.40,0.31
"EDSM",2018.00,10.00,"19-14-USSC01",10/31/2018 0:00:00,"E408","0408",17.39,739.00,20.70,0.50,0.34
"EDSM",2018.00,11.00,"19-14-LSSC06",11/1/2018 0:00:00,"E410","0410",16.89,580.00,20.70,0.34,0.26
"EDSM",2018.00,11.00,"19-14-LSSC06",11/1/2018 0:00:00,"E412","0412",16.89,580.00,20.70,0.34,0.26
"EDSM",2018.00,11.00,"19-14-LSSC06",11/1/2018 0:00:00,"E411","0411",16.89,580.00,20.70,0.34,0.26
"EDSM",2018.00,11.00,"19-14-LSSC06",11/1/2018 0:00:00,"E409","0409",16.89,580.00,20.70,0.34,0.26
"EDSM",2018.00,11.00,"19-15-LSSC01",11/7/2018 0:00:00,"E413","0413",16.39,494.00,26.70,0.36,0.22
"EDSM",2018.00,11.00,"19-15-LSSC01",11/7/2018 0:00:00,"E414","0414",16.50,519.00,31.39,0.37,0.23
"EDSM",2018.00,11.00,"19-15-SM01",11/7/2018 0:00:00,"E191","0191",16.89,8411.00,30.10,0.40,4.65
"EDSM",2018.00,11.00,"19-15-SM04",11/8/2018 0:00:00,"E192","0192",16.29,10741.00,52.09,0.33,6.06
"EDSM",2018.00,11.00,"19-17-LSSC02",11/21/2018 0:00:00,"E416","0416",12.60,488.00,40.20,0.34,0.21
"EDSM",2018.00,11.00,"19-18-SM02",11/26/2018 0:00:00,"E193","0193",12.60,10239.00,51.79,0.25,5.75
"EDSM",2018.00,11.00,"19-18-LSR03",11/29/2018 0:00:00,"E395","0395",13.19,6312.00,14.00,0.94,3.42
"EDSM",2018.00,11.00,"19-18-LSR03",11/29/2018 0:00:00,"E396","0396",13.19,6475.00,17.00,0.81,3.51
"EDSM",2018.00,12.00,"19-19-LSSC03",12/3/2018 0:00:00,,,12.10,308.70,33.20,0.43,0.13
"EDSM",2018.00,12.00,"19-19-LSSC03",12/3/2018 0:00:00,,,12.10,308.70,33.20,0.43,0.13
"EDSM",2018.00,12.00,"19-19-LSSC03",12/3/2018 0:00:00,,,12.10,295.39,30.50,0.40,0.12
"EDSM",2018.00,12.00,"19-19-LSSC03",12/3/2018 0:00:00,,,12.10,295.39,30.50,0.40,0.12
"EDSM",2018.00,12.00,"19-20-LSR02",12/10/2018 0:00:00,,,11.39,973.00,9.44,0.98,0.46
"EDSM",2018.00,12.00,"19-20-LSSC03",12/13/2018 0:00:00,,,11.10,387.10,92.50,0.34,0.17
"EDSM",2018.00,12.00,"19-21-LSSC02",12/17/2018 0:00:00,,,11.10,489.00,73.00,0.20,0.22
"EDSM",2018.00,12.00,"19-21-SM02",12/20/2018 0:00:00,,,,,,,
"EDSM",2018.00,12.00,"19-22-SM04",12/28/2018 0:00:00,,,10.39,12684.00,57.00,0.28,7.25
"EDSM",2018.00,12.00,"19-22-SM02",12/28/2018 0:00:00,,,10.60,7948.00,114.00,0.17,4.38
"EDSM",2018.00,12.00,"19-22-LSSC02",12/28/2018 0:00:00,,,10.30,205.30,23.39,0.40,0.08
"EDSM",2018.00,12.00,"19-22-LSSC01",12/28/2018 0:00:00,,,10.30,443.89,103.00,0.21,0.19
"EDSM",2018.00,12.00,"19-23-LSSC02",12/31/2018 0:00:00,,,9.60,187.00,28.29,0.46,0.07
"EDSM",2019.00,1.00,"19-24-LSR01",1/7/2019 0:00:00,,,8.60,2225.00,19.29,0.70,1.11
"EDSM",2019.00,1.00,"19-24-SM02",1/8/2019 0:00:00,,,8.60,4875.00,72.19,0.20,2.59
"EDSM",2019.00,1.00,"19-25-LSR02",1/16/2019 0:00:00,,,10.30,121.50,43.20,0.34,0.04
"EDSM",2019.00,1.00,"19-25-LSR01",1/16/2019 0:00:00,,,10.30,124.19,39.59,0.41,0.05
"EDSM",2019.00,1.00,"19-25-LSSC03",1/17/2019 0:00:00,,,9.69,329.70,,0.28,0.14
"EDSM",2019.00,1.00,"19-25-LSSC02",1/17/2019 0:00:00,,,9.89,553.00,122.00,0.15,0.25
"EDSM",2019.00,1.00,"19-26-LSSC03",1/22/2019 0:00:00,,,10.39,209.80,65.50,0.21,0.08
"EDSM",2019.00,1.00,"19-26-LSSC03",1/22/2019 0:00:00,,,10.30,217.30,66.80,0.23,0.09
"EDSM",2019.00,1.00,"19-27-SM03",1/28/2019 0:00:00,,,10.89,913.00,80.40,0.20,0.43
"EDSM",2019.00,1.00,"19-27-HB01",1/29/2019 0:00:00,,,11.00,290.60,68.50,0.20,0.12
"EDSM",2019.00,1.00,"19-27-SJT03",1/29/2019 0:00:00,,,11.00,256.39,33.09,0.40,0.11
"EDSM",2019.00,1.00,"19-27-RV01",1/29/2019 0:00:00,,,10.60,153.69,32.00,0.44,0.06
"EDSM",2019.00,1.00,"19-27-CS02",1/30/2019 0:00:00,,,11.60,264.00,22.89,0.49,0.11
"EDSM",2019.00,1.00,"19-27-LSSC02",1/31/2019 0:00:00,,,11.30,219.30,30.50,0.55,0.09
"EDSM",2019.00,1.00,"19-27-LSSC01",1/31/2019 0:00:00,,,11.80,251.39,24.79,0.55,0.10
"EDSM",2019.00,1.00,"19-27-LSSC03",1/31/2019 0:00:00,,,10.89,304.70,55.29,0.31,0.13
"EDSM",2019.00,1.00,"19-27-USSC01",1/31/2019 0:00:00,,,11.19,571.00,28.29,0.40,0.26
"EDSM",2019.00,2.00,"19-28-SM02",2/7/2019 0:00:00,,,10.89,1606.00,97.59,0.20,0.78
"EDSM",2019.00,2.00,"19-29-LSSC03",2/11/2019 0:00:00,,,10.30,275.29,71.59,0.21,0.11
"EDSM",2019.00,2.00,"19-29-LSSC02",2/11/2019 0:00:00,,,10.10,423.29,75.19,0.25,0.18
"EDSM",2019.00,2.00,"19-29-LSR01",2/12/2019 0:00:00,,,9.50,137.00,35.79,0.51,0.05
"EDSM",2019.00,2.00,"19-30-SBW01",2/21/2019 0:00:00,,,8.89,346.70,228.00,0.10,0.15
"EDSM",2019.00,2.00,"19-31-LSSC01",2/25/2019 0:00:00,,,9.50,212.60,70.30,0.25,0.09
"EDSM",2019.00,2.00,"19-31-LSSC01",2/25/2019 0:00:00,,,9.60,221.30,74.50,0.25,0.09
"EDSM",2019.00,6.00,"19-45-LSSC05",6/5/2019 0:00:00,"2256","2256",21.30,442.80,25.70,0.42,0.19
"EDSM",2019.00,6.00,"19-47-LSSC03",6/18/2019 0:00:00,"1321","1321",21.90,354.50,37.10,0.30,0.15
"EDSM",2019.00,6.00,"19-47-LSSC01",6/19/2019 0:00:00,"412","0412",22.60,741.00,38.40,0.32,0.34
"EDSM",2019.00,6.00,"19-47-USSC04",6/19/2019 0:00:00,,,23.90,905.00,18.30,0.50,0.42
"EDSM",2019.00,7.00,"19-49-LSSC03",7/3/2019 0:00:00,"E417","0417",23.10,835.00,28.00,0.68,0.39
"EDSM",2019.00,7.00,"19-49-LSSC03",7/3/2019 0:00:00,"E418","0418",23.20,849.00,26.39,0.67,0.39
"EDSM",2019.00,7.00,"19-49-SM01",7/3/2019 0:00:00,"E328","0328",21.79,928.00,49.79,0.30,0.43
"EDSM",2019.00,7.00,"19-49-SM01",7/3/2019 0:00:00,"E327","0327",21.79,928.00,49.79,0.30,0.43
"EDSM",2019.00,7.00,"19-49-LSSC01",7/3/2019 0:00:00,,,22.39,576.00,37.70,0.49,0.26
"EDSM",2019.00,7.00,"19-49-LSSC01",7/3/2019 0:00:00,"E438","0438",22.39,576.00,37.70,0.49,0.26
"EDSM",2019.00,7.00,"19-49-LSSC01",7/3/2019 0:00:00,"E440","0440",22.39,576.00,37.70,0.49,0.26
"EDSM",2019.00,7.00,"19-49-LSSC01",7/3/2019 0:00:00,"E445","0445",22.39,576.00,37.70,0.49,0.26
"EDSM",2019.00,7.00,"19-49-LSSC01",7/3/2019 0:00:00,"E446","0446",22.39,576.00,37.70,0.49,0.26
"EDSM",2019.00,7.00,"19-49-LSSC01",7/3/2019 0:00:00,"E424","0424",22.39,576.00,37.70,0.49,0.26
"EDSM",2019.00,7.00,"19-49-LSSC01",7/3/2019 0:00:00,"E426","0426",22.39,576.00,37.70,0.49,0.26
"EDSM",2019.00,7.00,"19-49-LSSC01",7/3/2019 0:00:00,,,22.39,576.00,37.70,0.49,0.26
"EDSM",2019.00,7.00,"19-49-LSSC01",7/3/2019 0:00:00,"E431","0431",22.39,576.00,37.70,0.49,0.26
"EDSM",2019.00,7.00,"19-49-LSSC01",7/3/2019 0:00:00,"E432","0432",22.39,576.00,37.70,0.49,0.26
"EDSM",2019.00,7.00,"19-49-LSSC01",7/3/2019 0:00:00,"E433","0433",22.39,576.00,37.70,0.49,0.26
"EDSM",2019.00,7.00,"19-49-LSSC01",7/3/2019 0:00:00,"E444","0444",22.39,576.00,37.70,0.49,0.26
"EDSM",2019.00,7.00,"19-49-LSSC01",7/3/2019 0:00:00,"E447","0447",22.39,576.00,37.70,0.49,0.26
"EDSM",2019.00,7.00,"19-49-LSSC01",7/3/2019 0:00:00,"E441","0441",22.39,576.00,37.70,0.49,0.26
"EDSM",2019.00,7.00,"19-49-LSSC01",7/3/2019 0:00:00,"E442","0442",22.39,576.00,37.70,0.49,0.26
"EDSM",2019.00,7.00,"19-49-LSSC01",7/3/2019 0:00:00,"E425","0425",22.39,576.00,37.70,0.49,0.26
"EDSM",2019.00,7.00,"19-49-LSSC01",7/3/2019 0:00:00,"E427","0427",22.39,576.00,37.70,0.49,0.26
"EDSM",2019.00,7.00,"19-49-LSSC01",7/3/2019 0:00:00,"E435","0435",22.39,576.00,37.70,0.49,0.26
"EDSM",2019.00,7.00,"19-49-LSSC01",7/3/2019 0:00:00,"E436","0436",22.39,576.00,37.70,0.49,0.26
"EDSM",2019.00,7.00,"19-49-LSSC01",7/3/2019 0:00:00,"E423","0423",22.39,576.00,37.70,0.49,0.26
"EDSM",2019.00,7.00,"19-49-LSSC01",7/3/2019 0:00:00,"E434","0434",22.39,576.00,37.70,0.49,0.26
"EDSM",2019.00,7.00,"19-49-LSSC01",7/3/2019 0:00:00,"E439","0439",22.39,576.00,37.70,0.49,0.26
"EDSM",2019.00,7.00,"19-49-LSSC01",7/3/2019 0:00:00,"E437","0437",22.39,576.00,37.70,0.49,0.26
"EDSM",2019.00,7.00,"19-49-LSSC01",7/3/2019 0:00:00,"E422","0422",22.39,576.00,37.70,0.49,0.26
"EDSM",2019.00,7.00,"19-49-LSSC01",7/3/2019 0:00:00,"E428","0428",22.39,576.00,37.70,0.49,0.26
"EDSM",2019.00,7.00,"19-49-LSSC01",7/3/2019 0:00:00,"E429","0429",22.39,576.00,37.70,0.49,0.26
"EDSM",2019.00,7.00,"19-49-LSSC01",7/3/2019 0:00:00,"E443","0443",22.39,576.00,37.70,0.49,0.26
"EDSM",2019.00,7.00,"19-49-LSSC01",7/3/2019 0:00:00,"E430","0430",22.39,576.00,37.70,0.49,0.26
"EDSM",2019.00,7.00,"19-49-LSSC01",7/3/2019 0:00:00,"E421","0421",22.50,566.00,36.50,0.56,0.25
"EDSM",2019.00,7.00,"19-49-LSSC01",7/3/2019 0:00:00,"E420","0420",22.50,566.00,36.50,0.56,0.25
"EDSM",2019.00,7.00,"19-49-LSSC01",7/3/2019 0:00:00,"E419","0419",22.50,566.00,36.50,0.56,0.25
"EDSM",2019.00,7.00,"19-49-LSSC02",7/3/2019 0:00:00,"E450","0450",22.70,464.50,38.20,0.56,0.20
"EDSM",2019.00,7.00,"19-49-LSSC02",7/3/2019 0:00:00,"E449","0449",22.70,464.50,38.20,0.56,0.20
"EDSM",2019.00,7.00,"19-49-LSSC02",7/3/2019 0:00:00,"E451","0451",22.70,464.50,38.20,0.56,0.20
"EDSM",2019.00,7.00,"19-49-LSSC02",7/3/2019 0:00:00,"E452","0452",22.70,464.50,38.20,0.56,0.20
"EDSM",2019.00,7.00,"19-49-LSSC02",7/3/2019 0:00:00,"E448","0448",22.70,464.50,38.20,0.56,0.20
"EDSM",2019.00,7.00,"19-49-LSSC02",7/3/2019 0:00:00,"E454","0454",22.60,507.39,40.20,0.51,0.22
"EDSM",2019.00,7.00,"19-49-LSSC02",7/3/2019 0:00:00,"E455","0455",22.60,507.39,40.20,0.51,0.22
"EDSM",2019.00,7.00,"19-49-LSSC02",7/3/2019 0:00:00,"E456","0456",22.60,507.39,40.20,0.51,0.22
"EDSM",2019.00,7.00,"19-49-LSSC02",7/3/2019 0:00:00,"E458","0458",22.60,507.39,40.20,0.51,0.22
"EDSM",2019.00,7.00,"19-49-LSSC02",7/3/2019 0:00:00,"E457","0457",22.60,507.39,40.20,0.51,0.22
"EDSM",2019.00,7.00,"19-49-LSSC02",7/3/2019 0:00:00,"E453","0453",22.60,507.39,40.20,0.51,0.22
"EDSM",2019.00,7.00,"19-49-LSSC02",7/3/2019 0:00:00,"E459","0459",22.60,507.39,40.20,0.51,0.22
"EDSM",2019.00,7.00,"19-49-LSSC05",7/5/2019 0:00:00,,,22.60,528.00,27.20,0.38,0.23
"EDSM",2019.00,7.00,"19-49-LSSC05",7/5/2019 0:00:00,,,22.60,528.00,27.20,0.38,0.23
"EDSM",2019.00,7.00,"19-49-LSSC05",7/5/2019 0:00:00,,,22.60,528.00,27.20,0.38,0.23
"EDSM",2019.00,7.00,"19-49-LSSC05",7/5/2019 0:00:00,,,22.60,528.00,27.20,0.38,0.23
"EDSM",2019.00,7.00,"19-49-LSSC05",7/5/2019 0:00:00,,,22.60,546.00,30.20,0.43,0.24
"EDSM",2019.00,7.00,"19-49-LSSC05",7/5/2019 0:00:00,,,22.60,546.00,30.20,0.43,0.24
"EDSM",2019.00,7.00,"19-49-LSSC05",7/5/2019 0:00:00,,,22.60,546.00,30.20,0.43,0.24
"EDSM",2019.00,7.00,"19-49-LSSC05",7/5/2019 0:00:00,,,22.60,546.00,30.20,0.43,0.24
"EDSM",2019.00,7.00,"19-49-LSSC05",7/5/2019 0:00:00,,,22.60,546.00,30.20,0.43,0.24
"EDSM",2019.00,7.00,"19-49-LSSC05",7/5/2019 0:00:00,,,22.60,546.00,30.20,0.43,0.24
"EDSM",2019.00,7.00,"19-49-LSSC05",7/5/2019 0:00:00,,,,,,,
"EDSM",2019.00,7.00,"19-49-SBM02",7/5/2019 0:00:00,"E194","0194",20.70,4930.00,47.09,0.28,2.62
"EDSM",2019.00,7.00,"19-50-LSSC03",7/8/2019 0:00:00,"E556","0556",22.10,238.80,23.60,0.81,0.10
"EDSM",2019.00,7.00,"19-50-LSSC03",7/8/2019 0:00:00,"E555","0555",22.10,238.80,23.60,0.81,0.10
"EDSM",2019.00,7.00,"19-50-LSSC03",7/8/2019 0:00:00,"E558","0558",22.10,238.80,23.60,0.81,0.10
"EDSM",2019.00,7.00,"19-50-LSSC03",7/8/2019 0:00:00,"E557","0557",22.10,238.80,23.60,0.81,0.10
"EDSM",2019.00,7.00,"19-50-LSSC02",7/8/2019 0:00:00,"E559","0559",22.29,522.00,50.40,0.52,0.23
"EDSM",2019.00,7.00,"19-50-LSSC02",7/8/2019 0:00:00,"E562","0562",22.29,522.00,50.40,0.52,0.23
"EDSM",2019.00,7.00,"19-50-LSSC02",7/8/2019 0:00:00,"E560","0560",22.29,522.00,50.40,0.52,0.23
"EDSM",2019.00,7.00,"19-50-LSSC02",7/8/2019 0:00:00,"E340","0340",22.29,522.00,50.40,0.52,0.23
"EDSM",2019.00,7.00,"19-50-LSSC02",7/8/2019 0:00:00,"E563","0563",22.29,522.00,50.40,0.52,0.23
"EDSM",2019.00,7.00,"19-50-LSSC02",7/8/2019 0:00:00,"E564","0564",22.29,522.00,50.40,0.52,0.23
"EDSM",2019.00,7.00,"19-50-LSSC02",7/8/2019 0:00:00,"E561","0561",22.29,522.00,50.40,0.52,0.23
"EDSM",2019.00,7.00,"19-50-LSSC05",7/9/2019 0:00:00,"E554","0554",22.20,504.00,39.00,0.36,0.22
"EDSM",2019.00,7.00,"19-50-LSSC05",7/9/2019 0:00:00,"E341","0341",22.20,504.00,39.00,0.36,0.22
"EDSM",2019.00,7.00,"19-50-SM03",7/9/2019 0:00:00,"E329","0329",22.60,3883.00,75.50,0.18,2.02
"EDSM",2019.00,7.00,"19-50-CS05",7/10/2019 0:00:00,"E460","0460",21.20,143.19,13.00,1.07,0.05
"EDSM",2019.00,7.00,"19-50-SBM01",7/10/2019 0:00:00,"E330","0330",20.79,6663.00,56.29,0.20,3.62
"EDSM",2019.00,7.00,"19-51-HB01",7/15/2019 0:00:00,"E195","0195",,,,,
"EDSM",2019.00,7.00,"19-51-LSSC02",7/15/2019 0:00:00,"E553","0553",24.10,845.00,16.10,0.50,0.39
"EDSM",2019.00,7.00,"19-51-SBM01",7/15/2019 0:00:00,"E196","0196",22.00,5875.00,49.20,0.38,3.16
"EDSM",2019.00,7.00,"19-51-SBW02",7/16/2019 0:00:00,"E331","0331",21.20,10833.00,188.00,0.20,6.12
"EDSM",2019.00,7.00,"19-51-LSR02",7/17/2019 0:00:00,"E198","0198",22.29,180.60,79.00,0.33,0.07
"EDSM",2019.00,7.00,"19-51-LSR02",7/17/2019 0:00:00,"E197","0197",22.29,180.60,79.00,0.33,0.07
"EDSM",2019.00,7.00,"19-51-LSR03",7/17/2019 0:00:00,"E199","0199",22.89,125.09,46.40,0.74,0.05
"EDSM",2019.00,7.00,"19-52-LSR01",7/24/2019 0:00:00,"E200","0200",22.39,857.00,66.00,0.43,0.40
"EDSM",2019.00,7.00,"19-52-LSSC03",7/24/2019 0:00:00,"D-01/E461","0461",23.50,544.00,33.40,0.34,0.24
"EDSM",2019.00,7.00,"19-52-LSSC03",7/24/2019 0:00:00,"D-03/E551","0551",23.60,507.00,34.59,0.36,0.22
"EDSM",2019.00,7.00,"19-52-LSSC03",7/24/2019 0:00:00,"D-06/E462","0462",23.60,507.00,34.59,0.36,0.22
"EDSM",2019.00,7.00,"19-52-LSSC03",7/24/2019 0:00:00,"D-07/E463","0463",23.60,507.00,34.59,0.36,0.22
"EDSM",2019.00,7.00,"19-52-LSSC03",7/24/2019 0:00:00,"D-05/E549","0549",23.60,507.00,34.59,0.36,0.22
"EDSM",2019.00,7.00,"19-52-LSSC03",7/24/2019 0:00:00,"D-02/E552","0552",23.60,507.00,34.59,0.36,0.22
"EDSM",2019.00,7.00,"19-52-LSSC03",7/24/2019 0:00:00,"D-04/E550","0550",23.60,507.00,34.59,0.36,0.22
"EDSM",2019.00,7.00,"19-52-LSSC02",7/25/2019 0:00:00,"D-11/E467","0467",24.60,787.00,18.20,0.49,0.36
"EDSM",2019.00,7.00,"19-52-LSSC02",7/25/2019 0:00:00,"D-09/E465","0465",24.60,787.00,18.20,0.49,0.36
"EDSM",2019.00,7.00,"19-52-LSSC02",7/25/2019 0:00:00,"D-10/E466","0466",24.60,787.00,18.20,0.49,0.36
"EDSM",2019.00,7.00,"19-52-LSSC02",7/25/2019 0:00:00,"D-08/E464","0464",24.60,787.00,18.20,0.49,0.36
"EDSM",2019.00,7.00,"19-53-LSSC02",7/29/2019 0:00:00,"E567","0567",24.39,694.00,25.20,0.44,0.32
"EDSM",2019.00,7.00,"19-53-LSSC02",7/29/2019 0:00:00,"E565","0565",24.39,694.00,25.20,0.44,0.32
"EDSM",2019.00,7.00,"19-53-LSSC02",7/29/2019 0:00:00,"E566","0566",24.39,694.00,25.20,0.44,0.32
"EDSM",2019.00,7.00,"19-53-LSSC02",7/29/2019 0:00:00,"E568","0568",24.39,706.00,23.79,0.47,0.32
"EDSM",2019.00,7.00,"19-53-LSSC02",7/29/2019 0:00:00,"E569","0569",24.39,706.00,23.79,0.47,0.32
"EDSM",2019.00,7.00,"19-53-LSSC01",7/29/2019 0:00:00,"E570","0570",,,,,
"EDSM",2019.00,7.00,"19-53-SBW01",7/30/2019 0:00:00,"E332","0332",21.10,15295.00,252.00,0.17,8.89
"EDSM",2019.00,7.00,"19-53-LSSC05",7/30/2019 0:00:00,"E342","0342",24.00,709.00,54.90,0.27,0.32
"EDSM",2019.00,7.00,"19-53-SBM03",7/30/2019 0:00:00,"E334","0334",21.70,10608.00,46.29,0.54,5.98
"EDSM",2019.00,7.00,"19-53-SBM03",7/30/2019 0:00:00,"E333","0333",21.70,10608.00,46.29,0.54,5.98
"EDSM",2019.00,7.00,"19-53-LSSC04",7/30/2019 0:00:00,"D-12/E571","0571",23.79,210.00,57.90,0.70,0.08
"EDSM",2019.00,7.00,"19-53-LSSC04",7/30/2019 0:00:00,"D-13/E572","0572",23.79,210.00,57.90,0.70,0.08
"EDSM",2019.00,7.00,"19-53-GB01",7/31/2019 0:00:00,"E335","0335",21.79,12401.00,37.79,0.34,7.08
"EDSM",2019.00,8.00,"20-02-SM03",8/6/2019 0:00:00,"E336","0336",23.50,11234.00,73.09,0.28,6.36
"EDSM",2019.00,8.00,"20-02-LSSC02",8/8/2019 0:00:00,"D-14/E573","0573",23.39,311.70,20.60,0.60,0.13
"EDSM",2019.00,8.00,"20-03-HB01",8/13/2019 0:00:00,"E337","0337",22.60,1523.00,26.39,0.41,0.74
"EDSM",2019.00,8.00,"20-03-LSSC02",8/16/2019 0:00:00,"D-15/E471","0471",24.79,584.00,25.60,0.47,0.26
"EDSM",2019.00,8.00,"20-03-LSSC02",8/16/2019 0:00:00,"D-16/E470","0470",24.79,584.00,25.60,0.47,0.26
"EDSM",2019.00,8.00,"20-03-LSSC02",8/16/2019 0:00:00,"D-17/E469","0469",24.79,584.00,25.60,0.47,0.26
"EDSM",2019.00,8.00,"20-03-LSSC02",8/16/2019 0:00:00,"D-18/E468","0468",24.79,584.00,25.60,0.47,0.26
"EDSM",2019.00,8.00,"20-03-LSSC02",8/16/2019 0:00:00,"D-32/E473","0473",,,,,
"EDSM",2019.00,8.00,"20-03-LSSC02",8/16/2019 0:00:00,"D-31/E472","0472",,,,,
"EDSM",2019.00,8.00,"20-03-SM06",8/16/2019 0:00:00,"E338","0338",26.00,8781.00,32.09,0.33,4.88
"EDSM",2019.00,8.00,"20-04-LSSC02",8/19/2019 0:00:00,"D-33/E574","0574",23.39,518.00,20.20,0.56,0.23
"EDSM",2019.00,8.00,"20-04-HB01",8/21/2019 0:00:00,"D-27/E296","0296",22.50,3163.00,34.40,0.41,1.62
"EDSM",2019.00,8.00,"20-05-LSSC03",8/27/2019 0:00:00,,,,,,,
"EDSM",2019.00,9.00,"20-07-LSSC01",9/9/2019 0:00:00,"D-34/E474","0474",22.79,598.00,23.00,0.46,0.27
"EDSM",2019.00,9.00,"20-07-LSSC03",9/10/2019 0:00:00,"D-35/E475","0475",22.39,438.79,25.29,0.54,0.19
"EDSM",2019.00,9.00,"20-07-SBM01",9/13/2019 0:00:00,"D-19/E201","0201",21.60,1645.00,77.30,0.30,0.80
"EDSM",2019.00,9.00,"20-08-CF01",9/17/2019 0:00:00,"E202","0202",21.60,736.00,32.59,0.56,0.34
"EDSM",2019.00,9.00,"20-08-CF01",9/17/2019 0:00:00,"E203","0203",21.60,619.00,23.60,0.46,0.28
"EDSM",2019.00,9.00,"20-09-LSSC04",9/24/2019 0:00:00,"D-38/E575","0575",21.60,576.00,44.50,0.21,0.26
"EDSM",2019.00,10.00,"20-11-LSR03",10/7/2019 0:00:00,"D-28/E204","0204",18.39,242.69,23.79,0.86,0.10
"EDSM",2019.00,10.00,"20-11-LSSC04",10/8/2019 0:00:00,"D-36/E576","0576",19.39,549.00,27.79,0.40,0.24
"EDSM",2019.00,10.00,"20-12-LSSC01",10/15/2019 0:00:00,"D-37/E577","0577",17.89,439.60,51.00,0.25,0.19
"EDSM",2019.00,10.00,"20-13-HB01",10/22/2019 0:00:00,"D-24/E339","0339",16.79,3103.00,21.10,0.41,1.59
"EDSM",2019.00,10.00,"20-13-CF01",10/23/2019 0:00:00,"D-29/E205","0205",17.10,1068.00,49.29,0.66,0.50
"EDSM",2019.00,10.00,"20-14-LSR01",10/28/2019 0:00:00,"D-30/E206","0206",15.30,138.10,18.50,0.50,0.05
"EDSM",2019.00,10.00,"20-14-LSSC05",10/29/2019 0:00:00,"D-39/E476","0476",15.50,627.00,69.59,0.21,0.28
"EDSM",2019.00,11.00,"20-16-LSR03",11/12/2019 0:00:00,,,14.39,692.00,38.29,0.46,0.31
"EDSM",2019.00,11.00,"20-16-LSR03",11/12/2019 0:00:00,,,,,,,
"EDSM",2019.00,11.00,"20-18-SM05",11/29/2019 0:00:00,,,11.30,5747.00,55.20,0.33,3.09
"EDSM",2019.00,12.00,"20-19-SBM02",12/4/2019 0:00:00,,,11.30,14822.00,29.60,0.51,8.59
"EDSM",2019.00,12.00,"20-20-LSSC03",12/10/2019 0:00:00,,,11.89,421.50,60.70,0.21,0.18
"EDSM",2019.00,12.00,"20-21-LSSC02",12/17/2019 0:00:00,,,11.39,313.00,59.40,0.23,0.13
"EDSM",2019.00,12.00,"20-21-LSSC02",12/17/2019 0:00:00,"D-40",,11.39,309.60,51.20,0.25,0.13
"EDSM",2019.00,12.00,"20-21-SM01",12/19/2019 0:00:00,,,10.69,5462.00,51.00,0.27,2.92
"EDSM",2019.00,12.00,"20-22-LSR02",12/23/2019 0:00:00,,,10.30,423.60,31.39,0.44,0.18
"EDSM",2019.00,12.00,"20-22-LSR02",12/23/2019 0:00:00,,,10.30,423.60,31.39,0.44,0.18
"EDSM",2019.00,12.00,"20-22-LSR02",12/23/2019 0:00:00,,,,,,,
"EDSM",2020.00,1.00,"20-25-LSR03",1/15/2020 0:00:00,,,9.60,2060.00,18.39,0.62,1.02
"EDSM",2020.00,1.00,"20-25-SM01",1/15/2020 0:00:00,,,9.50,849.00,36.09,0.37,0.39
"EDSM",2020.00,1.00,"20-26-LSR03",1/23/2020 0:00:00,,,9.30,1890.00,17.00,0.69,0.93
"EDSM",2020.00,2.00,"20-29-SBM02",2/12/2020 0:00:00,,,10.80,13750.00,30.79,0.49,7.92
"EDSM",2020.00,2.00,"20-30-LSSC02",2/18/2020 0:00:00,,,10.80,441.00,81.59,0.20,0.19
"EDSM",2020.00,3.00,"20-32-LSSC03",3/5/2020 0:00:00,,,12.89,561.29,32.29,0.37,0.25
"EDSM",2020.00,3.00,"20-34-LSSC02",3/16/2020 0:00:00,,,13.39,434.39,38.79,0.43,0.19
"EDSM",2020.00,3.00,"20-36-LSR02",3/31/2020 0:00:00,"547",,14.30,553.00,14.30,1.07,0.25
"EDSM",2020.00,3.00,"20-36-LSR01",3/31/2020 0:00:00,"471",,14.40,3698.00,19.70,0.78,1.92
"EDSM",2020.00,4.00,"20-39-USSC01",4/20/2020 0:00:00,"391","0391",16.30,950.00,32.50,0.44,0.44
"EDSM",2020.00,4.00,"20-39-USSC01",4/20/2020 0:00:00,"493","0493",16.30,954.00,33.50,0.36,0.45
"EDSM",2020.00,4.00,"20-39-USSC01",4/20/2020 0:00:00,"449","0449",16.30,954.00,33.50,0.36,0.45
"EDSM",2020.00,4.00,"20-39-LSSC05",4/21/2020 0:00:00,"L0474","L0474",16.10,524.00,69.60,0.22,0.23
"EDSM",2020.00,5.00,"20-41-LSSC03",5/5/2020 0:00:00,"507","0507",19.40,584.00,46.10,0.29,0.26
"EDSM",2020.00,5.00,"20-42-LSSC01",5/11/2020 0:00:00,"L0082","L0082",19.60,578.00,45.20,0.45,0.26
"EDSM",2020.00,5.00,"20-42-LSSC01",5/11/2020 0:00:00,"675","0675",19.60,578.00,45.20,0.45,0.26
"EDSM",2020.00,5.00,"20-42-LSSC04",5/11/2020 0:00:00,"L0767","L0767",20.10,735.00,36.40,0.40,0.34
"EDSM",2020.00,5.00,"20-42-LSSC04",5/11/2020 0:00:00,"564","0564",20.20,747.00,34.60,0.40,0.34
"EDSM",2020.00,5.00,"20-43-LSSC02",5/19/2020 0:00:00,"L0032","L0032",19.80,358.10,52.30,0.30,0.15
"EDSM",2020.00,5.00,"20-43-USSC01",5/19/2020 0:00:00,"674","0674",20.20,998.00,31.00,0.38,0.47
"EDSM",2020.00,5.00,"20-43-LSSC08",5/19/2020 0:00:00,"746","0746",19.70,678.00,80.20,0.18,0.31
"EDSM",2020.00,5.00,"20-43-LSSC08",5/19/2020 0:00:00,"L0624","L0624",19.70,678.00,80.20,0.18,0.31
"EDSM",2020.00,5.00,"20-43-LSSC06",5/20/2020 0:00:00,"86","0086",19.70,389.00,53.60,0.27,0.17
"EDSM",2020.00,5.00,"20-43-LSSC06",5/20/2020 0:00:00,"L0107","L0107",19.70,400.80,49.40,0.29,0.17
"EDSM",2020.00,5.00,"20-43-LSSC05",5/20/2020 0:00:00,"L0202","L0202",19.50,460.00,55.50,0.20,0.20
"EDSM",2020.00,5.00,"20-43-LSSC05",5/20/2020 0:00:00,"631","0631",19.50,460.00,55.50,0.20,0.20
"EDSM",2020.00,5.00,"20-43-LSSC05",5/20/2020 0:00:00,"L0007","L0007",19.50,459.00,58.10,0.20,0.20
"EDSM",2020.00,6.00,"20-45-SM07",6/2/2020 0:00:00,"E485","0485",21.90,10690.00,41.10,0.32,6.03
"EDSM",2020.00,6.00,"20-45-LSSC03",6/2/2020 0:00:00,"1","Vial 1",22.00,506.00,48.20,0.27,0.22
"EDSM",2020.00,7.00,"20-49-CF01",7/1/2020 0:00:00,"E477","0477",22.29,1624.00,32.09,0.46,0.79
"EDSM",2020.00,7.00,"20-49-CF01",7/1/2020 0:00:00,"E478","0478",21.50,1613.00,24.79,0.49,0.79
"EDSM",2020.00,7.00,"20-49-LSSC05",7/2/2020 0:00:00,"E224","0224",22.50,336.20,28.20,0.41,0.14
"EDSM",2020.00,7.00,"20-50-LSSC01",7/6/2020 0:00:00,"E225","0225",23.00,205.50,21.00,0.60,0.08
"EDSM",2020.00,7.00,"20-50-LSSC02",7/6/2020 0:00:00,"E482","0482",22.89,458.00,72.00,0.28,0.20
"EDSM",2020.00,7.00,"20-50-LSSC02",7/6/2020 0:00:00,"E483","0483",22.89,458.00,72.00,0.28,0.20
"EDSM",2020.00,7.00,"20-50-LSSC02",7/6/2020 0:00:00,"E481","0481",22.89,458.00,72.00,0.28,0.20
"EDSM",2020.00,7.00,"20-50-LSSC02",7/6/2020 0:00:00,"E226","0226",23.00,452.10,74.59,0.27,0.20
"EDSM",2020.00,7.00,"20-50-LSSC05",7/7/2020 0:00:00,"E227","0227",22.60,343.50,43.20,0.30,0.15
"EDSM",2020.00,7.00,"20-50-LSR01",7/8/2020 0:00:00,"E222","0222",22.10,653.00,57.40,0.43,0.30
"EDSM",2020.00,7.00,"20-50-LSR01",7/8/2020 0:00:00,"E220","0220",22.10,653.00,57.40,0.43,0.30
"EDSM",2020.00,7.00,"20-50-LSR01",7/8/2020 0:00:00,"E221","0221",22.20,528.00,33.79,0.56,0.23
"EDSM",2020.00,7.00,"20-50-RV02",7/9/2020 0:00:00,"E223","0223",22.29,689.00,17.10,0.68,0.31
"EDSM",2020.00,7.00,"20-51-LSSC02",7/15/2020 0:00:00,"E228","0228",23.39,711.00,22.60,0.57,0.32
"EDSM",2020.00,7.00,"20-52-GB01",7/21/2020 0:00:00,"E479","0479",19.70,18804.00,179.00,0.10,11.12
"EDSM",2020.00,8.00,"21-02-LSSC05",8/5/2020 0:00:00,"E229","0229",22.50,285.50,58.09,0.25,0.12
"EDSM",2020.00,8.00,"21-02-LSR03",8/6/2020 0:00:00,"E207","0207",21.89,2027.00,22.60,0.60,1.01
"EDSM",2020.00,8.00,"21-03-GB01",8/11/2020 0:00:00,"E484","0484",20.70,19881.00,22.20,0.34,11.82
"EDSM",2020.00,8.00,"21-03-LSSC01",8/12/2020 0:00:00,"E230","0230",22.39,464.00,82.19,0.15,0.20
"EDSM",2020.00,8.00,"21-03-LSSC05",8/13/2020 0:00:00,"E231","0231",22.79,307.39,38.70,0.28,0.13
"EDSM",2020.00,9.00,"21-09-SM03",9/23/2020 0:00:00,"E486","0486",20.89,13036.00,18.39,0.52,7.47
"EDSM",2020.00,11.00,"21-16-SM02",11/9/2020 0:00:00,,,14.80,12871.00,16.60,0.70,7.37
"EDSM",2021.00,1.00,"21-24-USSC01",1/6/2021 0:00:00,,,9.50,769.00,24.10,0.44,0.35
"EDSM",2021.00,1.00,"21-27-USSC01",1/26/2021 0:00:00,,,9.80,1087.00,,0.57,0.51
"EDSM",2021.00,4.00,"21-38-LSSC02",4/12/2021 0:00:00,"L0017","L0017",15.50,763.00,33.50,0.30,0.35
"EDSM",2021.00,4.00,"21-38-LSSC05",4/13/2021 0:00:00,"142","0142",15.50,592.00,74.00,0.22,0.27
"EDSM",2021.00,4.00,"21-40-LSSC05",4/27/2021 0:00:00,,,16.20,668.00,40.80,0.24,0.30
"EDSM",2021.00,4.00,"21-40-LSSC05",4/27/2021 0:00:00,"1053","1053",16.20,668.00,40.80,0.24,0.30
"EDSM",2021.00,5.00,"21-41-LSSC07",5/4/2021 0:00:00,"L0372","L0372",18.40,791.00,29.00,0.26,0.36
"EDSM",2021.00,5.00,"21-41-LSSC07",5/4/2021 0:00:00,"L0134","L0134",18.40,791.00,29.00,0.26,0.36
"EDSM",2021.00,5.00,"21-41-LSSC07",5/4/2021 0:00:00,"L0147","L0147",18.40,791.00,29.00,0.26,0.36
"EDSM",2021.00,5.00,"21-41-LSR01",5/6/2021 0:00:00,"1194","1194",18.50,3750.00,32.60,0.30,1.95
"ELS",2019.00,4.00,"19-36-DI04  ",4/4/2019 0:00:00,"L0448","L0448",13.80,136.50,28.90,0.59,0.05
"ELS",2019.00,4.00,"19-36-DI02  ",4/4/2019 0:00:00,"0398","0398",13.30,115.90,23.30,0.61,0.04
"ELS",2019.00,4.00,"19-37-SC01  ",4/9/2019 0:00:00,"0343","0343",16.50,661.00,34.80,0.53,0.30
"ELS",2019.00,4.00,"19-38-GBSM03",4/16/2019 0:00:00,"0123","0123",14.90,247.50,226.00,0.19,0.10
"ELS",2019.00,4.00,"19-38-GBSM03",4/16/2019 0:00:00,"0403","0403",15.90,355.30,166.00,,0.15
"ELS",2019.00,4.00,"19-38-GBSM03",4/16/2019 0:00:00,"0462","0462",15.90,355.30,166.00,,0.15
"ELS",2019.00,4.00,"19-39-SC05  ",4/23/2019 0:00:00,"0127","0127",18.60,838.00,21.10,0.43,0.39
"ELS",2019.00,4.00,"19-39-SC01  ",4/23/2019 0:00:00,"L0443","L0443",18.70,830.00,53.70,0.24,0.38
"ELS",2019.00,4.00,"19-39-SC03  ",4/23/2019 0:00:00,"0112","0112",18.50,779.00,52.40,0.26,0.36
"ELS",2019.00,4.00,"19-39-SC01  ",4/23/2019 0:00:00,"L0493","L0493",15.40,786.00,17.40,0.28,0.36
"ELS",2019.00,4.00,"19-39-SC05  ",4/23/2019 0:00:00,"0516","0516",18.60,701.00,90.60,0.19,0.32
"ELS",2019.00,4.00,"19-39-SC07",4/23/2019 0:00:00,"0068","0068",18.30,537.00,71.70,,0.24
"ELS",2019.00,4.00,"19-39-SC01",4/23/2019 0:00:00,"0258","0258",18.90,758.00,76.10,,0.35
"ELS",2019.00,4.00,"19-39-SC02",4/23/2019 0:00:00,"L0287","L0287",18.80,736.00,129.00,,0.34
"ELS",2019.00,4.00,"19-39-SC02",4/23/2019 0:00:00,"0373","0373",18.80,736.00,129.00,,0.34
"ELS",2019.00,4.00,"19-39-SC05  ",4/23/2019 0:00:00,"L0491","L0491",18.60,766.00,161.00,0.30,0.35
"ELS",2019.00,4.00,"19-39-SC03  ",4/23/2019 0:00:00,"L0510","L0510",18.70,884.00,128.00,0.30,0.41
"ELS",2019.00,4.00,"19-39-SC01  ",4/23/2019 0:00:00,"0141","0141",18.40,887.00,14.00,0.60,0.41
"ELS",2019.00,4.00,"19-39-SC01  ",4/23/2019 0:00:00,"0431","0431",18.40,887.00,14.00,0.60,0.41
"ELS",2019.00,4.00,"19-39-SC01  ",4/23/2019 0:00:00,"0435","0435",18.40,890.00,212.00,0.28,0.41
"ELS",2019.00,4.00,"19-39-SC02  ",4/23/2019 0:00:00,"0513","0513",19.20,821.00,52.80,0.25,0.38
"ELS",2019.00,4.00,"19-39-SC03  ",4/23/2019 0:00:00,"0274","0274",18.70,880.00,288.00,0.25,0.41
"ELS",2019.00,4.00,"19-39-SC05  ",4/23/2019 0:00:00,"L0490","L0490",18.60,766.00,161.00,0.30,0.35
"ELS",2019.00,4.00,"19-39-SC03  ",4/23/2019 0:00:00,"L0053","L0053",18.70,880.00,288.00,0.25,0.41
"ELS",2019.00,4.00,"19-39-SC03  ",4/23/2019 0:00:00,"0498","0498",18.70,884.00,128.00,0.30,0.41
"ELS",2019.00,4.00,"19-39-SC02  ",4/23/2019 0:00:00,"0512","0512",19.20,821.00,52.80,0.25,0.38
"ELS",2019.00,4.00,"19-39-SC03  ",4/23/2019 0:00:00,"L0055","L0055",18.70,880.00,288.00,0.25,0.41
"ELS",2019.00,4.00,"19-39-SC05  ",4/23/2019 0:00:00,"0436","0436",18.60,766.00,161.00,0.30,0.35
"ELS",2019.00,4.00,"19-39-SC01  ",4/23/2019 0:00:00,"L0437","L0437",18.40,890.00,212.00,0.28,0.41
"ELS",2019.00,4.00,"19-39-SC03  ",4/23/2019 0:00:00,"0497","0497",18.70,884.00,128.00,0.30,0.41
"ELS",2019.00,4.00,"19-39-SC01  ",4/23/2019 0:00:00,"L0268","L0268",18.40,890.00,212.00,0.28,0.41
"ELS",2019.00,4.00,"19-39-SC03  ",4/23/2019 0:00:00,"L0368","L0368",18.70,880.00,288.00,0.25,0.41
"ELS",2019.00,4.00,"19-39-SC01  ",4/23/2019 0:00:00,"L0374","L0374",18.40,890.00,212.00,0.28,0.41
"ELS",2019.00,4.00,"19-39-SC05  ",4/23/2019 0:00:00,"0386","0386",18.90,798.00,70.10,0.27,0.37
"ELS",2019.00,4.00,"19-39-SC01  ",4/23/2019 0:00:00,"0369","0369",18.40,890.00,212.00,0.28,0.41
"ELS",2019.00,4.00,"19-39-SC03  ",4/23/2019 0:00:00,"0496","0496",18.70,884.00,128.00,0.30,0.41
"ELS",2019.00,4.00,"19-39-SL05  ",4/25/2019 0:00:00,"L1645","L1645",17.60,154.00,8.63,0.76,0.06
"ELS",2019.00,5.00,"19-41-SC04  ",5/7/2019 0:00:00,"L0207","L0207",19.00,873.00,60.70,0.35,0.40
"ELS",2019.00,5.00,"19-41-SC04  ",5/7/2019 0:00:00,"0242","0242",19.00,873.00,60.70,0.35,0.40
"ELS",2019.00,5.00,"19-41-SC02  ",5/7/2019 0:00:00,"0244","0244",18.60,576.00,39.20,0.65,0.26
"ELS",2019.00,5.00,"19-41-SC02",5/7/2019 0:00:00,"L0544","L0544",19.60,849.00,30.60,,0.39
"ELS",2019.00,5.00,"19-41-SC06",5/7/2019 0:00:00,"0720","0720",18.10,751.00,40.00,,0.34
"ELS",2019.00,5.00,"19-41-SC06",5/7/2019 0:00:00,"0874","0874",18.10,751.00,40.00,,0.34
"ELS",2019.00,5.00,"19-41-SC06",5/7/2019 0:00:00,"L1730","L1730",18.10,751.00,40.00,,0.34
"ELS",2019.00,5.00,"19-41-SC06",5/7/2019 0:00:00,"1963","1963",18.10,751.00,40.00,,0.34
"ELS",2019.00,5.00,"19-41-SC06",5/7/2019 0:00:00,"2036","2036",18.10,751.00,40.00,,0.34
"ELS",2019.00,5.00,"19-41-SC03  ",5/7/2019 0:00:00,"L0230","L0230",19.30,796.00,20.40,0.49,0.37
"ELS",2019.00,5.00,"19-41-SC04  ",5/7/2019 0:00:00,"L0860","L0860",18.90,724.00,29.90,0.47,0.33
"ELS",2019.00,5.00,"19-41-SC04  ",5/7/2019 0:00:00,"0245","0245",18.70,715.00,28.40,0.52,0.33
"ELS",2019.00,5.00,"19-41-SC04  ",5/7/2019 0:00:00,"0237","0237",18.70,715.00,28.40,0.52,0.33
"ELS",2019.00,5.00,"19-41-SC04  ",5/7/2019 0:00:00,"0238","0238",18.70,715.00,28.40,0.52,0.33
"ELS",2019.00,5.00,"19-41-SC03  ",5/7/2019 0:00:00,"L0231","L0231",19.30,796.00,20.40,0.49,0.37
"ELS",2019.00,5.00,"19-41-SC03  ",5/7/2019 0:00:00,"0162","0162",19.30,795.00,19.20,0.54,0.37
"ELS",2019.00,5.00,"19-42-GBSM01",5/14/2019 0:00:00,"L2400","L2400",18.40,1110.00,109.00,0.26,0.53
"ELS",2019.00,5.00,"19-42-DI03",5/16/2019 0:00:00,"L0541","L0541",17.30,126.20,36.30,,0.05
"ELS",2019.00,5.00,"19-43-SC05  ",5/21/2019 0:00:00,"L1382","L1382",17.90,856.00,42.60,0.36,0.40
"ELS",2019.00,5.00,"19-43-SC01  ",5/21/2019 0:00:00,"L1374","L1374",17.80,854.00,40.30,0.37,0.40
"ELS",2019.00,5.00,"19-43-SC05  ",5/21/2019 0:00:00,"L0061","L0061",17.60,752.00,57.90,0.25,0.34
"ELS",2019.00,5.00,"19-43-SC01  ",5/21/2019 0:00:00,"0883","0883",18.00,879.00,40.20,0.36,0.41
"ELS",2019.00,5.00,"19-43-SC01",5/21/2019 0:00:00,"1338","1338",17.90,835.00,59.90,,0.39
"ELS",2019.00,5.00,"19-43-SC02",5/21/2019 0:00:00,"1440","1440",17.30,755.00,84.90,,0.35
"ELS",2019.00,5.00,"19-43-SC03  ",5/21/2019 0:00:00,"L0713","L0713",17.40,786.00,46.90,0.29,0.36
"ELS",2019.00,5.00,"19-43-SC02  ",5/21/2019 0:00:00,"L0991","L0991",17.40,786.00,140.00,0.30,0.36
"ELS",2019.00,5.00,"19-43-SC03  ",5/21/2019 0:00:00,"1231","1231",17.40,789.00,55.70,0.26,0.36
"ELS",2019.00,5.00,"19-43-SC01  ",5/21/2019 0:00:00,"1362","1362",17.90,864.00,31.60,0.29,0.40
"ELS",2019.00,5.00,"19-43-SC02  ",5/21/2019 0:00:00,"0992","0992",17.40,786.00,140.00,0.30,0.36
"ELS",2019.00,5.00,"19-43-SC03  ",5/21/2019 0:00:00,"L1481","L1481",17.40,789.00,55.70,0.26,0.36
"ELS",2019.00,5.00,"19-43-SC04  ",5/21/2019 0:00:00,"0139","0139",17.50,517.00,31.50,0.45,0.23
"ELS",2019.00,5.00,"19-43-SC03  ",5/21/2019 0:00:00,"L1386","L1386",17.40,789.00,55.70,0.26,0.36
"ELS",2019.00,5.00,"19-43-SC05  ",5/21/2019 0:00:00,"1375","1375",17.40,730.00,47.70,0.35,0.33
"ELS",2019.00,5.00,"19-43-SC01  ",5/21/2019 0:00:00,"L1378","L1378",17.90,864.00,31.60,0.29,0.40
"ELS",2019.00,5.00,"19-43-SC02  ",5/21/2019 0:00:00,"0984","0984",17.40,786.00,140.00,0.30,0.36
"ELS",2019.00,5.00,"19-43-SC03  ",5/21/2019 0:00:00,"1490","1490",17.40,789.00,55.70,0.26,0.36
"ELS",2019.00,5.00,"19-43-SC05  ",5/21/2019 0:00:00,"L0537","L0537",17.50,734.00,48.70,0.39,0.34
"ELS",2019.00,5.00,"19-43-SC01  ",5/21/2019 0:00:00,"0876","0876",17.90,864.00,31.60,0.29,0.40
"ELS",2019.00,5.00,"19-43-SC01  ",5/21/2019 0:00:00,"0885","0885",17.90,864.00,31.60,0.29,0.40
"ELS",2019.00,5.00,"19-43-SC03  ",5/21/2019 0:00:00,"1313","1313",17.40,789.00,55.70,0.26,0.36
"ELS",2019.00,5.00,"19-43-SC03  ",5/21/2019 0:00:00,"L1072","L1072",17.40,789.00,55.70,0.26,0.36
"ELS",2019.00,5.00,"19-43-SC03  ",5/21/2019 0:00:00,"L2142","L2142",17.40,789.00,55.70,0.26,0.36
"ELS",2019.00,5.00,"19-43-SC05  ",5/21/2019 0:00:00,"1370","1370",17.40,730.00,47.70,0.35,0.33
"ELS",2019.00,5.00,"19-43-SC05  ",5/21/2019 0:00:00,"0534","0534",17.50,734.00,48.70,0.39,0.34
"ELS",2019.00,5.00,"19-43-SC03  ",5/21/2019 0:00:00,"0679","0679",17.40,786.00,46.90,0.29,0.36
"ELS",2019.00,5.00,"19-43-SC02  ",5/21/2019 0:00:00,"0919","0919",17.40,773.00,56.50,0.32,0.35
"ELS",2019.00,5.00,"19-43-SC01  ",5/21/2019 0:00:00,"L1049","L1049",17.90,863.00,30.00,0.24,0.40
"ELS",2019.00,5.00,"19-43-SC05  ",5/21/2019 0:00:00,"L0526","L0526",17.50,734.00,48.70,0.39,0.34
"ELS",2019.00,5.00,"19-43-SC03  ",5/21/2019 0:00:00,"L1067","L1067",17.40,789.00,55.70,0.26,0.36
"ELS",2019.00,5.00,"19-43-SC03  ",5/21/2019 0:00:00,"0678","0678",17.40,786.00,46.90,0.29,0.36
"ELS",2019.00,5.00,"19-43-SC02  ",5/21/2019 0:00:00,"1029","1029",17.40,786.00,140.00,0.30,0.36
"ELS",2019.00,5.00,"19-43-SC03  ",5/21/2019 0:00:00,"1337","1337",17.40,789.00,55.70,0.26,0.36
"ELS",2019.00,5.00,"19-43-SC05  ",5/21/2019 0:00:00,"L1236","L1236",17.40,730.00,47.70,0.35,0.33
"ELS",2019.00,5.00,"19-43-SC05  ",5/21/2019 0:00:00,"L1361","L1361",17.40,730.00,47.70,0.35,0.33
"ELS",2019.00,5.00,"19-43-SC03  ",5/21/2019 0:00:00,"0235","0235",17.40,789.00,55.70,0.26,0.36
"ELS",2019.00,5.00,"19-43-SC05  ",5/21/2019 0:00:00,"1360","1360",17.40,730.00,47.70,0.35,0.33
"ELS",2019.00,5.00,"19-43-SC02  ",5/21/2019 0:00:00,"L0771","L0771",17.40,773.00,56.50,0.32,0.35
"ELS",2019.00,5.00,"19-43-SC05  ",5/21/2019 0:00:00,"0535","0535",17.50,734.00,48.70,0.39,0.34
"ELS",2019.00,5.00,"19-43-SC05  ",5/21/2019 0:00:00,"0536","0536",17.50,734.00,48.70,0.39,0.34
"ELS",2019.00,5.00,"19-43-SC01  ",5/21/2019 0:00:00,"0977","0977",17.90,863.00,30.00,0.24,0.40
"ELS",2019.00,5.00,"19-43-SC01  ",5/21/2019 0:00:00,"L1018","L1018",17.90,863.00,30.00,0.24,0.40
"ELS",2019.00,5.00,"19-43-SC01  ",5/21/2019 0:00:00,"L0530","L0530",17.90,864.00,31.60,0.29,0.40
"ELS",2019.00,5.00,"19-43-SC02  ",5/21/2019 0:00:00,"L0982","L0982",17.40,786.00,140.00,0.30,0.36
"ELS",2019.00,5.00,"19-43-SC03  ",5/21/2019 0:00:00,"L0131","L0131",17.40,789.00,55.70,0.26,0.36
"ELS",2019.00,5.00,"19-43-SC03  ",5/21/2019 0:00:00,"L1102","L1102",17.40,789.00,55.70,0.26,0.36
"ELS",2019.00,5.00,"19-43-SC03  ",5/21/2019 0:00:00,"1396","1396",17.40,789.00,55.70,0.26,0.36
"ELS",2019.00,5.00,"19-43-SC04  ",5/21/2019 0:00:00,"L0153","L0153",17.50,517.00,31.50,0.45,0.23
"ELS",2019.00,5.00,"19-43-SC05  ",5/21/2019 0:00:00,"L0091","L0091",17.40,730.00,47.70,0.35,0.33
"ELS",2019.00,5.00,"19-43-SC05  ",5/21/2019 0:00:00,"L0828","L0828",17.40,730.00,47.70,0.35,0.33
"ELS",2019.00,5.00,"19-43-SC05  ",5/21/2019 0:00:00,"1371","1371",17.40,730.00,47.70,0.35,0.33
"ELS",2019.00,5.00,"19-44-GBSM03",5/28/2019 0:00:00,"1733","1733",18.60,1709.00,71.90,0.27,0.84
"ELS",2019.00,5.00,"19-44-GBSM25",5/30/2019 0:00:00,"L1712","L1712",18.80,272.00,202.00,0.18,0.11
"ELS",2019.00,5.00,"19-44-GBSM42",5/30/2019 0:00:00,"L1120","L1120",18.90,261.50,231.00,,0.11
"ELS",2019.00,6.00,"19-45-LSSC05",6/5/2019 0:00:00,"L2256","L2256",21.30,442.80,25.70,0.42,0.19
"ELS",2019.00,6.00,"19-47-LSSC03",6/18/2019 0:00:00,"1321","1321",21.90,354.50,37.10,0.30,0.15
"ELS",2019.00,6.00,"19-47-LSSC01",6/19/2019 0:00:00,"412","412",22.60,741.00,38.40,0.32,0.34
"ELS",2019.00,5.00,"19-43-SC02  ",5/21/2019 0:00:00,"L1032","L1032",17.40,786.00,140.00,0.30,0.36
"ELS",2019.00,5.00,"19-43-SC01  ",5/21/2019 0:00:00,"L0886","L0886",17.90,864.00,31.60,0.29,0.40
"EDSM",2020.00,7.00,"20-50-LSR01",7/8/2020 0:00:00,"E480","0480",22.10,653.00,57.40,0.44,0.30
"EDSM",2019.00,7.00,"19-49-SM02",7/3/2019 0:00:00,"E232","0232",21.10,1194.00,144.00,0.18,0.57
"EDSM",2019.00,7.00,"19-49-SM02",7/3/2019 0:00:00,"E233","0233",21.10,1171.00,97.50,0.17,0.56
"EDSM",2021.00,12.00,"22-20-LSR02",12/17/2021 0:00:00,"S101","101",9.89,340.79,30.00,,0.14
"EDSM",2021.00,12.00,"22-20-RV05",12/17/2021 0:00:00,"S102","102",9.10,198.10,50.59,,0.08
"EDSM",2021.00,12.00,"22-20-RV05",12/17/2021 0:00:00,"S103","103",9.10,198.10,50.59,,0.08
"EDSM",2021.00,12.00,"22-20-RV05",12/17/2021 0:00:00,"S104","104",9.19,190.19,53.90,,0.08
"EDSM",2021.00,12.00,"22-20-RV05",12/17/2021 0:00:00,"S105","105",9.19,190.19,53.90,,0.08
"EDSM",2021.00,12.00,"22-20-RV02",12/17/2021 0:00:00,"S106","106",9.39,214.00,49.79,,0.09
"EDSM",2021.00,12.00,"22-21-USSC02",12/21/2021 0:00:00,"S107","107",10.60,1113.00,15.50,,0.53
"EDSM",2021.00,12.00,"22-21-RV02",12/23/2021 0:00:00,"S108","108",8.60,410.00,37.59,,0.18
"EDSM",2021.00,12.00,"22-21-RV02",12/23/2021 0:00:00,"S109","109",8.50,403.00,40.70,,0.17
"EDSM",2021.00,12.00,"22-21-PP02",12/23/2021 0:00:00,"S201","201",9.39,622.00,18.39,,0.28
"EDSM",2021.00,12.00,"22-22-LSR01",12/27/2021 0:00:00,"S110","110",8.80,541.00,38.79,,0.24
"EDSM",2021.00,12.00,"22-22-RV02",12/28/2021 0:00:00,"S111","111",8.69,203.19,50.59,,0.08
"EDSM",2021.00,12.00,"22-22-RV03",12/28/2021 0:00:00,"S112","112",8.50,146.80,57.20,,0.06
"EDSM",2021.00,12.00,"SB018N",12/29/2021 0:00:00,"S1","1",8.90,426.20,55.40,,0.19
"EDSM",2022.00,1.00,"22-23-RV04",1/5/2022 0:00:00,"S113","113",,,,,
"EDSM",2022.00,1.00,"22-24-LSSC03",1/12/2022 0:00:00,"S114","114",9.60,227.30,29.89,0.48,0.09
"EDSM",2022.00,1.00,"22-24-LSSC03",1/12/2022 0:00:00,"S119","119",9.69,232.10,32.29,0.47,0.09
"EDSM",2022.00,1.00,"22-25-SM02",1/18/2022 0:00:00,"S2","2",10.39,4239.00,37.00,0.33,2.22
"EDSM",2022.00,1.00,"22-26-LSR01",1/24/2022 0:00:00,"S115","115",9.80,580.00,35.00,0.35,0.26
"EDSM",2022.00,1.00,"22-27-LSSC03",1/31/2022 0:00:00,"S116","116",9.80,639.00,75.09,0.21,0.29
"EDSM",2022.00,1.00,"22-27-LSSC03",1/31/2022 0:00:00,"S117","117",9.80,639.00,75.09,0.21,0.29
"EDSM",2022.00,2.00,"22-27-LSJ01",2/4/2022 0:00:00,"S202","202",9.50,692.00,32.00,0.41,0.31
"EDSM",2022.00,2.00,"22-28-LSR01",2/7/2022 0:00:00,"S118","118",10.10,501.00,33.09,0.37,0.22
"EDSM",2022.00,2.00,"22-29-SM01",2/14/2022 0:00:00,"S3","3",13.10,5683.00,49.09,0.23,3.05
"EDSM",2022.00,2.00,"SB018M",2/17/2022 0:00:00,"S4","4",11.30,2602.00,34.10,,1.32
"EDSM",2022.00,2.00,"22-30-SM03",2/23/2022 0:00:00,"S5","5",10.10,3003.00,45.09,0.41,1.54
"EDSM",2022.00,2.00,"22-30-SM03",2/23/2022 0:00:00,"S6","6",10.10,3003.00,45.09,0.41,1.54
"EDSM",2022.00,2.00,"22-30-SM03",2/23/2022 0:00:00,"S7","7",10.10,3131.00,25.10,0.27,1.61
"EDSM",2022.00,2.00,"22-30-SM03",2/23/2022 0:00:00,"S8","8",10.10,3131.00,25.10,0.27,1.61
"EDSM",2022.00,2.00,"22-30-SM03",2/23/2022 0:00:00,"S9","9",10.10,3131.00,25.10,0.27,1.61
"EDSM",2022.00,2.00,"22-30-LSSC01",2/24/2022 0:00:00,"S120","120",11.19,386.79,25.60,0.44,0.17
"EDSM",2022.00,2.00,"22-30-LSSC01",2/24/2022 0:00:00,"S121","121",11.19,386.79,25.60,0.44,0.17
"EDSM",2022.00,2.00,"22-30-LSSC01",2/24/2022 0:00:00,"S122","122",11.19,386.79,25.60,0.44,0.17
"EDSM",2022.00,2.00,"22-30-LSSC01",2/24/2022 0:00:00,"S123","123",11.00,396.50,30.10,0.40,0.17
"EDSM",2022.00,3.00,"22-31-LSSC01",3/2/2022 0:00:00,"S126","126",11.80,602.00,91.30,0.25,0.27
"EDSM",2022.00,3.00,"22-31-USSC01",3/2/2022 0:00:00,"S124","124",11.50,927.00,40.59,0.35,0.43
"EDSM",2022.00,3.00,"22-31-LSSC02",3/2/2022 0:00:00,"S125","125",12.19,695.00,96.19,0.38,0.32
"EDSM",2022.00,3.00,"22-31-LSSC01",3/2/2022 0:00:00,"S127","127",11.89,597.00,83.40,0.24,0.27
"EDSM",2022.00,3.00,"22-31-SM01",3/3/2022 0:00:00,"S10","10",13.69,5041.00,58.79,0.27,2.68
"EDSM",2022.00,3.00,"22-32-LSSC01",3/8/2022 0:00:00,"S128","128",12.19,433.89,27.20,0.37,0.19
"EDSM",2022.00,3.00,"22-32-LSSC01",3/8/2022 0:00:00,"S130","130",12.19,433.89,27.20,0.37,0.19
"EDSM",2022.00,3.00,"22-32-LSSC01",3/8/2022 0:00:00,"S129","129",12.19,433.89,27.20,0.37,0.19
"EDSM",2022.00,3.00,"22-32-LSSC01",3/8/2022 0:00:00,"S131","131",12.19,433.89,27.20,0.37,0.19
"EDSM",2022.00,3.00,"22-32-LSSC01",3/8/2022 0:00:00,"S132","132",12.19,433.89,27.20,0.37,0.19
"EDSM",2022.00,3.00,"22-32-SM01",3/11/2022 0:00:00,"S11","11",,,,,
"EDSM",2022.00,3.00,"22-32-SM03",3/11/2022 0:00:00,"S12","12",13.10,4392.00,30.89,0.36,2.31
"EDSM",2022.00,3.00,"22-33-LSSC01",3/17/2022 0:00:00,"S133","133",13.39,618.00,65.90,0.25,0.28
"EDSM",2022.00,3.00,"22-34-CS03",3/21/2022 0:00:00,"S134","134",14.80,738.00,33.79,0.36,0.34
"EDSM",2022.00,3.00,"22-34-SM01",3/22/2022 0:00:00,"S13","13",15.39,4335.00,90.40,0.20,2.28
"EDSM",2022.00,3.00,"22-34-LSSC02",3/23/2022 0:00:00,"S137","137",15.00,577.00,44.09,0.35,0.26
"EDSM",2022.00,3.00,"22-34-LSSC01",3/23/2022 0:00:00,"S135","135",14.60,736.00,45.20,0.36,0.34
"EDSM",2022.00,3.00,"22-34-USSC01",3/23/2022 0:00:00,"S136","136",14.50,905.00,26.70,0.43,0.42
"EDSM",2022.00,3.00,"22-34-LSSC02",3/23/2022 0:00:00,"S138","138",15.00,602.00,47.59,0.36,0.27
"EDSM",2022.00,3.00,"22-34-LSSC02",3/23/2022 0:00:00,"S139","139",15.00,602.00,47.59,0.36,0.27
"EDSM",2022.00,3.00,"22-34-LSSC02",3/23/2022 0:00:00,"S140","140",15.00,602.00,47.59,0.36,0.27
"EDSM",2022.00,3.00,"22-35-SM01",3/29/2022 0:00:00,"S14","14",16.50,7902.00,93.69,0.17,4.35
"EDSM",2022.00,3.00,"22-35-LSSC01",3/31/2022 0:00:00,"S141","141",15.80,814.00,41.90,0.28,0.38
"EDSM",2022.00,4.00,"22-36-SSC03",4/4/2022 0:00:00,"1065","1065",16.80,314.90,15.90,0.88,0.13
"EDSM",2022.00,4.00,"22-36-SB04",4/5/2022 0:00:00,"525","525",16.00,3596.00,119.00,0.20,1.86
"EDSM",2022.00,4.00,"22-36-SB05",4/5/2022 0:00:00,"797","797",16.10,2501.00,145.00,0.25,1.26
"EDSM",2022.00,4.00,"22-36-SB05",4/5/2022 0:00:00,"1176","1176",16.30,2199.00,100.00,0.19,1.10
"EDSM",2022.00,4.00,"22-36-SB05",4/5/2022 0:00:00,"1629","1629",16.10,2501.00,145.00,0.25,1.26
"EDSM",2022.00,4.00,"22-36-CS04",4/6/2022 0:00:00,"1863","1863",16.10,236.60,3.97,1.57,0.10
"EDSM",2022.00,4.00,"22-36-CS04",4/6/2022 0:00:00,"1869","1869",16.10,236.60,3.97,1.57,0.10
"EDSM",2022.00,4.00,"22-36-CS04",4/6/2022 0:00:00,"1968","1968",16.10,236.60,3.97,1.57,0.10
"ICF",2022.00,4.00,"22-38-SSC-01",4/18/2022 0:00:00,"22-00022","22-00022",15.70,675.00,19.98,0.47,0.31
"EDSM",2022.00,4.00,"22-38-SSC02",4/18/2022 0:00:00,"710","710",15.70,1028.00,27.80,0.41,0.48
"EDSM",2022.00,4.00,"22-38-SSC10",4/18/2022 0:00:00,"1173","1173",16.10,826.00,36.20,0.36,0.38
"EDSM",2022.00,4.00,"22-38-SSC10",4/18/2022 0:00:00,"1180","1180",16.10,826.00,36.20,0.36,0.38
"EDSM",2022.00,4.00,"22-38-SSC10",4/18/2022 0:00:00,"1512","1512",16.10,826.00,36.20,0.36,0.38
"EDSM",2022.00,4.00,"22-38-SSC10",4/18/2022 0:00:00,"356","356",16.10,826.00,36.20,0.36,0.38
"EDSM",2022.00,4.00,"22-38-SSC10",4/18/2022 0:00:00,"1458","1458",16.10,826.00,36.20,0.36,0.38
"EDSM",2022.00,4.00,"22-38-SSC10",4/18/2022 0:00:00,"1658","1658",16.10,826.00,36.20,0.36,0.38
"ICF",2022.00,4.00,"22-38-LSR-01",4/20/2022 0:00:00,"22-00067","22-00067",16.40,582.00,15.87,,0.26
"EDSM",2022.00,4.00,"22-38-LSR01",4/20/2022 0:00:00,"622","622",16.20,904.00,27.90,0.47,0.42
"EDSM",2022.00,4.00,"22-38-LSR01",4/20/2022 0:00:00,"639","639",16.20,717.00,24.90,0.58,0.33
"EDSM",2022.00,4.00,"22-38-LSR01",4/20/2022 0:00:00,"1696","1696",16.20,717.00,24.90,0.58,0.33
"EDSM",2022.00,4.00,"22-38-SM01",4/20/2022 0:00:00,"1846","1846",15.80,4914.00,115.00,0.11,2.61
"EDSM",2022.00,4.00,"22-38-SM01",4/20/2022 0:00:00,"1858","1858",15.80,4914.00,115.00,0.11,2.61
"EDSM",2022.00,4.00,"22-38-SSC05",4/22/2022 0:00:00,"1034","1034",16.30,5.00,37.10,0.43,1.63470886025872e-03
"EDSM",2022.00,4.00,"22-38-SSC05",4/22/2022 0:00:00,"637","637",16.30,5.00,37.10,0.43,1.63470886025872e-03
"EDSM",2022.00,4.00,"22-39-SSC04",4/27/2022 0:00:00,"1548","1548",17.40,1110.00,21.50,0.36,0.53
"EDSM",2022.00,5.00,"22-40-SSC03",5/3/2022 0:00:00,"419","419",16.90,656.00,68.40,0.21,0.30
"EDSM",2022.00,5.00,"22-40-SSC03",5/3/2022 0:00:00,"434","434",16.90,656.00,68.40,0.21,0.30
"EDSM",2022.00,5.00,"22-40-SSC03",5/3/2022 0:00:00,"909","909",16.90,656.00,68.40,0.21,0.30
"EDSM",2022.00,5.00,"22-40-SSC03",5/3/2022 0:00:00,"1861","1861",16.90,656.00,68.40,0.21,0.30
"EDSM",2022.00,5.00,"22-41-SSC09",5/9/2022 0:00:00,"667","667",17.80,1057.00,29.00,0.28,0.50
"EDSM",2021.00,3.00,"21-36-SM08",3/31/2021 0:00:00,"L1070","L1070",15.40,4850.00,106.00,0.20,2.57
"EDSM",2022.00,6.00,"22-47-SSC03",6/23/2022 0:00:00,"2239","2239",22.70,416.10,47.50,0.24,0.18
"EDSM",2021.00,8.00,"22-03-LSSC02",8/20/2021 0:00:00,"E487","E487",22.10,323.60,25.50,0.49,0.14
"EDSM",2022.00,5.00,"22-41-SSC05",5/9/2022 0:00:00,"741","741",17.30,530.00,42.20,0.27,0.24
"EDSM",2022.00,5.00,"22-41-SSC05",5/9/2022 0:00:00,"1040","1040",17.30,525.00,43.40,0.32,0.23
"EDSM",2022.00,5.00,"22-41-SSC01",5/10/2022 0:00:00,"1626","1626",16.90,652.00,38.00,0.45,0.29
"EDSM",2022.00,5.00,"22-41-SSC01",5/10/2022 0:00:00,"1704","1704",16.90,652.00,38.00,0.45,0.29
"EDSM",2022.00,5.00,"22-41-SSC01",5/10/2022 0:00:00,"1713","1713",16.90,652.00,38.00,0.45,0.29
"EDSM",2022.00,5.00,"22-41-SSC01",5/10/2022 0:00:00,"1719","1719",16.90,652.00,38.00,0.45,0.29
"EDSM",2022.00,5.00,"22-41-SSC01",5/10/2022 0:00:00,"882","882",17.00,650.00,40.00,0.47,0.29
"EDSM",2022.00,5.00,"22-41-SSC01",5/10/2022 0:00:00,"1030","1030",17.00,650.00,40.00,0.47,0.29
"EDSM",2022.00,5.00,"22-43-SSC02",5/23/2022 0:00:00,"337","337",20.10,1063.00,38.80,0.33,0.50
"EDSM",2022.00,5.00,"22-43-SSC02",5/23/2022 0:00:00,"477","477",20.10,1063.00,38.80,0.33,0.50
"EDSM",2022.00,5.00,"22-43-SSC05",5/23/2022 0:00:00,"1031","1031",20.10,826.00,82.30,0.16,0.38
"EDSM",2022.00,5.00,"22-43-SSC02",5/23/2022 0:00:00,"1631","1631",20.10,1063.00,38.80,0.33,0.50
"EDSM",2022.00,6.00,"22-44-SSC01",6/1/2022 0:00:00,"1015","1015",20.10,634.00,53.10,0.27,0.29
"EDSM",2022.00,6.00,"22-45-SSC05",6/6/2022 0:00:00,"1810","1810",20.50,486.60,64.30,0.21,0.21
"EDSM",2022.00,8.00,"23-01-LSR05",8/2/2022 0:00:00,"S319","319",21.39,2615.00,18.39,0.68,1.32
"EDSM",2022.00,8.00,"23-01-LSR06",8/2/2022 0:00:00,"S320","320",22.10,860.00,28.10,0.61,0.40
"EDSM",2022.00,8.00,"23-02-LSR06",8/10/2022 0:00:00,"S321","321",21.60,2748.00,33.70,0.38,1.40
"EDSM",2022.00,8.00,"23-03-SSC06",8/15/2022 0:00:00,"S204","204",23.20,586.00,46.50,0.18,0.26
"EDSM",2022.00,8.00,"23-03-SSC01",8/16/2022 0:00:00,"S205","205",23.10,536.00,47.79,0.27,0.24
"EDSM",2022.00,9.00,"23-08-SM01",9/21/2022 0:00:00,"S16","16",20.20,21431.00,40.90,0.62,12.83
"EDSM",2022.00,11.00,"23-14-LSR06",11/3/2022 0:00:00,"S323","323",15.80,1957.00,16.20,0.70,0.97
"EDSM",2022.00,11.00,"23-15-LSR04",11/7/2022 0:00:00,"S322","322",15.00,1975.00,43.20,0.32,0.98
