"","Date","Station","Depth","StationCode","Temp"
"1",2023-04-01,"CM51",1.5,"CM51_1.5",11.35
"2",2023-04-02,"CM51",1.5,"CM51_1.5",11.8791666666667
"3",2023-04-03,"CM51",1.5,"CM51_1.5",12.1770833333333
"4",2023-04-04,"CM51",1.5,"CM51_1.5",12.2677083333333
"5",2023-04-05,"CM51",1.5,"CM51_1.5",12.303125
"6",2023-04-06,"CM51",1.5,"CM51_1.5",12.5869791666667
"7",2023-04-07,"CM51",1.5,"CM51_1.5",12.8708333333333
"8",2023-04-08,"CM51",1.5,"CM51_1.5",13.034375
"9",2023-04-09,"CM51",1.5,"CM51_1.5",13.515625
"10",2023-04-10,"CM51",1.5,"CM51_1.5",14.0979166666667
"11",2023-04-11,"CM51",1.5,"CM51_1.5",14.746875
"12",2023-04-12,"CM51",1.5,"CM51_1.5",15.1583333333333
"13",2023-04-13,"CM51",1.5,"CM51_1.5",15.1604166666667
"14",2023-04-14,"CM51",1.5,"CM51_1.5",14.6989583333333
"15",2023-04-15,"CM51",1.5,"CM51_1.5",14.846875
"16",2023-04-16,"CM51",1.5,"CM51_1.5",14.89375
"17",2023-04-17,"CM51",1.5,"CM51_1.5",14.6052083333333
"18",2023-04-18,"CM51",1.5,"CM51_1.5",14.1229166666667
"19",2023-04-19,"CM51",1.5,"CM51_1.5",13.89375
"20",2023-04-20,"CM51",1.5,"CM51_1.5",13.9375
"21",2023-04-21,"CM51",1.5,"CM51_1.5",14.1583333333333
"22",2023-04-22,"CM51",1.5,"CM51_1.5",14.709375
"23",2023-04-23,"CM51",1.5,"CM51_1.5",15.15625
"24",2023-04-24,"CM51",1.5,"CM51_1.5",15.65
"25",2023-04-25,"CM51",1.5,"CM51_1.5",16.1666666666667
"26",2023-04-26,"CM51",1.5,"CM51_1.5",16.5583333333333
"27",2023-04-27,"CM51",1.5,"CM51_1.5",16.95
"28",2023-04-28,"CM51",1.5,"CM51_1.5",17.4229166666667
"29",2023-04-29,"CM51",1.5,"CM51_1.5",17.6197916666667
"30",2023-04-30,"CM51",1.5,"CM51_1.5",17.4052083333333
"31",2023-05-01,"CM51",1.5,"CM51_1.5",16.8802083333333
"32",2023-05-02,"CM51",1.5,"CM51_1.5",16.0572916666667
"33",2023-05-03,"CM51",1.5,"CM51_1.5",15.4677083333333
"34",2023-05-04,"CM51",1.5,"CM51_1.5",14.8666666666667
"35",2023-05-05,"CM51",1.5,"CM51_1.5",14.5802083333333
"36",2023-05-06,"CM51",1.5,"CM51_1.5",14.5364583333333
"37",2023-05-07,"CM51",1.5,"CM51_1.5",14.5125
"38",2023-05-08,"CM51",1.5,"CM51_1.5",14.6197916666667
"39",2023-05-09,"CM51",1.5,"CM51_1.5",14.7854166666667
"40",2023-05-10,"CM51",1.5,"CM51_1.5",15.05
"41",2023-05-11,"CM51",1.5,"CM51_1.5",15.3552083333333
"42",2023-05-12,"CM51",1.5,"CM51_1.5",15.996875
"43",2023-05-13,"CM51",1.5,"CM51_1.5",16.7802083333333
"44",2023-05-14,"CM51",1.5,"CM51_1.5",17.4958333333333
"45",2023-05-15,"CM51",1.5,"CM51_1.5",17.8114583333333
"46",2023-05-16,"CM51",1.5,"CM51_1.5",18.19375
"47",2023-05-17,"CM51",1.5,"CM51_1.5",18.1479166666667
"48",2023-05-18,"CM51",1.5,"CM51_1.5",17.8395833333333
"49",2023-05-19,"CM51",1.5,"CM51_1.5",17.809375
"50",2023-05-20,"CM51",1.5,"CM51_1.5",17.696875
"51",2023-05-21,"CM51",1.5,"CM51_1.5",17.6583333333333
"52",2023-05-22,"CM51",1.5,"CM51_1.5",17.8739583333333
"53",2023-05-23,"CM51",1.5,"CM51_1.5",17.9145833333333
"54",2023-05-24,"CM51",1.5,"CM51_1.5",17.6385416666667
"55",2023-05-25,"CM51",1.5,"CM51_1.5",17.3229166666667
"56",2023-05-26,"CM51",1.5,"CM51_1.5",17.2510416666667
"57",2023-05-27,"CM51",1.5,"CM51_1.5",17.2208333333333
"58",2023-05-28,"CM51",1.5,"CM51_1.5",17.2916666666667
"59",2023-05-29,"CM51",1.5,"CM51_1.5",17.146875
"60",2023-05-30,"CM51",1.5,"CM51_1.5",17.196875
"61",2023-05-31,"CM51",1.5,"CM51_1.5",17.2375
"62",2023-06-01,"CM51",1.5,"CM51_1.5",17.425
"63",2023-06-02,"CM51",1.5,"CM51_1.5",17.5864583333333
"64",2023-06-03,"CM51",1.5,"CM51_1.5",17.9385416666667
"65",2023-06-04,"CM51",1.5,"CM51_1.5",18.4541666666667
"66",2023-06-05,"CM51",1.5,"CM51_1.5",18.8520833333333
"67",2023-06-06,"CM51",1.5,"CM51_1.5",18.584375
"68",2023-06-07,"CM51",1.5,"CM51_1.5",18.3260416666667
"69",2023-06-08,"CM51",1.5,"CM51_1.5",18.3083333333333
"70",2023-06-09,"CM51",1.5,"CM51_1.5",18.2625
"71",2023-06-10,"CM51",1.5,"CM51_1.5",18.0208333333333
"72",2023-06-11,"CM51",1.5,"CM51_1.5",17.9447916666667
"73",2023-06-12,"CM51",1.5,"CM51_1.5",17.9895833333333
"74",2023-06-13,"CM51",1.5,"CM51_1.5",18.1635416666667
"75",2023-06-14,"CM51",1.5,"CM51_1.5",18.4510416666667
"76",2023-06-15,"CM51",1.5,"CM51_1.5",18.7260416666667
"77",2023-06-16,"CM51",1.5,"CM51_1.5",18.9854166666667
"78",2023-06-17,"CM51",1.5,"CM51_1.5",19.2536458333333
"79",2023-06-18,"CM51",1.5,"CM51_1.5",19.521875
"80",2023-06-19,"CM51",1.5,"CM51_1.5",19.509375
"81",2023-06-20,"CM51",1.5,"CM51_1.5",19.415625
"82",2023-06-21,"CM51",1.5,"CM51_1.5",19.60625
"83",2023-06-22,"CM51",1.5,"CM51_1.5",19.6635416666667
"84",2023-06-23,"CM51",1.5,"CM51_1.5",19.2947916666667
"85",2023-06-24,"CM51",1.5,"CM51_1.5",19.2583333333333
"86",2023-06-25,"CM51",1.5,"CM51_1.5",19.271875
"87",2023-06-26,"CM51",1.5,"CM51_1.5",19.2842105263158
"88",2023-06-27,"CM51",1.5,"CM51_1.5",19.478125
"89",2023-06-28,"CM51",1.5,"CM51_1.5",19.6755208333333
"90",2023-06-29,"CM51",1.5,"CM51_1.5",19.8729166666667
"91",2023-06-30,"CM51",1.5,"CM51_1.5",20.50625
"92",2023-07-01,"CM51",1.5,"CM51_1.5",21.3385416666667
"93",2023-07-02,"CM51",1.5,"CM51_1.5",22.221875
"94",2023-07-03,"CM51",1.5,"CM51_1.5",22.665625
"95",2023-07-04,"CM51",1.5,"CM51_1.5",22.5125
"96",2023-07-05,"CM51",1.5,"CM51_1.5",22.209375
"97",2023-07-06,"CM51",1.5,"CM51_1.5",21.8
"98",2023-07-07,"CM51",1.5,"CM51_1.5",21.4447916666667
"99",2023-07-08,"CM51",1.5,"CM51_1.5",21.15625
"100",2023-07-09,"CM51",1.5,"CM51_1.5",20.828125
"101",2023-07-10,"CM51",1.5,"CM51_1.5",20.6520833333333
"102",2023-07-11,"CM51",1.5,"CM51_1.5",21.0739583333333
"103",2023-07-12,"CM51",1.5,"CM51_1.5",21.63125
"104",2023-07-13,"CM51",1.5,"CM51_1.5",21.915625
"105",2023-07-14,"CM51",1.5,"CM51_1.5",22.221875
"106",2023-07-15,"CM51",1.5,"CM51_1.5",22.6916666666667
"107",2023-07-16,"CM51",1.5,"CM51_1.5",23.34375
"108",2023-07-17,"CM51",1.5,"CM51_1.5",23.6416666666667
"109",2023-07-18,"CM51",1.5,"CM51_1.5",23.9395833333333
"110",2023-07-19,"CM51",1.5,"CM51_1.5",23.696875
"111",2023-07-20,"CM51",1.5,"CM51_1.5",23.5458333333333
"112",2023-07-21,"CM51",1.5,"CM51_1.5",23.65625
"113",2023-07-22,"CM51",1.5,"CM51_1.5",23.7364583333333
"114",2023-07-23,"CM51",1.5,"CM51_1.5",23.8166666666667
"115",2023-07-24,"CM51",1.5,"CM51_1.5",23.896875
"116",2023-07-25,"CM51",1.5,"CM51_1.5",23.5729166666667
"117",2023-07-26,"CM51",1.5,"CM51_1.5",23.59375
"118",2023-07-27,"CM51",1.5,"CM51_1.5",23.359375
"119",2023-07-28,"CM51",1.5,"CM51_1.5",22.9864583333333
"120",2023-07-29,"CM51",1.5,"CM51_1.5",22.6291666666667
"121",2023-07-30,"CM51",1.5,"CM51_1.5",22.3708333333333
"122",2023-07-31,"CM51",1.5,"CM51_1.5",22.2645833333333
"123",2023-08-01,"CM51",1.5,"CM51_1.5",22.2489583333333
"124",2023-08-02,"CM51",1.5,"CM51_1.5",21.9979166666667
"125",2023-08-03,"CM51",1.5,"CM51_1.5",21.684375
"126",2023-08-04,"CM51",1.5,"CM51_1.5",21.6984375
"127",2023-08-05,"CM51",1.5,"CM51_1.5",21.7125
"128",2023-08-06,"CM51",1.5,"CM51_1.5",22.0663194444444
"129",2023-08-07,"CM51",1.5,"CM51_1.5",22.4201388888889
"130",2023-08-08,"CM51",1.5,"CM51_1.5",22.7739583333333
"131",2023-08-09,"CM51",1.5,"CM51_1.5",22.5645833333333
"132",2023-08-10,"CM51",1.5,"CM51_1.5",22.5010416666667
"133",2023-08-11,"CM51",1.5,"CM51_1.5",22.4322916666667
"134",2023-08-12,"CM51",1.5,"CM51_1.5",22.35
"135",2023-08-13,"CM51",1.5,"CM51_1.5",22.4427083333333
"136",2023-08-14,"CM51",1.5,"CM51_1.5",22.6833333333333
"137",2023-08-15,"CM51",1.5,"CM51_1.5",22.9739583333333
"138",2023-08-16,"CM51",1.5,"CM51_1.5",23.3854166666667
"139",2023-08-17,"CM51",1.5,"CM51_1.5",23.6864583333333
"140",2023-08-18,"CM51",1.5,"CM51_1.5",23.5760416666667
"141",2023-08-19,"CM51",1.5,"CM51_1.5",23.1427083333333
"142",2023-08-20,"CM51",1.5,"CM51_1.5",23.146875
"143",2023-08-21,"CM51",1.5,"CM51_1.5",23.1832201086957
"144",2023-08-22,"CM51",1.5,"CM51_1.5",23.2195652173913
"145",2023-08-23,"CM51",1.5,"CM51_1.5",23.2470712560386
"146",2023-08-24,"CM51",1.5,"CM51_1.5",23.274577294686
"147",2023-08-25,"CM51",1.5,"CM51_1.5",23.3020833333333
"148",2023-08-26,"CM51",1.5,"CM51_1.5",22.959375
"149",2023-08-27,"CM51",1.5,"CM51_1.5",22.7395833333333
"150",2023-08-28,"CM51",1.5,"CM51_1.5",22.6177083333333
"151",2023-08-29,"CM51",1.5,"CM51_1.5",22.453125
"152",2023-08-30,"CM51",1.5,"CM51_1.5",22.4072916666667
"153",2023-08-31,"CM51",1.5,"CM51_1.5",22.5291666666667
"154",2023-09-01,"CM51",1.5,"CM51_1.5",22.3458333333333
"155",2023-09-02,"CM51",1.5,"CM51_1.5",21.9125
"156",2023-09-03,"CM51",1.5,"CM51_1.5",21.553125
"157",2023-09-04,"CM51",1.5,"CM51_1.5",21.3364583333333
"158",2023-09-05,"CM51",1.5,"CM51_1.5",21.2104166666667
"159",2023-09-06,"CM51",1.5,"CM51_1.5",21.1552083333333
"160",2023-09-07,"CM51",1.5,"CM51_1.5",20.93125
"161",2023-09-08,"CM51",1.5,"CM51_1.5",20.9854166666667
"162",2023-09-09,"CM51",1.5,"CM51_1.5",21.1833333333333
"163",2023-09-10,"CM51",1.5,"CM51_1.5",21.24375
"164",2023-09-11,"CM51",1.5,"CM51_1.5",21.29375
"165",2023-09-12,"CM51",1.5,"CM51_1.5",21.2135416666667
"166",2023-09-13,"CM51",1.5,"CM51_1.5",21.184375
"167",2023-09-14,"CM51",1.5,"CM51_1.5",21.1854166666667
"168",2023-09-15,"CM51",1.5,"CM51_1.5",21.08125
"169",2023-09-16,"CM51",1.5,"CM51_1.5",20.896875
"170",2023-09-17,"CM51",1.5,"CM51_1.5",20.6083333333333
"171",2023-09-18,"CM51",1.5,"CM51_1.5",20.340625
"172",2023-09-19,"CM51",1.5,"CM51_1.5",20.184375
"173",2023-09-20,"CM51",1.5,"CM51_1.5",20.1395833333333
"174",2023-09-21,"CM51",1.5,"CM51_1.5",20.0104166666667
"175",2023-09-22,"CM51",1.5,"CM51_1.5",19.8229166666667
"176",2023-09-23,"CM51",1.5,"CM51_1.5",19.6895833333333
"177",2023-09-24,"CM51",1.5,"CM51_1.5",19.471875
"178",2023-04-01,"CM66",1.5,"CM66_1.5",12.8000138888889
"179",2023-04-02,"CM66",1.5,"CM66_1.5",13.0183888888889
"180",2023-04-03,"CM66",1.5,"CM66_1.5",13.1153958333333
"181",2023-04-04,"CM66",1.5,"CM66_1.5",13.0856666666667
"182",2023-04-05,"CM66",1.5,"CM66_1.5",13.2133541666667
"183",2023-04-06,"CM66",1.5,"CM66_1.5",13.4964583333333
"184",2023-04-07,"CM66",1.5,"CM66_1.5",13.6583125
"185",2023-04-08,"CM66",1.5,"CM66_1.5",13.7031527777778
"186",2023-04-09,"CM66",1.5,"CM66_1.5",14.2010486111111
"187",2023-04-10,"CM66",1.5,"CM66_1.5",14.6561041666667
"188",2023-04-11,"CM66",1.5,"CM66_1.5",15.1218055555556
"189",2023-04-12,"CM66",1.5,"CM66_1.5",15.3042986111111
"190",2023-04-13,"CM66",1.5,"CM66_1.5",15.1661111111111
"191",2023-04-14,"CM66",1.5,"CM66_1.5",14.983375
"192",2023-04-15,"CM66",1.5,"CM66_1.5",15.1602708333333
"193",2023-04-16,"CM66",1.5,"CM66_1.5",15.1901527777778
"194",2023-04-17,"CM66",1.5,"CM66_1.5",15.0857430555556
"195",2023-04-18,"CM66",1.5,"CM66_1.5",14.9221944444444
"196",2023-04-19,"CM66",1.5,"CM66_1.5",15.0352152777778
"197",2023-04-20,"CM66",1.5,"CM66_1.5",15.3295763888889
"198",2023-04-21,"CM66",1.5,"CM66_1.5",15.6735694444444
"199",2023-04-22,"CM66",1.5,"CM66_1.5",16.2165555555556
"200",2023-04-23,"CM66",1.5,"CM66_1.5",16.6506458333333
"201",2023-04-24,"CM66",1.5,"CM66_1.5",17.0685902777778
"202",2023-04-25,"CM66",1.5,"CM66_1.5",17.3906944444444
"203",2023-04-26,"CM66",1.5,"CM66_1.5",17.6576805555556
"204",2023-04-27,"CM66",1.5,"CM66_1.5",18.0849583333333
"205",2023-04-28,"CM66",1.5,"CM66_1.5",18.4842291666667
"206",2023-04-29,"CM66",1.5,"CM66_1.5",18.9412222222222
"207",2023-04-30,"CM66",1.5,"CM66_1.5",18.8848541666667
"208",2023-05-01,"CM66",1.5,"CM66_1.5",18.3440625
"209",2023-05-02,"CM66",1.5,"CM66_1.5",17.6773958333333
"210",2023-05-03,"CM66",1.5,"CM66_1.5",17.5823194444444
"211",2023-05-04,"CM66",1.5,"CM66_1.5",17.4664375
"212",2023-05-05,"CM66",1.5,"CM66_1.5",17.2659583333333
"213",2023-05-06,"CM66",1.5,"CM66_1.5",17.2532013888889
"214",2023-05-07,"CM66",1.5,"CM66_1.5",17.3353055555556
"215",2023-05-08,"CM66",1.5,"CM66_1.5",17.3916388888889
"216",2023-05-09,"CM66",1.5,"CM66_1.5",17.5647222222222
"217",2023-05-10,"CM66",1.5,"CM66_1.5",17.7009930555556
"218",2023-05-11,"CM66",1.5,"CM66_1.5",17.6872638888889
"219",2023-05-12,"CM66",1.5,"CM66_1.5",18.0142638888889
"220",2023-05-13,"CM66",1.5,"CM66_1.5",18.5988541666667
"221",2023-05-14,"CM66",1.5,"CM66_1.5",19.2797569444444
"222",2023-05-15,"CM66",1.5,"CM66_1.5",19.5121388888889
"223",2023-05-16,"CM66",1.5,"CM66_1.5",19.8587777777778
"224",2023-05-17,"CM66",1.5,"CM66_1.5",20.3034583333333
"225",2023-05-18,"CM66",1.5,"CM66_1.5",20.5126388888889
"226",2023-05-19,"CM66",1.5,"CM66_1.5",20.7245694444444
"227",2023-05-20,"CM66",1.5,"CM66_1.5",20.7967083333333
"228",2023-05-21,"CM66",1.5,"CM66_1.5",20.7515833333333
"229",2023-05-22,"CM66",1.5,"CM66_1.5",21.0040416666667
"230",2023-05-23,"CM66",1.5,"CM66_1.5",21.1951805555556
"231",2023-05-24,"CM66",1.5,"CM66_1.5",20.8664236111111
"232",2023-05-25,"CM66",1.5,"CM66_1.5",20.5726111111111
"233",2023-05-26,"CM66",1.5,"CM66_1.5",20.1911736111111
"234",2023-05-27,"CM66",1.5,"CM66_1.5",19.9926111111111
"235",2023-05-28,"CM66",1.5,"CM66_1.5",19.9547777777778
"236",2023-05-29,"CM66",1.5,"CM66_1.5",19.6888888888889
"237",2023-05-30,"CM66",1.5,"CM66_1.5",19.5705902777778
"238",2023-05-31,"CM66",1.5,"CM66_1.5",19.4708611111111
"239",2023-06-01,"CM66",1.5,"CM66_1.5",19.5633611111111
"240",2023-06-02,"CM66",1.5,"CM66_1.5",19.7677291666667
"241",2023-06-03,"CM66",1.5,"CM66_1.5",20.0960416666667
"242",2023-06-04,"CM66",1.5,"CM66_1.5",20.4653611111111
"243",2023-06-05,"CM66",1.5,"CM66_1.5",20.7946319444444
"244",2023-06-06,"CM66",1.5,"CM66_1.5",20.4928263888889
"245",2023-06-07,"CM66",1.5,"CM66_1.5",21.3119930555556
"246",2023-06-08,"CM66",1.5,"CM66_1.5",22.1311597222222
"247",2023-06-09,"CM66",1.5,"CM66_1.5",23.5347916666667
"248",2023-06-10,"CM66",1.5,"CM66_1.5",23.3701527777778
"249",2023-06-11,"CM66",1.5,"CM66_1.5",24.1379583333333
"250",2023-06-12,"CM66",1.5,"CM66_1.5",24.2012291666667
"251",2023-06-13,"CM66",1.5,"CM66_1.5",23.5390388888889
"252",2023-06-14,"CM66",1.5,"CM66_1.5",22.8768486111111
"253",2023-06-15,"CM66",1.5,"CM66_1.5",22.2146583333333
"254",2023-06-16,"CM66",1.5,"CM66_1.5",21.5524680555556
"255",2023-06-17,"CM66",1.5,"CM66_1.5",20.8902777777778
"256",2023-06-18,"CM66",1.5,"CM66_1.5",21.019
"257",2023-06-19,"CM66",1.5,"CM66_1.5",20.75675
"258",2023-06-20,"CM66",1.5,"CM66_1.5",20.7141527777778
"259",2023-06-21,"CM66",1.5,"CM66_1.5",20.9881458333333
"260",2023-06-22,"CM66",1.5,"CM66_1.5",20.9299236111111
"261",2023-06-23,"CM66",1.5,"CM66_1.5",20.4829652777778
"262",2023-06-24,"CM66",1.5,"CM66_1.5",20.4149652777778
"263",2023-06-25,"CM66",1.5,"CM66_1.5",20.3256041666667
"264",2023-06-26,"CM66",1.5,"CM66_1.5",20.3541805555556
"265",2023-06-27,"CM66",1.5,"CM66_1.5",20.5143333333333
"266",2023-06-28,"CM66",1.5,"CM66_1.5",20.6381111111111
"267",2023-06-29,"CM66",1.5,"CM66_1.5",20.8939791666667
"268",2023-06-30,"CM66",1.5,"CM66_1.5",21.5135486111111
"269",2023-07-01,"CM66",1.5,"CM66_1.5",22.0819097222222
"270",2023-07-02,"CM66",1.5,"CM66_1.5",22.7965138888889
"271",2023-07-03,"CM66",1.5,"CM66_1.5",22.9987013888889
"272",2023-07-04,"CM66",1.5,"CM66_1.5",22.7877569444444
"273",2023-07-05,"CM66",1.5,"CM66_1.5",22.5444097222222
"274",2023-07-06,"CM66",1.5,"CM66_1.5",22.2094375
"275",2023-07-07,"CM66",1.5,"CM66_1.5",22.0019652777778
"276",2023-07-08,"CM66",1.5,"CM66_1.5",21.8138333333333
"277",2023-07-09,"CM66",1.5,"CM66_1.5",21.4939652777778
"278",2023-07-10,"CM66",1.5,"CM66_1.5",21.3703333333333
"279",2023-07-11,"CM66",1.5,"CM66_1.5",21.7632569444444
"280",2023-07-12,"CM66",1.5,"CM66_1.5",22.0819166666667
"281",2023-07-13,"CM66",1.5,"CM66_1.5",22.3410694444444
"282",2023-07-14,"CM66",1.5,"CM66_1.5",22.7595902777778
"283",2023-07-15,"CM66",1.5,"CM66_1.5",23.2178888888889
"284",2023-07-16,"CM66",1.5,"CM66_1.5",23.7101597222222
"285",2023-07-17,"CM66",1.5,"CM66_1.5",24.0120069444444
"286",2023-07-18,"CM66",1.5,"CM66_1.5",24.0113333333333
"287",2023-07-19,"CM66",1.5,"CM66_1.5",23.8813263888889
"288",2023-07-20,"CM66",1.5,"CM66_1.5",23.8701388888889
"289",2023-07-21,"CM66",1.5,"CM66_1.5",24.2611805555556
"290",2023-07-22,"CM66",1.5,"CM66_1.5",24.5741666666667
"291",2023-07-23,"CM66",1.5,"CM66_1.5",24.9960486111111
"292",2023-07-24,"CM66",1.5,"CM66_1.5",24.7404513888889
"293",2023-07-25,"CM66",1.5,"CM66_1.5",24.4334305555556
"294",2023-07-26,"CM66",1.5,"CM66_1.5",24.6317013888889
"295",2023-07-27,"CM66",1.5,"CM66_1.5",24.4271875
"296",2023-07-28,"CM66",1.5,"CM66_1.5",24.1428680555556
"297",2023-07-29,"CM66",1.5,"CM66_1.5",24.0027708333333
"298",2023-07-30,"CM66",1.5,"CM66_1.5",23.7939722222222
"299",2023-07-31,"CM66",1.5,"CM66_1.5",23.7539375
"300",2023-08-01,"CM66",1.5,"CM66_1.5",23.7770833333333
"301",2023-08-02,"CM66",1.5,"CM66_1.5",23.4315069444444
"302",2023-08-03,"CM66",1.5,"CM66_1.5",23.1713333333333
"303",2023-08-04,"CM66",1.5,"CM66_1.5",23.0501527777778
"304",2023-08-05,"CM66",1.5,"CM66_1.5",23.3509583333333
"305",2023-08-06,"CM66",1.5,"CM66_1.5",23.6673333333333
"306",2023-08-07,"CM66",1.5,"CM66_1.5",24.1871041666667
"307",2023-08-08,"CM66",1.5,"CM66_1.5",24.1152916666667
"308",2023-08-09,"CM66",1.5,"CM66_1.5",23.7738333333333
"309",2023-08-10,"CM66",1.5,"CM66_1.5",23.7144652777778
"310",2023-08-11,"CM66",1.5,"CM66_1.5",23.6171666666667
"311",2023-08-12,"CM66",1.5,"CM66_1.5",23.6685972222222
"312",2023-08-13,"CM66",1.5,"CM66_1.5",23.8707013888889
"313",2023-08-14,"CM66",1.5,"CM66_1.5",24.1446875
"314",2023-08-15,"CM66",1.5,"CM66_1.5",24.4087430555556
"315",2023-08-16,"CM66",1.5,"CM66_1.5",24.8023055555556
"316",2023-08-17,"CM66",1.5,"CM66_1.5",25.0922430555556
"317",2023-08-18,"CM66",1.5,"CM66_1.5",24.838
"318",2023-08-19,"CM66",1.5,"CM66_1.5",24.6318402777778
"319",2023-08-20,"CM66",1.5,"CM66_1.5",24.5968472222222
"320",2023-08-21,"CM66",1.5,"CM66_1.5",24.6011180555556
"321",2023-08-22,"CM66",1.5,"CM66_1.5",24.4418541666667
"322",2023-08-23,"CM66",1.5,"CM66_1.5",24.779875
"323",2023-08-24,"CM66",1.5,"CM66_1.5",25.1692847222222
"324",2023-08-25,"CM66",1.5,"CM66_1.5",24.7965625
"325",2023-08-26,"CM66",1.5,"CM66_1.5",24.4985902777778
"326",2023-08-27,"CM66",1.5,"CM66_1.5",24.3719930555556
"327",2023-08-28,"CM66",1.5,"CM66_1.5",24.4099652777778
"328",2023-08-29,"CM66",1.5,"CM66_1.5",24.4314652777778
"329",2023-08-30,"CM66",1.5,"CM66_1.5",24.4447708333333
"330",2023-08-31,"CM66",1.5,"CM66_1.5",24.5854375
"331",2023-09-01,"CM66",1.5,"CM66_1.5",24.1500902777778
"332",2023-09-02,"CM66",1.5,"CM66_1.5",23.5394097222222
"333",2023-09-03,"CM66",1.5,"CM66_1.5",23.3621458333333
"334",2023-09-04,"CM66",1.5,"CM66_1.5",23.2395347222222
"335",2023-09-05,"CM66",1.5,"CM66_1.5",23.2539513888889
"336",2023-09-06,"CM66",1.5,"CM66_1.5",23.2706944444444
"337",2023-09-07,"CM66",1.5,"CM66_1.5",22.9408680555556
"338",2023-09-08,"CM66",1.5,"CM66_1.5",22.8632986111111
"339",2023-09-09,"CM66",1.5,"CM66_1.5",22.8376388888889
"340",2023-09-10,"CM66",1.5,"CM66_1.5",22.8674097222222
"341",2023-09-11,"CM66",1.5,"CM66_1.5",22.9274583333333
"342",2023-09-12,"CM66",1.5,"CM66_1.5",22.8810069444444
"343",2023-09-13,"CM66",1.5,"CM66_1.5",22.9008819444444
"344",2023-09-14,"CM66",1.5,"CM66_1.5",22.9635138888889
"345",2023-09-15,"CM66",1.5,"CM66_1.5",22.9081666666667
"346",2023-09-16,"CM66",1.5,"CM66_1.5",22.6576875
"347",2023-09-17,"CM66",1.5,"CM66_1.5",22.2414583333333
"348",2023-09-18,"CM66",1.5,"CM66_1.5",21.8968472222222
"349",2023-09-19,"CM66",1.5,"CM66_1.5",21.7387847222222
"350",2023-09-20,"CM66",1.5,"CM66_1.5",21.6253611111111
"351",2023-09-21,"CM66",1.5,"CM66_1.5",21.4082708333333
"352",2023-09-22,"CM66",1.5,"CM66_1.5",21.1659861111111
"353",2023-09-23,"CM66",1.5,"CM66_1.5",21.000125
"354",2023-09-24,"CM66",1.5,"CM66_1.5",20.7790069444444
"355",2023-04-01,"CM66",2.5,"CM66_2.5",12.7068402777778
"356",2023-04-02,"CM66",2.5,"CM66_2.5",13.0095902777778
"357",2023-04-03,"CM66",2.5,"CM66_2.5",13.1133819444444
"358",2023-04-04,"CM66",2.5,"CM66_2.5",13.081
"359",2023-04-05,"CM66",2.5,"CM66_2.5",13.1909722222222
"360",2023-04-06,"CM66",2.5,"CM66_2.5",13.4284930555556
"361",2023-04-07,"CM66",2.5,"CM66_2.5",13.6606597222222
"362",2023-04-08,"CM66",2.5,"CM66_2.5",13.9164027777778
"363",2023-04-09,"CM66",2.5,"CM66_2.5",14.1721458333333
"364",2023-04-10,"CM66",2.5,"CM66_2.5",14.6195972222222
"365",2023-04-11,"CM66",2.5,"CM66_2.5",15.0700972222222
"366",2023-04-12,"CM66",2.5,"CM66_2.5",15.2258958333333
"367",2023-04-13,"CM66",2.5,"CM66_2.5",15.1064791666667
"368",2023-04-14,"CM66",2.5,"CM66_2.5",14.9312916666667
"369",2023-04-15,"CM66",2.5,"CM66_2.5",15.03075
"370",2023-04-16,"CM66",2.5,"CM66_2.5",15.1683819444444
"371",2023-04-17,"CM66",2.5,"CM66_2.5",15.0879305555556
"372",2023-04-18,"CM66",2.5,"CM66_2.5",14.9116666666667
"373",2023-04-19,"CM66",2.5,"CM66_2.5",14.9870694444444
"374",2023-04-20,"CM66",2.5,"CM66_2.5",15.3036875
"375",2023-04-21,"CM66",2.5,"CM66_2.5",15.6470555555556
"376",2023-04-22,"CM66",2.5,"CM66_2.5",16.1709305555556
"377",2023-04-23,"CM66",2.5,"CM66_2.5",16.5759583333333
"378",2023-04-24,"CM66",2.5,"CM66_2.5",16.9705416666667
"379",2023-04-25,"CM66",2.5,"CM66_2.5",17.3103194444444
"380",2023-04-26,"CM66",2.5,"CM66_2.5",17.6147708333333
"381",2023-04-27,"CM66",2.5,"CM66_2.5",17.9650416666667
"382",2023-04-28,"CM66",2.5,"CM66_2.5",18.3495
"383",2023-04-29,"CM66",2.5,"CM66_2.5",18.6800972222222
"384",2023-04-30,"CM66",2.5,"CM66_2.5",18.8389791666667
"385",2023-05-01,"CM66",2.5,"CM66_2.5",18.2592569444444
"386",2023-05-02,"CM66",2.5,"CM66_2.5",17.6795347222222
"387",2023-05-03,"CM66",2.5,"CM66_2.5",17.5496388888889
"388",2023-05-04,"CM66",2.5,"CM66_2.5",17.4651111111111
"389",2023-05-05,"CM66",2.5,"CM66_2.5",17.2582152777778
"390",2023-05-06,"CM66",2.5,"CM66_2.5",17.2504097222222
"391",2023-05-07,"CM66",2.5,"CM66_2.5",17.2997847222222
"392",2023-05-08,"CM66",2.5,"CM66_2.5",17.3841805555556
"393",2023-05-09,"CM66",2.5,"CM66_2.5",17.4788541666667
"394",2023-05-10,"CM66",2.5,"CM66_2.5",17.6666527777778
"395",2023-05-11,"CM66",2.5,"CM66_2.5",17.6438402777778
"396",2023-05-12,"CM66",2.5,"CM66_2.5",17.8516180555556
"397",2023-05-13,"CM66",2.5,"CM66_2.5",18.3873194444444
"398",2023-05-14,"CM66",2.5,"CM66_2.5",19.0293472222222
"399",2023-05-15,"CM66",2.5,"CM66_2.5",19.4820416666667
"400",2023-05-16,"CM66",2.5,"CM66_2.5",19.7614375
"401",2023-05-17,"CM66",2.5,"CM66_2.5",20.1472916666667
"402",2023-05-18,"CM66",2.5,"CM66_2.5",20.4519166666667
"403",2023-05-19,"CM66",2.5,"CM66_2.5",20.6787291666667
"404",2023-05-20,"CM66",2.5,"CM66_2.5",20.7872708333333
"405",2023-05-21,"CM66",2.5,"CM66_2.5",20.7047291666667
"406",2023-05-22,"CM66",2.5,"CM66_2.5",20.9343611111111
"407",2023-05-23,"CM66",2.5,"CM66_2.5",21.1487013888889
"408",2023-05-24,"CM66",2.5,"CM66_2.5",20.8543333333333
"409",2023-05-25,"CM66",2.5,"CM66_2.5",20.5722569444444
"410",2023-05-26,"CM66",2.5,"CM66_2.5",20.1978055555556
"411",2023-05-27,"CM66",2.5,"CM66_2.5",19.9724513888889
"412",2023-05-28,"CM66",2.5,"CM66_2.5",19.9487986111111
"413",2023-05-29,"CM66",2.5,"CM66_2.5",19.6858055555556
"414",2023-05-30,"CM66",2.5,"CM66_2.5",19.5718958333333
"415",2023-05-31,"CM66",2.5,"CM66_2.5",19.4597222222222
"416",2023-06-01,"CM66",2.5,"CM66_2.5",19.5432222222222
"417",2023-06-02,"CM66",2.5,"CM66_2.5",19.7097013888889
"418",2023-06-03,"CM66",2.5,"CM66_2.5",20.0270763888889
"419",2023-06-04,"CM66",2.5,"CM66_2.5",20.4247708333333
"420",2023-06-05,"CM66",2.5,"CM66_2.5",20.7861527777778
"421",2023-06-06,"CM66",2.5,"CM66_2.5",20.5037638888889
"422",2023-06-07,"CM66",2.5,"CM66_2.5",21.3344375
"423",2023-06-08,"CM66",2.5,"CM66_2.5",22.1651111111111
"424",2023-06-09,"CM66",2.5,"CM66_2.5",23.5962013888889
"425",2023-06-10,"CM66",2.5,"CM66_2.5",23.4817222222222
"426",2023-06-11,"CM66",2.5,"CM66_2.5",24.1654722222222
"427",2023-06-12,"CM66",2.5,"CM66_2.5",24.2104583333333
"428",2023-06-13,"CM66",2.5,"CM66_2.5",24.0409645390071
"429",2023-06-14,"CM66",2.5,"CM66_2.5",24.7719166666667
"430",2023-06-15,"CM66",2.5,"CM66_2.5",23.4736851851852
"431",2023-06-16,"CM66",2.5,"CM66_2.5",22.1754537037037
"432",2023-06-17,"CM66",2.5,"CM66_2.5",20.8772222222222
"433",2023-06-18,"CM66",2.5,"CM66_2.5",20.9896180555556
"434",2023-06-19,"CM66",2.5,"CM66_2.5",20.7249583333333
"435",2023-06-20,"CM66",2.5,"CM66_2.5",20.6500138888889
"436",2023-06-21,"CM66",2.5,"CM66_2.5",20.8529027777778
"437",2023-06-22,"CM66",2.5,"CM66_2.5",20.9108194444444
"438",2023-06-23,"CM66",2.5,"CM66_2.5",20.4799652777778
"439",2023-06-24,"CM66",2.5,"CM66_2.5",20.4050138888889
"440",2023-06-25,"CM66",2.5,"CM66_2.5",20.3173263888889
"441",2023-06-26,"CM66",2.5,"CM66_2.5",20.2837222222222
"442",2023-06-27,"CM66",2.5,"CM66_2.5",20.4227222222222
"443",2023-06-28,"CM66",2.5,"CM66_2.5",20.6016805555556
"444",2023-06-29,"CM66",2.5,"CM66_2.5",20.8234166666667
"445",2023-06-30,"CM66",2.5,"CM66_2.5",21.2782777777778
"446",2023-07-01,"CM66",2.5,"CM66_2.5",21.8910763888889
"447",2023-07-02,"CM66",2.5,"CM66_2.5",22.5841388888889
"448",2023-07-03,"CM66",2.5,"CM66_2.5",22.9561944444444
"449",2023-07-04,"CM66",2.5,"CM66_2.5",22.7643680555556
"450",2023-07-05,"CM66",2.5,"CM66_2.5",22.5471805555556
"451",2023-07-06,"CM66",2.5,"CM66_2.5",22.2134375
"452",2023-07-07,"CM66",2.5,"CM66_2.5",22.0005972222222
"453",2023-07-08,"CM66",2.5,"CM66_2.5",21.8095277777778
"454",2023-07-09,"CM66",2.5,"CM66_2.5",21.4975902777778
"455",2023-07-10,"CM66",2.5,"CM66_2.5",21.2619861111111
"456",2023-07-11,"CM66",2.5,"CM66_2.5",21.61575
"457",2023-07-12,"CM66",2.5,"CM66_2.5",21.9685208333333
"458",2023-07-13,"CM66",2.5,"CM66_2.5",22.2820069444444
"459",2023-07-14,"CM66",2.5,"CM66_2.5",22.6148819444444
"460",2023-07-15,"CM66",2.5,"CM66_2.5",23.0433819444444
"461",2023-07-16,"CM66",2.5,"CM66_2.5",23.5277013888889
"462",2023-07-17,"CM66",2.5,"CM66_2.5",23.9355763888889
"463",2023-07-18,"CM66",2.5,"CM66_2.5",23.9969027777778
"464",2023-07-19,"CM66",2.5,"CM66_2.5",23.8238541666667
"465",2023-07-20,"CM66",2.5,"CM66_2.5",23.8368194444444
"466",2023-07-21,"CM66",2.5,"CM66_2.5",24.2066388888889
"467",2023-07-22,"CM66",2.5,"CM66_2.5",24.5221805555556
"468",2023-07-23,"CM66",2.5,"CM66_2.5",24.8278819444444
"469",2023-07-24,"CM66",2.5,"CM66_2.5",24.6886111111111
"470",2023-07-25,"CM66",2.5,"CM66_2.5",24.3955555555556
"471",2023-07-26,"CM66",2.5,"CM66_2.5",24.5246875
"472",2023-07-27,"CM66",2.5,"CM66_2.5",24.4074027777778
"473",2023-07-28,"CM66",2.5,"CM66_2.5",24.1209375
"474",2023-07-29,"CM66",2.5,"CM66_2.5",23.9750347222222
"475",2023-07-30,"CM66",2.5,"CM66_2.5",23.7742013888889
"476",2023-07-31,"CM66",2.5,"CM66_2.5",23.7024027777778
"477",2023-08-01,"CM66",2.5,"CM66_2.5",23.7623541666667
"478",2023-08-02,"CM66",2.5,"CM66_2.5",23.4304791666667
"479",2023-08-03,"CM66",2.5,"CM66_2.5",23.1642986111111
"480",2023-08-04,"CM66",2.5,"CM66_2.5",23.01725
"481",2023-08-05,"CM66",2.5,"CM66_2.5",23.2394375
"482",2023-08-06,"CM66",2.5,"CM66_2.5",23.6405486111111
"483",2023-08-07,"CM66",2.5,"CM66_2.5",24.0276319444444
"484",2023-08-08,"CM66",2.5,"CM66_2.5",24.0651736111111
"485",2023-08-09,"CM66",2.5,"CM66_2.5",23.7575972222222
"486",2023-08-10,"CM66",2.5,"CM66_2.5",23.6791944444444
"487",2023-08-11,"CM66",2.5,"CM66_2.5",23.5905694444444
"488",2023-08-12,"CM66",2.5,"CM66_2.5",23.6007361111111
"489",2023-08-13,"CM66",2.5,"CM66_2.5",23.8096319444444
"490",2023-08-14,"CM66",2.5,"CM66_2.5",24.0860486111111
"491",2023-08-15,"CM66",2.5,"CM66_2.5",24.3478055555556
"492",2023-08-16,"CM66",2.5,"CM66_2.5",24.7084652777778
"493",2023-08-17,"CM66",2.5,"CM66_2.5",24.9984861111111
"494",2023-08-18,"CM66",2.5,"CM66_2.5",24.8432222222222
"495",2023-08-19,"CM66",2.5,"CM66_2.5",24.5946388888889
"496",2023-08-20,"CM66",2.5,"CM66_2.5",24.5951666666667
"497",2023-08-21,"CM66",2.5,"CM66_2.5",24.6069652777778
"498",2023-08-22,"CM66",2.5,"CM66_2.5",24.4193402777778
"499",2023-08-23,"CM66",2.5,"CM66_2.5",24.6517569444444
"500",2023-08-24,"CM66",2.5,"CM66_2.5",24.9697291666667
"501",2023-08-25,"CM66",2.5,"CM66_2.5",24.7586111111111
"502",2023-08-26,"CM66",2.5,"CM66_2.5",24.4835208333333
"503",2023-08-27,"CM66",2.5,"CM66_2.5",24.3195972222222
"504",2023-08-28,"CM66",2.5,"CM66_2.5",24.3220555555556
"505",2023-08-29,"CM66",2.5,"CM66_2.5",24.3845902777778
"506",2023-08-30,"CM66",2.5,"CM66_2.5",24.4269583333333
"507",2023-08-31,"CM66",2.5,"CM66_2.5",24.5575694444444
"508",2023-09-01,"CM66",2.5,"CM66_2.5",24.1609861111111
"509",2023-09-02,"CM66",2.5,"CM66_2.5",23.5261527777778
"510",2023-09-03,"CM66",2.5,"CM66_2.5",23.3547986111111
"511",2023-09-04,"CM66",2.5,"CM66_2.5",23.2255069444444
"512",2023-09-05,"CM66",2.5,"CM66_2.5",23.2240763888889
"513",2023-09-06,"CM66",2.5,"CM66_2.5",23.2424930555556
"514",2023-09-07,"CM66",2.5,"CM66_2.5",22.9275555555556
"515",2023-09-08,"CM66",2.5,"CM66_2.5",22.7996111111111
"516",2023-09-09,"CM66",2.5,"CM66_2.5",22.8134722222222
"517",2023-09-10,"CM66",2.5,"CM66_2.5",22.8234444444444
"518",2023-09-11,"CM66",2.5,"CM66_2.5",22.8986180555556
"519",2023-09-12,"CM66",2.5,"CM66_2.5",22.8739930555556
"520",2023-09-13,"CM66",2.5,"CM66_2.5",22.8701875
"521",2023-09-14,"CM66",2.5,"CM66_2.5",22.9440069444444
"522",2023-09-15,"CM66",2.5,"CM66_2.5",22.8938194444444
"523",2023-09-16,"CM66",2.5,"CM66_2.5",22.6633055555556
"524",2023-09-17,"CM66",2.5,"CM66_2.5",22.2477916666667
"525",2023-09-18,"CM66",2.5,"CM66_2.5",21.8662361111111
"526",2023-09-19,"CM66",2.5,"CM66_2.5",21.7148888888889
"527",2023-09-20,"CM66",2.5,"CM66_2.5",21.6213680555556
"528",2023-09-21,"CM66",2.5,"CM66_2.5",21.3920625
"529",2023-09-22,"CM66",2.5,"CM66_2.5",21.1403333333333
"530",2023-09-23,"CM66",2.5,"CM66_2.5",20.956
"531",2023-09-24,"CM66",2.5,"CM66_2.5",20.7700763888889
"532",2023-04-01,"CM66",3.5,"CM66_3.5",12.5607222222222
"533",2023-04-02,"CM66",3.5,"CM66_3.5",12.9577986111111
"534",2023-04-03,"CM66",3.5,"CM66_3.5",13.0688611111111
"535",2023-04-04,"CM66",3.5,"CM66_3.5",13.0370138888889
"536",2023-04-05,"CM66",3.5,"CM66_3.5",13.1338194444444
"537",2023-04-06,"CM66",3.5,"CM66_3.5",13.3669027777778
"538",2023-04-07,"CM66",3.5,"CM66_3.5",13.6138472222222
"539",2023-04-08,"CM66",3.5,"CM66_3.5",13.8600173611111
"540",2023-04-09,"CM66",3.5,"CM66_3.5",14.1061875
"541",2023-04-10,"CM66",3.5,"CM66_3.5",14.5613125
"542",2023-04-11,"CM66",3.5,"CM66_3.5",14.9949583333333
"543",2023-04-12,"CM66",3.5,"CM66_3.5",15.1532291666667
"544",2023-04-13,"CM66",3.5,"CM66_3.5",15.0196736111111
"545",2023-04-14,"CM66",3.5,"CM66_3.5",14.8765277777778
"546",2023-04-15,"CM66",3.5,"CM66_3.5",14.9335972222222
"547",2023-04-16,"CM66",3.5,"CM66_3.5",15.0831319444444
"548",2023-04-17,"CM66",3.5,"CM66_3.5",15.0460763888889
"549",2023-04-18,"CM66",3.5,"CM66_3.5",14.8627152777778
"550",2023-04-19,"CM66",3.5,"CM66_3.5",14.9251875
"551",2023-04-20,"CM66",3.5,"CM66_3.5",15.2398958333333
"552",2023-04-21,"CM66",3.5,"CM66_3.5",15.5834513888889
"553",2023-04-22,"CM66",3.5,"CM66_3.5",16.0807638888889
"554",2023-04-23,"CM66",3.5,"CM66_3.5",16.5102916666667
"555",2023-04-24,"CM66",3.5,"CM66_3.5",16.8977152777778
"556",2023-04-25,"CM66",3.5,"CM66_3.5",17.2416458333333
"557",2023-04-26,"CM66",3.5,"CM66_3.5",17.5265486111111
"558",2023-04-27,"CM66",3.5,"CM66_3.5",17.8662222222222
"559",2023-04-28,"CM66",3.5,"CM66_3.5",18.2530208333333
"560",2023-04-29,"CM66",3.5,"CM66_3.5",18.5243333333333
"561",2023-04-30,"CM66",3.5,"CM66_3.5",18.7508888888889
"562",2023-05-01,"CM66",3.5,"CM66_3.5",18.3136319444444
"563",2023-05-02,"CM66",3.5,"CM66_3.5",17.6333125
"564",2023-05-03,"CM66",3.5,"CM66_3.5",17.4948819444444
"565",2023-05-04,"CM66",3.5,"CM66_3.5",17.4207569444444
"566",2023-05-05,"CM66",3.5,"CM66_3.5",17.2057777777778
"567",2023-05-06,"CM66",3.5,"CM66_3.5",17.205125
"568",2023-05-07,"CM66",3.5,"CM66_3.5",17.2279583333333
"569",2023-05-08,"CM66",3.5,"CM66_3.5",17.3303611111111
"570",2023-05-09,"CM66",3.5,"CM66_3.5",17.4092708333333
"571",2023-05-10,"CM66",3.5,"CM66_3.5",17.6091666666667
"572",2023-05-11,"CM66",3.5,"CM66_3.5",17.5961319444444
"573",2023-05-12,"CM66",3.5,"CM66_3.5",17.7833263888889
"574",2023-05-13,"CM66",3.5,"CM66_3.5",18.2900972222222
"575",2023-05-14,"CM66",3.5,"CM66_3.5",18.8841041666667
"576",2023-05-15,"CM66",3.5,"CM66_3.5",19.4072916666667
"577",2023-05-16,"CM66",3.5,"CM66_3.5",19.6460763888889
"578",2023-05-17,"CM66",3.5,"CM66_3.5",19.9898055555556
"579",2023-05-18,"CM66",3.5,"CM66_3.5",20.3545347222222
"580",2023-05-19,"CM66",3.5,"CM66_3.5",20.6074583333333
"581",2023-05-20,"CM66",3.5,"CM66_3.5",20.7328402777778
"582",2023-05-21,"CM66",3.5,"CM66_3.5",20.6542083333333
"583",2023-05-22,"CM66",3.5,"CM66_3.5",20.8721944444444
"584",2023-05-23,"CM66",3.5,"CM66_3.5",21.077875
"585",2023-05-24,"CM66",3.5,"CM66_3.5",20.7954583333333
"586",2023-05-25,"CM66",3.5,"CM66_3.5",20.5189722222222
"587",2023-05-26,"CM66",3.5,"CM66_3.5",20.1564305555556
"588",2023-05-27,"CM66",3.5,"CM66_3.5",19.9120347222222
"589",2023-05-28,"CM66",3.5,"CM66_3.5",19.8968541666667
"590",2023-05-29,"CM66",3.5,"CM66_3.5",19.6391527777778
"591",2023-05-30,"CM66",3.5,"CM66_3.5",19.5297152777778
"592",2023-05-31,"CM66",3.5,"CM66_3.5",19.4085694444444
"593",2023-06-01,"CM66",3.5,"CM66_3.5",19.4774791666667
"594",2023-06-02,"CM66",3.5,"CM66_3.5",19.6333819444444
"595",2023-06-03,"CM66",3.5,"CM66_3.5",19.9430486111111
"596",2023-06-04,"CM66",3.5,"CM66_3.5",20.3583958333333
"597",2023-06-05,"CM66",3.5,"CM66_3.5",20.7262361111111
"598",2023-06-06,"CM66",3.5,"CM66_3.5",20.4645347222222
"599",2023-06-07,"CM66",3.5,"CM66_3.5",21.2954722222222
"600",2023-06-08,"CM66",3.5,"CM66_3.5",22.1264097222222
"601",2023-06-09,"CM66",3.5,"CM66_3.5",23.5192986111111
"602",2023-06-10,"CM66",3.5,"CM66_3.5",23.540375
"603",2023-06-11,"CM66",3.5,"CM66_3.5",24.3048541666667
"604",2023-06-12,"CM66",3.5,"CM66_3.5",24.23075
"605",2023-06-17,"CM66",5,"CM66_5",20.8043194444444
"606",2023-06-18,"CM66",5,"CM66_5",20.9197638888889
"607",2023-06-19,"CM66",5,"CM66_5",20.6662361111111
"608",2023-06-20,"CM66",5,"CM66_5",20.5715555555556
"609",2023-06-21,"CM66",5,"CM66_5",20.7603055555556
"610",2023-06-22,"CM66",5,"CM66_5",20.8392986111111
"611",2023-06-23,"CM66",5,"CM66_5",20.4126180555556
"612",2023-06-24,"CM66",5,"CM66_5",20.3239930555556
"613",2023-06-25,"CM66",5,"CM66_5",20.2424791666667
"614",2023-06-26,"CM66",5,"CM66_5",20.1711527777778
"615",2023-06-27,"CM66",5,"CM66_5",20.2581388888889
"616",2023-06-28,"CM66",5,"CM66_5",20.4193472222222
"617",2023-06-29,"CM66",5,"CM66_5",20.7156388888889
"618",2023-06-30,"CM66",5,"CM66_5",21.0662291666667
"619",2023-07-01,"CM66",5,"CM66_5",21.6839027777778
"620",2023-07-02,"CM66",5,"CM66_5",22.3181388888889
"621",2023-07-03,"CM66",5,"CM66_5",22.8001180555556
"622",2023-07-04,"CM66",5,"CM66_5",22.6791180555556
"623",2023-07-05,"CM66",5,"CM66_5",22.4821111111111
"624",2023-07-06,"CM66",5,"CM66_5",22.1493680555556
"625",2023-07-07,"CM66",5,"CM66_5",21.9147708333333
"626",2023-07-08,"CM66",5,"CM66_5",21.7101527777778
"627",2023-07-09,"CM66",5,"CM66_5",21.433
"628",2023-07-10,"CM66",5,"CM66_5",21.1701041666667
"629",2023-07-11,"CM66",5,"CM66_5",21.4757638888889
"630",2023-07-12,"CM66",5,"CM66_5",21.8161180555556
"631",2023-07-13,"CM66",5,"CM66_5",22.1120625
"632",2023-07-14,"CM66",5,"CM66_5",22.3892083333333
"633",2023-07-15,"CM66",5,"CM66_5",22.8139930555556
"634",2023-07-16,"CM66",5,"CM66_5",23.3290486111111
"635",2023-07-17,"CM66",5,"CM66_5",23.7832361111111
"636",2023-07-18,"CM66",5,"CM66_5",23.9082986111111
"637",2023-07-19,"CM66",5,"CM66_5",23.7434722222222
"638",2023-07-20,"CM66",5,"CM66_5",23.7558402777778
"639",2023-07-21,"CM66",5,"CM66_5",24.1062083333333
"640",2023-07-22,"CM66",5,"CM66_5",24.3857847222222
"641",2023-07-23,"CM66",5,"CM66_5",24.6390277777778
"642",2023-07-24,"CM66",5,"CM66_5",24.5567986111111
"643",2023-07-25,"CM66",5,"CM66_5",24.2879444444444
"644",2023-07-26,"CM66",5,"CM66_5",24.3578125
"645",2023-07-27,"CM66",5,"CM66_5",24.2667638888889
"646",2023-07-28,"CM66",5,"CM66_5",24.017875
"647",2023-07-29,"CM66",5,"CM66_5",23.8486736111111
"648",2023-07-30,"CM66",5,"CM66_5",23.6973263888889
"649",2023-07-31,"CM66",5,"CM66_5",23.6123472222222
"650",2023-08-01,"CM66",5,"CM66_5",23.6557013888889
"651",2023-08-02,"CM66",5,"CM66_5",23.3662083333333
"652",2023-08-03,"CM66",5,"CM66_5",23.0832916666667
"653",2023-08-04,"CM66",5,"CM66_5",22.9595208333333
"654",2023-08-05,"CM66",5,"CM66_5",23.1528402777778
"655",2023-08-06,"CM66",5,"CM66_5",23.5146180555556
"656",2023-08-07,"CM66",5,"CM66_5",23.9033125
"657",2023-08-08,"CM66",5,"CM66_5",23.9633194444444
"658",2023-08-09,"CM66",5,"CM66_5",23.6725069444444
"659",2023-08-10,"CM66",5,"CM66_5",23.5433888888889
"660",2023-08-11,"CM66",5,"CM66_5",23.4362916666667
"661",2023-08-12,"CM66",5,"CM66_5",23.4331944444444
"662",2023-08-13,"CM66",5,"CM66_5",23.6213819444444
"663",2023-08-14,"CM66",5,"CM66_5",23.9137777777778
"664",2023-08-15,"CM66",5,"CM66_5",24.2361666666667
"665",2023-08-16,"CM66",5,"CM66_5",24.5085972222222
"666",2023-08-17,"CM66",5,"CM66_5",24.8015555555556
"667",2023-08-18,"CM66",5,"CM66_5",24.7805138888889
"668",2023-08-19,"CM66",5,"CM66_5",24.5226736111111
"669",2023-08-20,"CM66",5,"CM66_5",24.4952638888889
"670",2023-08-21,"CM66",5,"CM66_5",24.5425069444444
"671",2023-08-22,"CM66",5,"CM66_5",24.3677222222222
"672",2023-08-23,"CM66",5,"CM66_5",24.4848125
"673",2023-08-24,"CM66",5,"CM66_5",24.7056388888889
"674",2023-08-25,"CM66",5,"CM66_5",24.6507777777778
"675",2023-08-26,"CM66",5,"CM66_5",24.3568125
"676",2023-08-27,"CM66",5,"CM66_5",24.188125
"677",2023-08-28,"CM66",5,"CM66_5",24.1953333333333
"678",2023-08-29,"CM66",5,"CM66_5",24.2155972222222
"679",2023-08-30,"CM66",5,"CM66_5",24.3216527777778
"680",2023-08-31,"CM66",5,"CM66_5",24.4731388888889
"681",2023-09-01,"CM66",5,"CM66_5",24.1143263888889
"682",2023-09-02,"CM66",5,"CM66_5",23.4764097222222
"683",2023-09-03,"CM66",5,"CM66_5",23.2916805555556
"684",2023-09-04,"CM66",5,"CM66_5",23.1711666666667
"685",2023-09-05,"CM66",5,"CM66_5",23.1431736111111
"686",2023-09-06,"CM66",5,"CM66_5",23.1475902777778
"687",2023-09-07,"CM66",5,"CM66_5",22.8366111111111
"688",2023-09-08,"CM66",5,"CM66_5",22.7087361111111
"689",2023-09-09,"CM66",5,"CM66_5",22.714125
"690",2023-09-10,"CM66",5,"CM66_5",22.7284375
"691",2023-09-11,"CM66",5,"CM66_5",22.8174305555556
"692",2023-09-12,"CM66",5,"CM66_5",22.8067708333333
"693",2023-09-13,"CM66",5,"CM66_5",22.7815208333333
"694",2023-09-14,"CM66",5,"CM66_5",22.8770902777778
"695",2023-09-15,"CM66",5,"CM66_5",22.8228958333333
"696",2023-09-16,"CM66",5,"CM66_5",22.6089652777778
"697",2023-09-17,"CM66",5,"CM66_5",22.1924166666667
"698",2023-09-18,"CM66",5,"CM66_5",21.8009652777778
"699",2023-09-19,"CM66",5,"CM66_5",21.6378819444444
"700",2023-09-20,"CM66",5,"CM66_5",21.5439305555556
"701",2023-09-21,"CM66",5,"CM66_5",21.3075138888889
"702",2023-09-22,"CM66",5,"CM66_5",21.0648541666667
"703",2023-09-23,"CM66",5,"CM66_5",20.8731805555556
"704",2023-09-24,"CM66",5,"CM66_5",20.6596527777778
"705",2023-04-01,"CM74",1.5,"CM74_1.5",12.8950555555556
"706",2023-04-02,"CM74",1.5,"CM74_1.5",13.0832569444444
"707",2023-04-03,"CM74",1.5,"CM74_1.5",13.1370833333333
"708",2023-04-04,"CM74",1.5,"CM74_1.5",13.1311111111111
"709",2023-04-05,"CM74",1.5,"CM74_1.5",13.3081388888889
"710",2023-04-06,"CM74",1.5,"CM74_1.5",13.5890208333333
"711",2023-04-07,"CM74",1.5,"CM74_1.5",13.6806666666667
"712",2023-04-08,"CM74",1.5,"CM74_1.5",13.7577083333333
"713",2023-04-09,"CM74",1.5,"CM74_1.5",14.7025
"714",2023-04-10,"CM74",1.5,"CM74_1.5",15.273875
"715",2023-04-11,"CM74",1.5,"CM74_1.5",15.3327847222222
"716",2023-04-12,"CM74",1.5,"CM74_1.5",15.2628472222222
"717",2023-04-13,"CM74",1.5,"CM74_1.5",15.2518333333333
"718",2023-04-14,"CM74",1.5,"CM74_1.5",14.9942847222222
"719",2023-04-15,"CM74",1.5,"CM74_1.5",15.2500208333333
"720",2023-04-16,"CM74",1.5,"CM74_1.5",15.2570555555556
"721",2023-04-17,"CM74",1.5,"CM74_1.5",15.2623402777778
"722",2023-04-18,"CM74",1.5,"CM74_1.5",15.2532569444444
"723",2023-04-19,"CM74",1.5,"CM74_1.5",15.4149513888889
"724",2023-04-20,"CM74",1.5,"CM74_1.5",15.9188263888889
"725",2023-04-21,"CM74",1.5,"CM74_1.5",16.3668541666667
"726",2023-04-22,"CM74",1.5,"CM74_1.5",16.67925
"727",2023-04-23,"CM74",1.5,"CM74_1.5",17.1828055555556
"728",2023-04-24,"CM74",1.5,"CM74_1.5",17.3050763888889
"729",2023-04-25,"CM74",1.5,"CM74_1.5",17.8025694444444
"730",2023-04-26,"CM74",1.5,"CM74_1.5",18.1059444444444
"731",2023-04-27,"CM74",1.5,"CM74_1.5",18.9033333333333
"732",2023-04-28,"CM74",1.5,"CM74_1.5",19.6790208333333
"733",2023-04-29,"CM74",1.5,"CM74_1.5",19.5525
"734",2023-04-30,"CM74",1.5,"CM74_1.5",18.9476458333333
"735",2023-05-01,"CM74",1.5,"CM74_1.5",18.1524861111111
"736",2023-05-02,"CM74",1.5,"CM74_1.5",17.5554236111111
"737",2023-05-03,"CM74",1.5,"CM74_1.5",17.7990347222222
"738",2023-05-04,"CM74",1.5,"CM74_1.5",18.0279930555556
"739",2023-05-05,"CM74",1.5,"CM74_1.5",17.6341180555556
"740",2023-05-06,"CM74",1.5,"CM74_1.5",17.5586319444444
"741",2023-05-07,"CM74",1.5,"CM74_1.5",17.5928333333333
"742",2023-05-08,"CM74",1.5,"CM74_1.5",17.6727638888889
"743",2023-05-09,"CM74",1.5,"CM74_1.5",17.9802569444444
"744",2023-05-10,"CM74",1.5,"CM74_1.5",18.2852986111111
"745",2023-05-11,"CM74",1.5,"CM74_1.5",18.1240625
"746",2023-05-12,"CM74",1.5,"CM74_1.5",18.7012152777778
"747",2023-05-13,"CM74",1.5,"CM74_1.5",19.3622083333333
"748",2023-05-14,"CM74",1.5,"CM74_1.5",20.6005833333333
"749",2023-05-15,"CM74",1.5,"CM74_1.5",19.9046458333333
"750",2023-05-16,"CM74",1.5,"CM74_1.5",20.0371458333333
"751",2023-05-17,"CM74",1.5,"CM74_1.5",21.2183333333333
"752",2023-05-18,"CM74",1.5,"CM74_1.5",20.9912430555556
"753",2023-05-19,"CM74",1.5,"CM74_1.5",20.9942222222222
"754",2023-05-20,"CM74",1.5,"CM74_1.5",20.8613680555556
"755",2023-05-21,"CM74",1.5,"CM74_1.5",20.8107986111111
"756",2023-05-22,"CM74",1.5,"CM74_1.5",21.4858472222222
"757",2023-05-23,"CM74",1.5,"CM74_1.5",21.9035625
"758",2023-05-24,"CM74",1.5,"CM74_1.5",21.0979722222222
"759",2023-05-25,"CM74",1.5,"CM74_1.5",20.9500763888889
"760",2023-05-26,"CM74",1.5,"CM74_1.5",20.8023263888889
"761",2023-05-27,"CM74",1.5,"CM74_1.5",20.7730763888889
"762",2023-05-28,"CM74",1.5,"CM74_1.5",20.7932083333333
"763",2023-05-29,"CM74",1.5,"CM74_1.5",20.7240069444444
"764",2023-05-30,"CM74",1.5,"CM74_1.5",20.6805763888889
"765",2023-05-31,"CM74",1.5,"CM74_1.5",20.7178194444444
"766",2023-06-01,"CM74",1.5,"CM74_1.5",20.7454722222222
"767",2023-06-02,"CM74",1.5,"CM74_1.5",20.7409791666667
"768",2023-06-03,"CM74",1.5,"CM74_1.5",21.3165555555556
"769",2023-06-04,"CM74",1.5,"CM74_1.5",21.4699513888889
"770",2023-06-05,"CM74",1.5,"CM74_1.5",21.8673819444444
"771",2023-06-06,"CM74",1.5,"CM74_1.5",21.4816388888889
"772",2023-06-07,"CM74",1.5,"CM74_1.5",21.5188506944444
"773",2023-06-08,"CM74",1.5,"CM74_1.5",21.5560625
"774",2023-06-09,"CM74",1.5,"CM74_1.5",23.1861111111111
"775",2023-06-10,"CM74",1.5,"CM74_1.5",24.1069652777778
"776",2023-06-11,"CM74",1.5,"CM74_1.5",24.4289791666667
"777",2023-06-12,"CM74",1.5,"CM74_1.5",24.3563263888889
"778",2023-06-13,"CM74",1.5,"CM74_1.5",23.9176888888889
"779",2023-06-14,"CM74",1.5,"CM74_1.5",23.4790513888889
"780",2023-06-15,"CM74",1.5,"CM74_1.5",23.0404138888889
"781",2023-06-16,"CM74",1.5,"CM74_1.5",22.6017763888889
"782",2023-06-17,"CM74",1.5,"CM74_1.5",22.1631388888889
"783",2023-06-18,"CM74",1.5,"CM74_1.5",22.1991319444444
"784",2023-06-19,"CM74",1.5,"CM74_1.5",21.9980555555556
"785",2023-06-20,"CM74",1.5,"CM74_1.5",22.0806875
"786",2023-06-21,"CM74",1.5,"CM74_1.5",22.7690902777778
"787",2023-06-22,"CM74",1.5,"CM74_1.5",22.5367777777778
"788",2023-06-23,"CM74",1.5,"CM74_1.5",21.9221805555556
"789",2023-06-24,"CM74",1.5,"CM74_1.5",21.7990555555556
"790",2023-06-25,"CM74",1.5,"CM74_1.5",21.6754861111111
"791",2023-06-26,"CM74",1.5,"CM74_1.5",21.6424791666667
"792",2023-06-27,"CM74",1.5,"CM74_1.5",21.6795208333333
"793",2023-06-28,"CM74",1.5,"CM74_1.5",21.8117222222222
"794",2023-06-29,"CM74",1.5,"CM74_1.5",21.902125
"795",2023-06-30,"CM74",1.5,"CM74_1.5",22.5729722222222
"796",2023-07-01,"CM74",1.5,"CM74_1.5",23.2464930555556
"797",2023-07-02,"CM74",1.5,"CM74_1.5",24.7489722222222
"798",2023-07-03,"CM74",1.5,"CM74_1.5",24.4403055555556
"799",2023-07-04,"CM74",1.5,"CM74_1.5",23.4670069444444
"800",2023-07-05,"CM74",1.5,"CM74_1.5",23.3278055555556
"801",2023-07-06,"CM74",1.5,"CM74_1.5",23.1386805555556
"802",2023-07-07,"CM74",1.5,"CM74_1.5",22.9800138888889
"803",2023-07-08,"CM74",1.5,"CM74_1.5",22.8640555555556
"804",2023-07-09,"CM74",1.5,"CM74_1.5",22.5849583333333
"805",2023-07-10,"CM74",1.5,"CM74_1.5",22.4132152777778
"806",2023-07-11,"CM74",1.5,"CM74_1.5",23.2561527777778
"807",2023-07-12,"CM74",1.5,"CM74_1.5",23.689125
"808",2023-07-13,"CM74",1.5,"CM74_1.5",23.2175416666667
"809",2023-07-14,"CM74",1.5,"CM74_1.5",23.8228055555556
"810",2023-07-15,"CM74",1.5,"CM74_1.5",24.6281111111111
"811",2023-07-16,"CM74",1.5,"CM74_1.5",24.9334375
"812",2023-07-17,"CM74",1.5,"CM74_1.5",24.9269097222222
"813",2023-07-18,"CM74",1.5,"CM74_1.5",24.5561527777778
"814",2023-07-19,"CM74",1.5,"CM74_1.5",24.3369791666667
"815",2023-07-20,"CM74",1.5,"CM74_1.5",24.5631875
"816",2023-07-21,"CM74",1.5,"CM74_1.5",25.2658819444444
"817",2023-07-22,"CM74",1.5,"CM74_1.5",25.5558055555556
"818",2023-07-23,"CM74",1.5,"CM74_1.5",26.0365208333333
"819",2023-07-24,"CM74",1.5,"CM74_1.5",25.2806875
"820",2023-07-25,"CM74",1.5,"CM74_1.5",24.9978819444444
"821",2023-07-26,"CM74",1.5,"CM74_1.5",25.4168472222222
"822",2023-07-27,"CM74",1.5,"CM74_1.5",24.9845069444444
"823",2023-07-28,"CM74",1.5,"CM74_1.5",24.7081875
"824",2023-07-29,"CM74",1.5,"CM74_1.5",24.6493819444444
"825",2023-07-30,"CM74",1.5,"CM74_1.5",24.4427361111111
"826",2023-07-31,"CM74",1.5,"CM74_1.5",24.4088333333333
"827",2023-08-01,"CM74",1.5,"CM74_1.5",24.5718819444444
"828",2023-08-02,"CM74",1.5,"CM74_1.5",24.2563055555556
"829",2023-08-03,"CM74",1.5,"CM74_1.5",23.9996805555556
"830",2023-08-04,"CM74",1.5,"CM74_1.5",23.9311666666667
"831",2023-08-05,"CM74",1.5,"CM74_1.5",24.2335416666667
"832",2023-08-06,"CM74",1.5,"CM74_1.5",24.6844861111111
"833",2023-08-07,"CM74",1.5,"CM74_1.5",25.2994027777778
"834",2023-08-08,"CM74",1.5,"CM74_1.5",25.1021319444444
"835",2023-08-09,"CM74",1.5,"CM74_1.5",24.5489513888889
"836",2023-08-10,"CM74",1.5,"CM74_1.5",24.51075
"837",2023-08-11,"CM74",1.5,"CM74_1.5",24.32125
"838",2023-08-12,"CM74",1.5,"CM74_1.5",24.4147465277778
"839",2023-08-13,"CM74",1.5,"CM74_1.5",24.5082430555556
"840",2023-08-14,"CM74",1.5,"CM74_1.5",24.7897708333333
"841",2023-08-15,"CM74",1.5,"CM74_1.5",25.2616944444444
"842",2023-08-16,"CM74",1.5,"CM74_1.5",25.8716180555556
"843",2023-08-17,"CM74",1.5,"CM74_1.5",25.8156180555556
"844",2023-08-18,"CM74",1.5,"CM74_1.5",25.5194861111111
"845",2023-08-19,"CM74",1.5,"CM74_1.5",25.3344583333333
"846",2023-08-20,"CM74",1.5,"CM74_1.5",25.4127986111111
"847",2023-08-21,"CM74",1.5,"CM74_1.5",25.4250486111111
"848",2023-08-22,"CM74",1.5,"CM74_1.5",25.2108194444444
"849",2023-08-23,"CM74",1.5,"CM74_1.5",25.8476111111111
"850",2023-08-24,"CM74",1.5,"CM74_1.5",26.4099722222222
"851",2023-08-25,"CM74",1.5,"CM74_1.5",25.8294166666667
"852",2023-08-26,"CM74",1.5,"CM74_1.5",25.3680069444444
"853",2023-08-27,"CM74",1.5,"CM74_1.5",25.3282638888889
"854",2023-08-28,"CM74",1.5,"CM74_1.5",25.4831041666667
"855",2023-08-29,"CM74",1.5,"CM74_1.5",25.6041111111111
"856",2023-08-30,"CM74",1.5,"CM74_1.5",25.6284444444444
"857",2023-08-31,"CM74",1.5,"CM74_1.5",25.6588194444444
"858",2023-09-01,"CM74",1.5,"CM74_1.5",24.9776458333333
"859",2023-09-02,"CM74",1.5,"CM74_1.5",24.5200381944444
"860",2023-09-03,"CM74",1.5,"CM74_1.5",24.0624305555556
"861",2023-09-04,"CM74",1.5,"CM74_1.5",23.9567291666667
"862",2023-09-05,"CM74",1.5,"CM74_1.5",24.0044722222222
"863",2023-09-06,"CM74",1.5,"CM74_1.5",24.0126805555556
"864",2023-09-07,"CM74",1.5,"CM74_1.5",23.7986666666667
"865",2023-09-08,"CM74",1.5,"CM74_1.5",23.6994305555556
"866",2023-09-09,"CM74",1.5,"CM74_1.5",23.7999375
"867",2023-09-10,"CM74",1.5,"CM74_1.5",23.7717638888889
"868",2023-09-11,"CM74",1.5,"CM74_1.5",24.1999652777778
"869",2023-09-12,"CM74",1.5,"CM74_1.5",23.7353958333333
"870",2023-09-13,"CM74",1.5,"CM74_1.5",23.7155277777778
"871",2023-09-14,"CM74",1.5,"CM74_1.5",23.8052013888889
"872",2023-09-15,"CM74",1.5,"CM74_1.5",23.6635625
"873",2023-09-16,"CM74",1.5,"CM74_1.5",23.6427013888889
"874",2023-09-17,"CM74",1.5,"CM74_1.5",23.3852638888889
"875",2023-09-18,"CM74",1.5,"CM74_1.5",23.1294513888889
"876",2023-09-19,"CM74",1.5,"CM74_1.5",23.0159930555556
"877",2023-09-20,"CM74",1.5,"CM74_1.5",22.9054791666667
"878",2023-09-21,"CM74",1.5,"CM74_1.5",22.6633055555556
"879",2023-09-22,"CM74",1.5,"CM74_1.5",22.4356319444444
"880",2023-09-23,"CM74",1.5,"CM74_1.5",22.2817083333333
"881",2023-09-24,"CM74",1.5,"CM74_1.5",21.9328680555556
"882",2023-04-01,"CM74",2.5,"CM74_2.5",12.7881388888889
"883",2023-04-02,"CM74",2.5,"CM74_2.5",13.0463333333333
"884",2023-04-03,"CM74",2.5,"CM74_2.5",13.11875
"885",2023-04-04,"CM74",2.5,"CM74_2.5",13.0906597222222
"886",2023-04-05,"CM74",2.5,"CM74_2.5",13.1923888888889
"887",2023-04-06,"CM74",2.5,"CM74_2.5",13.4370416666667
"888",2023-04-07,"CM74",2.5,"CM74_2.5",13.6464652777778
"889",2023-04-08,"CM74",2.5,"CM74_2.5",13.6518333333333
"890",2023-04-09,"CM74",2.5,"CM74_2.5",14.5132361111111
"891",2023-04-10,"CM74",2.5,"CM74_2.5",15.0042013888889
"892",2023-04-11,"CM74",2.5,"CM74_2.5",15.1097013888889
"893",2023-04-12,"CM74",2.5,"CM74_2.5",15.1929027777778
"894",2023-04-13,"CM74",2.5,"CM74_2.5",15.1668402777778
"895",2023-04-14,"CM74",2.5,"CM74_2.5",14.9197361111111
"896",2023-04-15,"CM74",2.5,"CM74_2.5",15.0826944444444
"897",2023-04-16,"CM74",2.5,"CM74_2.5",15.2114375
"898",2023-04-17,"CM74",2.5,"CM74_2.5",15.2427291666667
"899",2023-04-18,"CM74",2.5,"CM74_2.5",15.1906041666667
"900",2023-04-19,"CM74",2.5,"CM74_2.5",15.2769236111111
"901",2023-04-20,"CM74",2.5,"CM74_2.5",15.8448263888889
"902",2023-04-21,"CM74",2.5,"CM74_2.5",16.283
"903",2023-04-22,"CM74",2.5,"CM74_2.5",16.6292083333333
"904",2023-04-23,"CM74",2.5,"CM74_2.5",17.0740763888889
"905",2023-04-24,"CM74",2.5,"CM74_2.5",17.1904444444444
"906",2023-04-25,"CM74",2.5,"CM74_2.5",17.6324652777778
"907",2023-04-26,"CM74",2.5,"CM74_2.5",18.0213611111111
"908",2023-04-27,"CM74",2.5,"CM74_2.5",18.3085347222222
"909",2023-04-28,"CM74",2.5,"CM74_2.5",18.8666597222222
"910",2023-04-29,"CM74",2.5,"CM74_2.5",19.1364027777778
"911",2023-04-30,"CM74",2.5,"CM74_2.5",18.8860416666667
"912",2023-05-01,"CM74",2.5,"CM74_2.5",18.4937800925926
"913",2023-05-02,"CM74",2.5,"CM74_2.5",18.1015185185185
"914",2023-05-03,"CM74",2.5,"CM74_2.5",17.7092569444444
"915",2023-05-04,"CM74",2.5,"CM74_2.5",17.9683680555556
"916",2023-05-05,"CM74",2.5,"CM74_2.5",17.5931597222222
"917",2023-05-06,"CM74",2.5,"CM74_2.5",17.5387847222222
"918",2023-05-07,"CM74",2.5,"CM74_2.5",17.5408055555556
"919",2023-05-08,"CM74",2.5,"CM74_2.5",17.6402152777778
"920",2023-05-09,"CM74",2.5,"CM74_2.5",17.78625
"921",2023-05-10,"CM74",2.5,"CM74_2.5",18.1748194444444
"922",2023-05-11,"CM74",2.5,"CM74_2.5",18.0467777777778
"923",2023-05-12,"CM74",2.5,"CM74_2.5",18.4861666666667
"924",2023-05-13,"CM74",2.5,"CM74_2.5",19.0389027777778
"925",2023-05-14,"CM74",2.5,"CM74_2.5",19.6532361111111
"926",2023-05-15,"CM74",2.5,"CM74_2.5",19.7844444444444
"927",2023-05-16,"CM74",2.5,"CM74_2.5",19.8399791666667
"928",2023-05-17,"CM74",2.5,"CM74_2.5",20.7029236111111
"929",2023-05-18,"CM74",2.5,"CM74_2.5",20.7311944444444
"930",2023-05-19,"CM74",2.5,"CM74_2.5",20.8426736111111
"931",2023-05-20,"CM74",2.5,"CM74_2.5",20.7931111111111
"932",2023-05-21,"CM74",2.5,"CM74_2.5",20.7164375
"933",2023-05-22,"CM74",2.5,"CM74_2.5",21.1821666666667
"934",2023-05-23,"CM74",2.5,"CM74_2.5",21.5657916666667
"935",2023-05-24,"CM74",2.5,"CM74_2.5",21.0734444444444
"936",2023-05-25,"CM74",2.5,"CM74_2.5",20.9229305555556
"937",2023-05-26,"CM74",2.5,"CM74_2.5",20.7776875
"938",2023-05-27,"CM74",2.5,"CM74_2.5",20.7160138888889
"939",2023-05-28,"CM74",2.5,"CM74_2.5",20.7552569444444
"940",2023-05-29,"CM74",2.5,"CM74_2.5",20.6949305555556
"941",2023-05-30,"CM74",2.5,"CM74_2.5",20.6468402777778
"942",2023-05-31,"CM74",2.5,"CM74_2.5",20.6184652777778
"943",2023-06-01,"CM74",2.5,"CM74_2.5",20.6671597222222
"944",2023-06-02,"CM74",2.5,"CM74_2.5",20.6693263888889
"945",2023-06-03,"CM74",2.5,"CM74_2.5",21.0017847222222
"946",2023-06-04,"CM74",2.5,"CM74_2.5",21.3369513888889
"947",2023-06-05,"CM74",2.5,"CM74_2.5",21.6794513888889
"948",2023-06-06,"CM74",2.5,"CM74_2.5",21.4705694444444
"949",2023-06-07,"CM74",2.5,"CM74_2.5",21.4627291666667
"950",2023-06-08,"CM74",2.5,"CM74_2.5",21.4548888888889
"951",2023-06-09,"CM74",2.5,"CM74_2.5",22.9894236111111
"952",2023-06-10,"CM74",2.5,"CM74_2.5",24.0127916666667
"953",2023-06-11,"CM74",2.5,"CM74_2.5",24.3961041666667
"954",2023-06-12,"CM74",2.5,"CM74_2.5",24.3502777777778
"955",2023-06-13,"CM74",2.5,"CM74_2.5",23.9015833333333
"956",2023-06-14,"CM74",2.5,"CM74_2.5",23.4528888888889
"957",2023-06-15,"CM74",2.5,"CM74_2.5",23.0041944444444
"958",2023-06-16,"CM74",2.5,"CM74_2.5",22.5555
"959",2023-06-17,"CM74",2.5,"CM74_2.5",22.1068055555556
"960",2023-06-18,"CM74",2.5,"CM74_2.5",22.1000069444444
"961",2023-06-19,"CM74",2.5,"CM74_2.5",21.9132847222222
"962",2023-06-20,"CM74",2.5,"CM74_2.5",21.9838958333333
"963",2023-06-21,"CM74",2.5,"CM74_2.5",22.4485555555556
"964",2023-06-22,"CM74",2.5,"CM74_2.5",22.3338402777778
"965",2023-06-23,"CM74",2.5,"CM74_2.5",21.8777013888889
"966",2023-06-24,"CM74",2.5,"CM74_2.5",21.7486041666667
"967",2023-06-25,"CM74",2.5,"CM74_2.5",21.6205069444444
"968",2023-06-26,"CM74",2.5,"CM74_2.5",21.5142708333333
"969",2023-06-27,"CM74",2.5,"CM74_2.5",21.5525972222222
"970",2023-06-28,"CM74",2.5,"CM74_2.5",21.7272430555556
"971",2023-06-29,"CM74",2.5,"CM74_2.5",21.8117013888889
"972",2023-06-30,"CM74",2.5,"CM74_2.5",22.2509236111111
"973",2023-07-01,"CM74",2.5,"CM74_2.5",22.9575069444444
"974",2023-07-02,"CM74",2.5,"CM74_2.5",23.597875
"975",2023-07-03,"CM74",2.5,"CM74_2.5",23.9700555555556
"976",2023-07-04,"CM74",2.5,"CM74_2.5",23.3834791666667
"977",2023-07-05,"CM74",2.5,"CM74_2.5",23.2754236111111
"978",2023-07-06,"CM74",2.5,"CM74_2.5",23.0907777777778
"979",2023-07-07,"CM74",2.5,"CM74_2.5",22.9315208333333
"980",2023-07-08,"CM74",2.5,"CM74_2.5",22.7997638888889
"981",2023-07-09,"CM74",2.5,"CM74_2.5",22.5570416666667
"982",2023-07-10,"CM74",2.5,"CM74_2.5",22.3034861111111
"983",2023-07-11,"CM74",2.5,"CM74_2.5",22.8972638888889
"984",2023-07-12,"CM74",2.5,"CM74_2.5",23.3402083333333
"985",2023-07-13,"CM74",2.5,"CM74_2.5",23.0682222222222
"986",2023-07-14,"CM74",2.5,"CM74_2.5",23.5307569444444
"987",2023-07-15,"CM74",2.5,"CM74_2.5",24.0722708333333
"988",2023-07-16,"CM74",2.5,"CM74_2.5",24.4449861111111
"989",2023-07-17,"CM74",2.5,"CM74_2.5",24.5632708333333
"990",2023-07-18,"CM74",2.5,"CM74_2.5",24.4609027777778
"991",2023-07-19,"CM74",2.5,"CM74_2.5",24.2393680555556
"992",2023-07-20,"CM74",2.5,"CM74_2.5",24.4044097222222
"993",2023-07-21,"CM74",2.5,"CM74_2.5",24.9389791666667
"994",2023-07-22,"CM74",2.5,"CM74_2.5",25.1975902777778
"995",2023-07-23,"CM74",2.5,"CM74_2.5",25.5687847222222
"996",2023-07-24,"CM74",2.5,"CM74_2.5",25.1928055555556
"997",2023-07-25,"CM74",2.5,"CM74_2.5",24.9201458333333
"998",2023-07-26,"CM74",2.5,"CM74_2.5",25.1062847222222
"999",2023-07-27,"CM74",2.5,"CM74_2.5",24.9352083333333
"1000",2023-07-28,"CM74",2.5,"CM74_2.5",24.6300833333333
"1001",2023-07-29,"CM74",2.5,"CM74_2.5",24.536625
"1002",2023-07-30,"CM74",2.5,"CM74_2.5",24.3497638888889
"1003",2023-07-31,"CM74",2.5,"CM74_2.5",24.3079861111111
"1004",2023-08-01,"CM74",2.5,"CM74_2.5",24.4017222222222
"1005",2023-08-02,"CM74",2.5,"CM74_2.5",24.2023263888889
"1006",2023-08-03,"CM74",2.5,"CM74_2.5",23.9536736111111
"1007",2023-08-04,"CM74",2.5,"CM74_2.5",23.8232708333333
"1008",2023-08-05,"CM74",2.5,"CM74_2.5",24.1014166666667
"1009",2023-08-06,"CM74",2.5,"CM74_2.5",24.5722013888889
"1010",2023-08-07,"CM74",2.5,"CM74_2.5",25.15625
"1011",2023-08-08,"CM74",2.5,"CM74_2.5",24.9834791666667
"1012",2023-08-09,"CM74",2.5,"CM74_2.5",24.4910625
"1013",2023-08-10,"CM74",2.5,"CM74_2.5",24.3993680555556
"1014",2023-08-11,"CM74",2.5,"CM74_2.5",24.2420555555556
"1015",2023-08-12,"CM74",2.5,"CM74_2.5",24.1207777777778
"1016",2023-08-13,"CM74",2.5,"CM74_2.5",24.3471388888889
"1017",2023-08-14,"CM74",2.5,"CM74_2.5",24.6535069444444
"1018",2023-08-15,"CM74",2.5,"CM74_2.5",25.0389722222222
"1019",2023-08-16,"CM74",2.5,"CM74_2.5",25.4647152777778
"1020",2023-08-17,"CM74",2.5,"CM74_2.5",25.5739375
"1021",2023-08-18,"CM74",2.5,"CM74_2.5",25.4647708333333
"1022",2023-08-19,"CM74",2.5,"CM74_2.5",25.2456597222222
"1023",2023-08-20,"CM74",2.5,"CM74_2.5",25.3633472222222
"1024",2023-08-21,"CM74",2.5,"CM74_2.5",25.4012638888889
"1025",2023-08-22,"CM74",2.5,"CM74_2.5",25.1471597222222
"1026",2023-08-23,"CM74",2.5,"CM74_2.5",25.4081666666667
"1027",2023-08-24,"CM74",2.5,"CM74_2.5",25.7949791666667
"1028",2023-08-25,"CM74",2.5,"CM74_2.5",25.7422291666667
"1029",2023-08-26,"CM74",2.5,"CM74_2.5",25.2956319444444
"1030",2023-08-27,"CM74",2.5,"CM74_2.5",25.1212777777778
"1031",2023-08-28,"CM74",2.5,"CM74_2.5",25.1974305555556
"1032",2023-08-29,"CM74",2.5,"CM74_2.5",25.2407013888889
"1033",2023-08-30,"CM74",2.5,"CM74_2.5",25.4899583333333
"1034",2023-08-31,"CM74",2.5,"CM74_2.5",25.5497777777778
"1035",2023-09-01,"CM74",2.5,"CM74_2.5",24.9650555555556
"1036",2023-09-02,"CM74",2.5,"CM74_2.5",24.2374236111111
"1037",2023-09-03,"CM74",2.5,"CM74_2.5",24.0302777777778
"1038",2023-09-04,"CM74",2.5,"CM74_2.5",23.8481597222222
"1039",2023-09-05,"CM74",2.5,"CM74_2.5",23.8849930555556
"1040",2023-09-06,"CM74",2.5,"CM74_2.5",23.9167777777778
"1041",2023-09-07,"CM74",2.5,"CM74_2.5",23.7283125
"1042",2023-09-08,"CM74",2.5,"CM74_2.5",23.6036180555556
"1043",2023-09-09,"CM74",2.5,"CM74_2.5",23.5997638888889
"1044",2023-09-10,"CM74",2.5,"CM74_2.5",23.5487222222222
"1045",2023-09-11,"CM74",2.5,"CM74_2.5",23.8516319444444
"1046",2023-09-12,"CM74",2.5,"CM74_2.5",23.6548333333333
"1047",2023-09-13,"CM74",2.5,"CM74_2.5",23.5751944444444
"1048",2023-09-14,"CM74",2.5,"CM74_2.5",23.6357222222222
"1049",2023-09-15,"CM74",2.5,"CM74_2.5",23.5744583333333
"1050",2023-09-16,"CM74",2.5,"CM74_2.5",23.5638194444444
"1051",2023-09-17,"CM74",2.5,"CM74_2.5",23.3439375
"1052",2023-09-18,"CM74",2.5,"CM74_2.5",23.0736944444444
"1053",2023-09-19,"CM74",2.5,"CM74_2.5",22.9385694444444
"1054",2023-09-20,"CM74",2.5,"CM74_2.5",22.8616319444444
"1055",2023-09-21,"CM74",2.5,"CM74_2.5",22.5749930555556
"1056",2023-09-22,"CM74",2.5,"CM74_2.5",22.3355347222222
"1057",2023-09-23,"CM74",2.5,"CM74_2.5",22.1568958333333
"1058",2023-09-24,"CM74",2.5,"CM74_2.5",21.9013819444444
"1059",2023-04-01,"CM74",5,"CM74_5",12.577
"1060",2023-04-02,"CM74",5,"CM74_5",12.9626319444444
"1061",2023-04-03,"CM74",5,"CM74_5",13.0904027777778
"1062",2023-04-04,"CM74",5,"CM74_5",13.0369444444444
"1063",2023-04-05,"CM74",5,"CM74_5",13.1228958333333
"1064",2023-04-06,"CM74",5,"CM74_5",13.2640138888889
"1065",2023-04-07,"CM74",5,"CM74_5",13.5332430555556
"1066",2023-04-08,"CM74",5,"CM74_5",13.6066388888889
"1067",2023-04-09,"CM74",5,"CM74_5",14.0442152777778
"1068",2023-04-10,"CM74",5,"CM74_5",14.5471527777778
"1069",2023-04-11,"CM74",5,"CM74_5",14.8415208333333
"1070",2023-04-12,"CM74",5,"CM74_5",15.0420833333333
"1071",2023-04-13,"CM74",5,"CM74_5",14.959
"1072",2023-04-14,"CM74",5,"CM74_5",14.8555138888889
"1073",2023-04-15,"CM74",5,"CM74_5",14.8897986111111
"1074",2023-04-16,"CM74",5,"CM74_5",15.0780208333333
"1075",2023-04-17,"CM74",5,"CM74_5",15.2068402777778
"1076",2023-04-18,"CM74",5,"CM74_5",15.1193611111111
"1077",2023-04-19,"CM74",5,"CM74_5",15.1666597222222
"1078",2023-04-20,"CM74",5,"CM74_5",15.616125
"1079",2023-04-21,"CM74",5,"CM74_5",15.9909722222222
"1080",2023-04-22,"CM74",5,"CM74_5",16.5264097222222
"1081",2023-04-23,"CM74",5,"CM74_5",16.784
"1082",2023-04-24,"CM74",5,"CM74_5",16.9743819444444
"1083",2023-04-25,"CM74",5,"CM74_5",17.1168333333333
"1084",2023-04-26,"CM74",5,"CM74_5",17.8144097222222
"1085",2023-04-27,"CM74",5,"CM74_5",17.7653472222222
"1086",2023-04-28,"CM74",5,"CM74_5",17.8537986111111
"1087",2023-04-29,"CM74",5,"CM74_5",18.1046319444444
"1088",2023-04-30,"CM74",5,"CM74_5",18.7030277777778
"1089",2023-05-01,"CM74",5,"CM74_5",18.2820833333333
"1090",2023-05-02,"CM74",5,"CM74_5",17.8611388888889
"1091",2023-05-03,"CM74",5,"CM74_5",17.4401944444444
"1092",2023-05-04,"CM74",5,"CM74_5",17.7267847222222
"1093",2023-05-05,"CM74",5,"CM74_5",17.5205277777778
"1094",2023-05-06,"CM74",5,"CM74_5",17.4978333333333
"1095",2023-05-07,"CM74",5,"CM74_5",17.4683194444444
"1096",2023-05-08,"CM74",5,"CM74_5",17.5839444444444
"1097",2023-05-09,"CM74",5,"CM74_5",17.6778541666667
"1098",2023-05-10,"CM74",5,"CM74_5",17.9200069444444
"1099",2023-05-11,"CM74",5,"CM74_5",18.0037222222222
"1100",2023-05-12,"CM74",5,"CM74_5",18.1934652777778
"1101",2023-05-13,"CM74",5,"CM74_5",18.4282638888889
"1102",2023-05-14,"CM74",5,"CM74_5",18.7971388888889
"1103",2023-05-15,"CM74",5,"CM74_5",19.3693333333333
"1104",2023-05-16,"CM74",5,"CM74_5",19.6019722222222
"1105",2023-05-17,"CM74",5,"CM74_5",19.8714791666667
"1106",2023-05-18,"CM74",5,"CM74_5",20.3224861111111
"1107",2023-05-19,"CM74",5,"CM74_5",20.5834652777778
"1108",2023-05-20,"CM74",5,"CM74_5",20.6664722222222
"1109",2023-05-21,"CM74",5,"CM74_5",20.6583680555556
"1110",2023-05-22,"CM74",5,"CM74_5",20.8363541666667
"1111",2023-05-23,"CM74",5,"CM74_5",21.2023680555556
"1112",2023-05-24,"CM74",5,"CM74_5",21.0202986111111
"1113",2023-05-25,"CM74",5,"CM74_5",20.8770694444444
"1114",2023-05-26,"CM74",5,"CM74_5",20.722625
"1115",2023-05-27,"CM74",5,"CM74_5",20.6664930555556
"1116",2023-05-28,"CM74",5,"CM74_5",20.7057013888889
"1117",2023-05-29,"CM74",5,"CM74_5",20.652
"1118",2023-05-30,"CM74",5,"CM74_5",20.6060902777778
"1119",2023-05-31,"CM74",5,"CM74_5",20.533
"1120",2023-06-01,"CM74",5,"CM74_5",20.5418958333333
"1121",2023-06-02,"CM74",5,"CM74_5",20.5867291666667
"1122",2023-06-03,"CM74",5,"CM74_5",20.7430972222222
"1123",2023-06-04,"CM74",5,"CM74_5",21.1642916666667
"1124",2023-06-05,"CM74",5,"CM74_5",21.4667361111111
"1125",2023-06-06,"CM74",5,"CM74_5",21.4415486111111
"1126",2023-06-07,"CM74",5,"CM74_5",21.6989131944444
"1127",2023-06-08,"CM74",5,"CM74_5",21.9562777777778
"1128",2023-06-09,"CM74",5,"CM74_5",23.5239027777778
"1129",2023-06-10,"CM74",5,"CM74_5",24.1537708333333
"1130",2023-06-11,"CM74",5,"CM74_5",23.8469226190476
"1131",2023-06-12,"CM74",5,"CM74_5",23.5400744047619
"1132",2023-06-13,"CM74",5,"CM74_5",23.2332261904762
"1133",2023-06-14,"CM74",5,"CM74_5",22.9263779761905
"1134",2023-06-15,"CM74",5,"CM74_5",22.6195297619048
"1135",2023-06-16,"CM74",5,"CM74_5",22.312681547619
"1136",2023-06-17,"CM74",5,"CM74_5",22.0058333333333
"1137",2023-06-18,"CM74",5,"CM74_5",22.0298819444444
"1138",2023-06-19,"CM74",5,"CM74_5",21.8519166666667
"1139",2023-06-20,"CM74",5,"CM74_5",21.8087013888889
"1140",2023-06-21,"CM74",5,"CM74_5",22.0543888888889
"1141",2023-06-22,"CM74",5,"CM74_5",22.0868402777778
"1142",2023-06-23,"CM74",5,"CM74_5",21.8182916666667
"1143",2023-06-24,"CM74",5,"CM74_5",21.6822430555556
"1144",2023-06-25,"CM74",5,"CM74_5",21.5311597222222
"1145",2023-06-26,"CM74",5,"CM74_5",21.4451319444444
"1146",2023-06-27,"CM74",5,"CM74_5",21.4536944444444
"1147",2023-06-28,"CM74",5,"CM74_5",21.5807222222222
"1148",2023-06-29,"CM74",5,"CM74_5",21.7549305555556
"1149",2023-06-30,"CM74",5,"CM74_5",21.9973263888889
"1150",2023-07-01,"CM74",5,"CM74_5",22.5120625
"1151",2023-07-02,"CM74",5,"CM74_5",22.8334166666667
"1152",2023-07-03,"CM74",5,"CM74_5",23.3471458333333
"1153",2023-07-04,"CM74",5,"CM74_5",23.2898194444444
"1154",2023-07-05,"CM74",5,"CM74_5",23.1977569444444
"1155",2023-07-06,"CM74",5,"CM74_5",23.0187430555556
"1156",2023-07-07,"CM74",5,"CM74_5",22.8617916666667
"1157",2023-07-08,"CM74",5,"CM74_5",22.7256944444444
"1158",2023-07-09,"CM74",5,"CM74_5",22.5089583333333
"1159",2023-07-10,"CM74",5,"CM74_5",22.2654236111111
"1160",2023-07-11,"CM74",5,"CM74_5",22.4612083333333
"1161",2023-07-12,"CM74",5,"CM74_5",22.8830208333333
"1162",2023-07-13,"CM74",5,"CM74_5",22.9793680555556
"1163",2023-07-14,"CM74",5,"CM74_5",23.1960972222222
"1164",2023-07-15,"CM74",5,"CM74_5",23.4871388888889
"1165",2023-07-16,"CM74",5,"CM74_5",23.8560486111111
"1166",2023-07-17,"CM74",5,"CM74_5",24.2272361111111
"1167",2023-07-18,"CM74",5,"CM74_5",24.2998611111111
"1168",2023-07-19,"CM74",5,"CM74_5",24.1892291666667
"1169",2023-07-20,"CM74",5,"CM74_5",24.2305069444444
"1170",2023-07-21,"CM74",5,"CM74_5",24.6342291666667
"1171",2023-07-22,"CM74",5,"CM74_5",24.9246527777778
"1172",2023-07-23,"CM74",5,"CM74_5",25.1977222222222
"1173",2023-07-24,"CM74",5,"CM74_5",25.0665694444444
"1174",2023-07-25,"CM74",5,"CM74_5",24.8617638888889
"1175",2023-07-26,"CM74",5,"CM74_5",24.8989722222222
"1176",2023-07-27,"CM74",5,"CM74_5",24.8641597222222
"1177",2023-07-28,"CM74",5,"CM74_5",24.5663402777778
"1178",2023-07-29,"CM74",5,"CM74_5",24.4178055555556
"1179",2023-07-30,"CM74",5,"CM74_5",24.2793958333333
"1180",2023-07-31,"CM74",5,"CM74_5",24.2158055555556
"1181",2023-08-01,"CM74",5,"CM74_5",24.2327222222222
"1182",2023-08-02,"CM74",5,"CM74_5",24.1294513888889
"1183",2023-08-03,"CM74",5,"CM74_5",23.8823888888889
"1184",2023-08-04,"CM74",5,"CM74_5",23.7608333333333
"1185",2023-08-05,"CM74",5,"CM74_5",23.9570138888889
"1186",2023-08-06,"CM74",5,"CM74_5",24.3534652777778
"1187",2023-08-07,"CM74",5,"CM74_5",24.9135763888889
"1188",2023-08-08,"CM74",5,"CM74_5",24.7628541666667
"1189",2023-08-09,"CM74",5,"CM74_5",24.4580902777778
"1190",2023-08-10,"CM74",5,"CM74_5",24.3222013888889
"1191",2023-08-11,"CM74",5,"CM74_5",24.1347847222222
"1192",2023-08-12,"CM74",5,"CM74_5",24.0365625
"1193",2023-08-13,"CM74",5,"CM74_5",24.2080833333333
"1194",2023-08-14,"CM74",5,"CM74_5",24.5043472222222
"1195",2023-08-15,"CM74",5,"CM74_5",24.8724027777778
"1196",2023-08-16,"CM74",5,"CM74_5",25.0934722222222
"1197",2023-08-17,"CM74",5,"CM74_5",25.3123888888889
"1198",2023-08-18,"CM74",5,"CM74_5",25.35775
"1199",2023-08-19,"CM74",5,"CM74_5",25.1881597222222
"1200",2023-08-20,"CM74",5,"CM74_5",25.2592152777778
"1201",2023-08-21,"CM74",5,"CM74_5",25.3343194444444
"1202",2023-08-22,"CM74",5,"CM74_5",25.1283194444444
"1203",2023-08-23,"CM74",5,"CM74_5",25.2192847222222
"1204",2023-08-24,"CM74",5,"CM74_5",25.3133888888889
"1205",2023-08-25,"CM74",5,"CM74_5",25.5494513888889
"1206",2023-08-26,"CM74",5,"CM74_5",25.2341041666667
"1207",2023-08-27,"CM74",5,"CM74_5",25.0409791666667
"1208",2023-08-28,"CM74",5,"CM74_5",25.0407777777778
"1209",2023-08-29,"CM74",5,"CM74_5",25.0647083333333
"1210",2023-08-30,"CM74",5,"CM74_5",25.1625902777778
"1211",2023-08-31,"CM74",5,"CM74_5",25.2947986111111
"1212",2023-09-01,"CM74",5,"CM74_5",24.9266875
"1213",2023-09-02,"CM74",5,"CM74_5",24.4574618055556
"1214",2023-09-03,"CM74",5,"CM74_5",23.9882361111111
"1215",2023-09-04,"CM74",5,"CM74_5",23.8109097222222
"1216",2023-09-05,"CM74",5,"CM74_5",23.7602638888889
"1217",2023-09-06,"CM74",5,"CM74_5",23.8032361111111
"1218",2023-09-07,"CM74",5,"CM74_5",23.6557638888889
"1219",2023-09-08,"CM74",5,"CM74_5",23.5045347222222
"1220",2023-09-09,"CM74",5,"CM74_5",23.46025
"1221",2023-09-10,"CM74",5,"CM74_5",23.4511875
"1222",2023-09-11,"CM74",5,"CM74_5",23.5255555555556
"1223",2023-09-12,"CM74",5,"CM74_5",23.5953888888889
"1224",2023-09-13,"CM74",5,"CM74_5",23.4902083333333
"1225",2023-09-14,"CM74",5,"CM74_5",23.5180972222222
"1226",2023-09-15,"CM74",5,"CM74_5",23.4975416666667
"1227",2023-09-16,"CM74",5,"CM74_5",23.4325486111111
"1228",2023-09-17,"CM74",5,"CM74_5",23.3071944444444
"1229",2023-09-18,"CM74",5,"CM74_5",23.0257638888889
"1230",2023-09-19,"CM74",5,"CM74_5",22.8744236111111
"1231",2023-09-20,"CM74",5,"CM74_5",22.7766597222222
"1232",2023-09-21,"CM74",5,"CM74_5",22.5478125
"1233",2023-09-22,"CM74",5,"CM74_5",22.2495555555556
"1234",2023-09-23,"CM74",5,"CM74_5",22.0786458333333
"1235",2023-09-24,"CM74",5,"CM74_5",21.8492291666667
"1236",2023-04-01,"CM84",1.5,"CM84_1.5",13.0408541666667
"1237",2023-04-02,"CM84",1.5,"CM84_1.5",13.1743819444444
"1238",2023-04-03,"CM84",1.5,"CM84_1.5",13.0406875
"1239",2023-04-04,"CM84",1.5,"CM84_1.5",13.1137152777778
"1240",2023-04-05,"CM84",1.5,"CM84_1.5",13.2431458333333
"1241",2023-04-06,"CM84",1.5,"CM84_1.5",13.6114166666667
"1242",2023-04-07,"CM84",1.5,"CM84_1.5",13.9168680555556
"1243",2023-04-08,"CM84",1.5,"CM84_1.5",14.0295069444444
"1244",2023-04-09,"CM84",1.5,"CM84_1.5",14.4794375
"1245",2023-04-10,"CM84",1.5,"CM84_1.5",14.8365625
"1246",2023-04-11,"CM84",1.5,"CM84_1.5",15.6432638888889
"1247",2023-04-12,"CM84",1.5,"CM84_1.5",15.6886875
"1248",2023-04-13,"CM84",1.5,"CM84_1.5",15.4939305555556
"1249",2023-04-14,"CM84",1.5,"CM84_1.5",15.2618472222222
"1250",2023-04-15,"CM84",1.5,"CM84_1.5",15.8341944444444
"1251",2023-04-16,"CM84",1.5,"CM84_1.5",15.9490902777778
"1252",2023-04-17,"CM84",1.5,"CM84_1.5",16.0184166666667
"1253",2023-04-18,"CM84",1.5,"CM84_1.5",15.8033125
"1254",2023-04-19,"CM84",1.5,"CM84_1.5",15.9501388888889
"1255",2023-04-20,"CM84",1.5,"CM84_1.5",16.0581944444444
"1256",2023-04-21,"CM84",1.5,"CM84_1.5",16.2287152777778
"1257",2023-04-22,"CM84",1.5,"CM84_1.5",16.6252916666667
"1258",2023-04-23,"CM84",1.5,"CM84_1.5",17.2776458333333
"1259",2023-04-24,"CM84",1.5,"CM84_1.5",17.9885486111111
"1260",2023-04-25,"CM84",1.5,"CM84_1.5",18.4754652777778
"1261",2023-04-26,"CM84",1.5,"CM84_1.5",18.8455138888889
"1262",2023-04-27,"CM84",1.5,"CM84_1.5",19.7782569444444
"1263",2023-04-28,"CM84",1.5,"CM84_1.5",20.9106111111111
"1264",2023-04-29,"CM84",1.5,"CM84_1.5",20.763974537037
"1265",2023-04-30,"CM84",1.5,"CM84_1.5",20.617337962963
"1266",2023-05-01,"CM84",1.5,"CM84_1.5",20.4707013888889
"1267",2023-05-02,"CM84",1.5,"CM84_1.5",20.0057777777778
"1268",2023-05-03,"CM84",1.5,"CM84_1.5",19.6653125
"1269",2023-05-04,"CM84",1.5,"CM84_1.5",19.0461597222222
"1270",2023-05-05,"CM84",1.5,"CM84_1.5",18.6121180555556
"1271",2023-05-06,"CM84",1.5,"CM84_1.5",18.3426180555556
"1272",2023-05-07,"CM84",1.5,"CM84_1.5",18.2300763888889
"1273",2023-05-08,"CM84",1.5,"CM84_1.5",18.3222986111111
"1274",2023-05-09,"CM84",1.5,"CM84_1.5",18.4283958333333
"1275",2023-05-10,"CM84",1.5,"CM84_1.5",18.6594236111111
"1276",2023-05-11,"CM84",1.5,"CM84_1.5",18.5742152777778
"1277",2023-05-12,"CM84",1.5,"CM84_1.5",19.1423333333333
"1278",2023-05-13,"CM84",1.5,"CM84_1.5",19.8706944444444
"1279",2023-05-14,"CM84",1.5,"CM84_1.5",21.0192847222222
"1280",2023-05-15,"CM84",1.5,"CM84_1.5",21.2172986111111
"1281",2023-05-16,"CM84",1.5,"CM84_1.5",21.6902638888889
"1282",2023-05-17,"CM84",1.5,"CM84_1.5",22.2092430555556
"1283",2023-05-18,"CM84",1.5,"CM84_1.5",22.5834791666667
"1284",2023-05-19,"CM84",1.5,"CM84_1.5",22.8086736111111
"1285",2023-05-20,"CM84",1.5,"CM84_1.5",22.6562569444444
"1286",2023-05-21,"CM84",1.5,"CM84_1.5",22.4335625
"1287",2023-05-22,"CM84",1.5,"CM84_1.5",23.1202777777778
"1288",2023-05-23,"CM84",1.5,"CM84_1.5",23.0896041666667
"1289",2023-05-24,"CM84",1.5,"CM84_1.5",22.1932777777778
"1290",2023-05-25,"CM84",1.5,"CM84_1.5",22.0912361111111
"1291",2023-05-26,"CM84",1.5,"CM84_1.5",21.8479861111111
"1292",2023-05-27,"CM84",1.5,"CM84_1.5",21.8384861111111
"1293",2023-05-28,"CM84",1.5,"CM84_1.5",21.8036666666667
"1294",2023-05-29,"CM84",1.5,"CM84_1.5",21.6885
"1295",2023-05-30,"CM84",1.5,"CM84_1.5",21.56475
"1296",2023-05-31,"CM84",1.5,"CM84_1.5",21.6513819444444
"1297",2023-06-01,"CM84",1.5,"CM84_1.5",21.78975
"1298",2023-06-02,"CM84",1.5,"CM84_1.5",21.8090416666667
"1299",2023-06-03,"CM84",1.5,"CM84_1.5",22.2739097222222
"1300",2023-06-04,"CM84",1.5,"CM84_1.5",22.6865625
"1301",2023-06-05,"CM84",1.5,"CM84_1.5",23.3062986111111
"1302",2023-06-06,"CM84",1.5,"CM84_1.5",22.5517291666667
"1303",2023-06-07,"CM84",1.5,"CM84_1.5",21.84290625
"1304",2023-06-08,"CM84",1.5,"CM84_1.5",21.1340833333333
"1305",2023-06-09,"CM84",1.5,"CM84_1.5",23.3656875
"1306",2023-06-10,"CM84",1.5,"CM84_1.5",24.0173958333333
"1307",2023-06-11,"CM84",1.5,"CM84_1.5",24.2842430555556
"1308",2023-06-12,"CM84",1.5,"CM84_1.5",24.2181180555556
"1309",2023-06-13,"CM84",1.5,"CM84_1.5",24.0513208333333
"1310",2023-06-14,"CM84",1.5,"CM84_1.5",23.8845236111111
"1311",2023-06-15,"CM84",1.5,"CM84_1.5",23.7177263888889
"1312",2023-06-16,"CM84",1.5,"CM84_1.5",23.5509291666667
"1313",2023-06-17,"CM84",1.5,"CM84_1.5",23.3841319444444
"1314",2023-06-18,"CM84",1.5,"CM84_1.5",23.2350555555556
"1315",2023-06-19,"CM84",1.5,"CM84_1.5",23.0947847222222
"1316",2023-06-20,"CM84",1.5,"CM84_1.5",23.0345208333333
"1317",2023-06-21,"CM84",1.5,"CM84_1.5",22.9630555555556
"1318",2023-06-22,"CM84",1.5,"CM84_1.5",22.8754375
"1319",2023-06-23,"CM84",1.5,"CM84_1.5",22.5307083333333
"1320",2023-06-24,"CM84",1.5,"CM84_1.5",22.5614791666667
"1321",2023-06-25,"CM84",1.5,"CM84_1.5",22.5413819444444
"1322",2023-06-26,"CM84",1.5,"CM84_1.5",22.5250763888889
"1323",2023-06-27,"CM84",1.5,"CM84_1.5",22.7753888888889
"1324",2023-06-28,"CM84",1.5,"CM84_1.5",22.9902569444444
"1325",2023-06-29,"CM84",1.5,"CM84_1.5",23.1735833333333
"1326",2023-06-30,"CM84",1.5,"CM84_1.5",24.2619444444444
"1327",2023-07-01,"CM84",1.5,"CM84_1.5",24.9749861111111
"1328",2023-07-02,"CM84",1.5,"CM84_1.5",25.5314791666667
"1329",2023-07-03,"CM84",1.5,"CM84_1.5",26.3989236111111
"1330",2023-07-04,"CM84",1.5,"CM84_1.5",25.2677152777778
"1331",2023-07-05,"CM84",1.5,"CM84_1.5",25.2487638888889
"1332",2023-07-06,"CM84",1.5,"CM84_1.5",24.7512222222222
"1333",2023-07-07,"CM84",1.5,"CM84_1.5",24.519875
"1334",2023-07-08,"CM84",1.5,"CM84_1.5",24.3359375
"1335",2023-07-09,"CM84",1.5,"CM84_1.5",24.1045625
"1336",2023-07-10,"CM84",1.5,"CM84_1.5",23.8333819444444
"1337",2023-07-11,"CM84",1.5,"CM84_1.5",24.4111736111111
"1338",2023-07-12,"CM84",1.5,"CM84_1.5",24.7717222222222
"1339",2023-07-13,"CM84",1.5,"CM84_1.5",24.6801041666667
"1340",2023-07-14,"CM84",1.5,"CM84_1.5",25.1693263888889
"1341",2023-07-15,"CM84",1.5,"CM84_1.5",25.5964861111111
"1342",2023-07-16,"CM84",1.5,"CM84_1.5",26.2862569444444
"1343",2023-07-17,"CM84",1.5,"CM84_1.5",26.412625
"1344",2023-07-18,"CM84",1.5,"CM84_1.5",26.0070833333333
"1345",2023-07-19,"CM84",1.5,"CM84_1.5",25.5930833333333
"1346",2023-07-20,"CM84",1.5,"CM84_1.5",26.0983125
"1347",2023-07-21,"CM84",1.5,"CM84_1.5",25.9637291666667
"1348",2023-07-22,"CM84",1.5,"CM84_1.5",26.6464722222222
"1349",2023-07-23,"CM84",1.5,"CM84_1.5",27.4255555555556
"1350",2023-07-24,"CM84",1.5,"CM84_1.5",26.7428541666667
"1351",2023-07-25,"CM84",1.5,"CM84_1.5",26.5793958333333
"1352",2023-07-26,"CM84",1.5,"CM84_1.5",26.6657083333333
"1353",2023-07-27,"CM84",1.5,"CM84_1.5",26.15175
"1354",2023-07-28,"CM84",1.5,"CM84_1.5",25.9172777777778
"1355",2023-07-29,"CM84",1.5,"CM84_1.5",26.1295277777778
"1356",2023-07-30,"CM84",1.5,"CM84_1.5",25.888
"1357",2023-07-31,"CM84",1.5,"CM84_1.5",25.7691666666667
"1358",2023-08-01,"CM84",1.5,"CM84_1.5",25.87625
"1359",2023-08-02,"CM84",1.5,"CM84_1.5",25.5858541666667
"1360",2023-08-03,"CM84",1.5,"CM84_1.5",25.3468263888889
"1361",2023-08-04,"CM84",1.5,"CM84_1.5",25.2168472222222
"1362",2023-08-05,"CM84",1.5,"CM84_1.5",25.7109513888889
"1363",2023-08-06,"CM84",1.5,"CM84_1.5",26.0543888888889
"1364",2023-08-07,"CM84",1.5,"CM84_1.5",26.1795347222222
"1365",2023-08-08,"CM84",1.5,"CM84_1.5",25.9572847222222
"1366",2023-08-09,"CM84",1.5,"CM84_1.5",25.3774652777778
"1367",2023-08-10,"CM84",1.5,"CM84_1.5",25.4796458333333
"1368",2023-08-11,"CM84",1.5,"CM84_1.5",25.4927152777778
"1369",2023-08-12,"CM84",1.5,"CM84_1.5",25.5174444444444
"1370",2023-08-13,"CM84",1.5,"CM84_1.5",25.9857638888889
"1371",2023-08-14,"CM84",1.5,"CM84_1.5",26.3150416666667
"1372",2023-08-15,"CM84",1.5,"CM84_1.5",26.4316527777778
"1373",2023-08-16,"CM84",1.5,"CM84_1.5",27.0411180555556
"1374",2023-08-17,"CM84",1.5,"CM84_1.5",27.6253125
"1375",2023-08-18,"CM84",1.5,"CM84_1.5",27.0555069444444
"1376",2023-08-19,"CM84",1.5,"CM84_1.5",26.7521805555556
"1377",2023-08-20,"CM84",1.5,"CM84_1.5",26.8915416666667
"1378",2023-08-21,"CM84",1.5,"CM84_1.5",26.5552569444444
"1379",2023-08-22,"CM84",1.5,"CM84_1.5",26.0920625
"1380",2023-08-23,"CM84",1.5,"CM84_1.5",26.4934583333333
"1381",2023-08-24,"CM84",1.5,"CM84_1.5",26.6504027777778
"1382",2023-08-25,"CM84",1.5,"CM84_1.5",26.4414513888889
"1383",2023-08-26,"CM84",1.5,"CM84_1.5",26.2586875
"1384",2023-08-27,"CM84",1.5,"CM84_1.5",26.2912569444444
"1385",2023-08-28,"CM84",1.5,"CM84_1.5",26.2633333333333
"1386",2023-08-29,"CM84",1.5,"CM84_1.5",26.1496319444444
"1387",2023-08-30,"CM84",1.5,"CM84_1.5",25.9777916666667
"1388",2023-08-31,"CM84",1.5,"CM84_1.5",26.0562708333333
"1389",2023-09-01,"CM84",1.5,"CM84_1.5",25.5071180555556
"1390",2023-09-02,"CM84",1.5,"CM84_1.5",24.9814652777778
"1391",2023-09-03,"CM84",1.5,"CM84_1.5",24.9071875
"1392",2023-09-04,"CM84",1.5,"CM84_1.5",24.7475833333333
"1393",2023-09-05,"CM84",1.5,"CM84_1.5",24.8465069444444
"1394",2023-09-06,"CM84",1.5,"CM84_1.5",25.0178472222222
"1395",2023-09-07,"CM84",1.5,"CM84_1.5",24.6925833333333
"1396",2023-09-08,"CM84",1.5,"CM84_1.5",24.7256944444444
"1397",2023-09-09,"CM84",1.5,"CM84_1.5",24.8736458333333
"1398",2023-09-10,"CM84",1.5,"CM84_1.5",24.8578472222222
"1399",2023-09-11,"CM84",1.5,"CM84_1.5",24.8463680555556
"1400",2023-09-12,"CM84",1.5,"CM84_1.5",24.5831111111111
"1401",2023-09-13,"CM84",1.5,"CM84_1.5",24.7308333333333
"1402",2023-09-14,"CM84",1.5,"CM84_1.5",24.7856944444444
"1403",2023-09-15,"CM84",1.5,"CM84_1.5",24.8252916666667
"1404",2023-09-16,"CM84",1.5,"CM84_1.5",24.7868819444444
"1405",2023-09-17,"CM84",1.5,"CM84_1.5",24.5733680555556
"1406",2023-09-18,"CM84",1.5,"CM84_1.5",24.2855416666667
"1407",2023-09-19,"CM84",1.5,"CM84_1.5",24.2253402777778
"1408",2023-09-20,"CM84",1.5,"CM84_1.5",24.1758958333333
"1409",2023-09-21,"CM84",1.5,"CM84_1.5",23.8558611111111
"1410",2023-09-22,"CM84",1.5,"CM84_1.5",23.6514027777778
"1411",2023-09-23,"CM84",1.5,"CM84_1.5",23.4854444444444
"1412",2023-09-24,"CM84",1.5,"CM84_1.5",23.2109375
"1413",2023-04-01,"CM84",2.5,"CM84_2.5",12.9089513888889
"1414",2023-04-02,"CM84",2.5,"CM84_2.5",13.1113888888889
"1415",2023-04-03,"CM84",2.5,"CM84_2.5",12.9665902777778
"1416",2023-04-04,"CM84",2.5,"CM84_2.5",13.0252430555556
"1417",2023-04-05,"CM84",2.5,"CM84_2.5",13.0854652777778
"1418",2023-04-06,"CM84",2.5,"CM84_2.5",13.4115555555556
"1419",2023-04-07,"CM84",2.5,"CM84_2.5",13.8607638888889
"1420",2023-04-08,"CM84",2.5,"CM84_2.5",13.9189930555556
"1421",2023-04-09,"CM84",2.5,"CM84_2.5",14.0980486111111
"1422",2023-04-10,"CM84",2.5,"CM84_2.5",14.3729027777778
"1423",2023-04-11,"CM84",2.5,"CM84_2.5",15.3041041666667
"1424",2023-04-12,"CM84",2.5,"CM84_2.5",15.5704722222222
"1425",2023-04-13,"CM84",2.5,"CM84_2.5",15.360375
"1426",2023-04-14,"CM84",2.5,"CM84_2.5",15.1537638888889
"1427",2023-04-15,"CM84",2.5,"CM84_2.5",15.6672708333333
"1428",2023-04-16,"CM84",2.5,"CM84_2.5",15.9028611111111
"1429",2023-04-17,"CM84",2.5,"CM84_2.5",15.973875
"1430",2023-04-18,"CM84",2.5,"CM84_2.5",15.6912430555556
"1431",2023-04-19,"CM84",2.5,"CM84_2.5",15.8339236111111
"1432",2023-04-20,"CM84",2.5,"CM84_2.5",15.8091805555556
"1433",2023-04-21,"CM84",2.5,"CM84_2.5",16.0360486111111
"1434",2023-04-22,"CM84",2.5,"CM84_2.5",16.4244305555556
"1435",2023-04-23,"CM84",2.5,"CM84_2.5",16.9789513888889
"1436",2023-04-24,"CM84",2.5,"CM84_2.5",17.7298263888889
"1437",2023-04-25,"CM84",2.5,"CM84_2.5",18.1794027777778
"1438",2023-04-26,"CM84",2.5,"CM84_2.5",18.5027430555556
"1439",2023-04-27,"CM84",2.5,"CM84_2.5",18.8207708333333
"1440",2023-04-28,"CM84",2.5,"CM84_2.5",19.8059166666667
"1441",2023-04-29,"CM84",2.5,"CM84_2.5",21.2882916666667
"1442",2023-04-30,"CM84",2.5,"CM84_2.5",20.8644583333333
"1443",2023-05-01,"CM84",2.5,"CM84_2.5",20.440625
"1444",2023-05-02,"CM84",2.5,"CM84_2.5",19.9702916666667
"1445",2023-05-03,"CM84",2.5,"CM84_2.5",19.6249861111111
"1446",2023-05-04,"CM84",2.5,"CM84_2.5",18.9457569444444
"1447",2023-05-05,"CM84",2.5,"CM84_2.5",18.5608819444444
"1448",2023-05-06,"CM84",2.5,"CM84_2.5",18.2989722222222
"1449",2023-05-07,"CM84",2.5,"CM84_2.5",18.1612916666667
"1450",2023-05-08,"CM84",2.5,"CM84_2.5",18.2553541666667
"1451",2023-05-09,"CM84",2.5,"CM84_2.5",18.3336041666667
"1452",2023-05-10,"CM84",2.5,"CM84_2.5",18.5585486111111
"1453",2023-05-11,"CM84",2.5,"CM84_2.5",18.4757916666667
"1454",2023-05-12,"CM84",2.5,"CM84_2.5",18.9538472222222
"1455",2023-05-13,"CM84",2.5,"CM84_2.5",19.5764097222222
"1456",2023-05-14,"CM84",2.5,"CM84_2.5",20.0386041666667
"1457",2023-05-15,"CM84",2.5,"CM84_2.5",20.9544861111111
"1458",2023-05-16,"CM84",2.5,"CM84_2.5",21.4205763888889
"1459",2023-05-17,"CM84",2.5,"CM84_2.5",21.7098055555556
"1460",2023-05-18,"CM84",2.5,"CM84_2.5",22.2197222222222
"1461",2023-05-19,"CM84",2.5,"CM84_2.5",22.6497291666667
"1462",2023-05-20,"CM84",2.5,"CM84_2.5",22.5275
"1463",2023-05-21,"CM84",2.5,"CM84_2.5",22.3306666666667
"1464",2023-05-22,"CM84",2.5,"CM84_2.5",22.8796597222222
"1465",2023-05-23,"CM84",2.5,"CM84_2.5",22.9197986111111
"1466",2023-05-24,"CM84",2.5,"CM84_2.5",22.1498611111111
"1467",2023-05-25,"CM84",2.5,"CM84_2.5",22.0495
"1468",2023-05-26,"CM84",2.5,"CM84_2.5",21.7817569444444
"1469",2023-05-27,"CM84",2.5,"CM84_2.5",21.6908125
"1470",2023-05-28,"CM84",2.5,"CM84_2.5",21.6699305555556
"1471",2023-05-29,"CM84",2.5,"CM84_2.5",21.638375
"1472",2023-05-30,"CM84",2.5,"CM84_2.5",21.5070555555556
"1473",2023-05-31,"CM84",2.5,"CM84_2.5",21.4881597222222
"1474",2023-06-01,"CM84",2.5,"CM84_2.5",21.6391875
"1475",2023-06-02,"CM84",2.5,"CM84_2.5",21.6816458333333
"1476",2023-06-03,"CM84",2.5,"CM84_2.5",21.9902430555556
"1477",2023-06-04,"CM84",2.5,"CM84_2.5",22.4431180555556
"1478",2023-06-05,"CM84",2.5,"CM84_2.5",22.9737361111111
"1479",2023-06-06,"CM84",2.5,"CM84_2.5",22.518125
"1480",2023-06-07,"CM84",2.5,"CM84_2.5",22.4558611111111
"1481",2023-06-08,"CM84",2.5,"CM84_2.5",21.0951736111111
"1482",2023-06-09,"CM84",2.5,"CM84_2.5",23.4019444444444
"1483",2023-06-10,"CM84",2.5,"CM84_2.5",24.0362361111111
"1484",2023-06-11,"CM84",2.5,"CM84_2.5",24.3054791666667
"1485",2023-06-12,"CM84",2.5,"CM84_2.5",24.2340763888889
"1486",2023-06-13,"CM84",2.5,"CM84_2.5",24.042975
"1487",2023-06-14,"CM84",2.5,"CM84_2.5",23.8518736111111
"1488",2023-06-15,"CM84",2.5,"CM84_2.5",23.6607722222222
"1489",2023-06-16,"CM84",2.5,"CM84_2.5",23.4696708333333
"1490",2023-06-17,"CM84",2.5,"CM84_2.5",23.2785694444444
"1491",2023-06-18,"CM84",2.5,"CM84_2.5",23.11825
"1492",2023-06-19,"CM84",2.5,"CM84_2.5",22.9863888888889
"1493",2023-06-20,"CM84",2.5,"CM84_2.5",22.9527152777778
"1494",2023-06-21,"CM84",2.5,"CM84_2.5",22.8304444444444
"1495",2023-06-22,"CM84",2.5,"CM84_2.5",22.7062569444444
"1496",2023-06-23,"CM84",2.5,"CM84_2.5",22.4610208333333
"1497",2023-06-24,"CM84",2.5,"CM84_2.5",22.4671458333333
"1498",2023-06-25,"CM84",2.5,"CM84_2.5",22.4472361111111
"1499",2023-06-26,"CM84",2.5,"CM84_2.5",22.3995694444444
"1500",2023-06-27,"CM84",2.5,"CM84_2.5",22.6141666666667
"1501",2023-06-28,"CM84",2.5,"CM84_2.5",22.8188888888889
"1502",2023-06-29,"CM84",2.5,"CM84_2.5",23.0121944444444
"1503",2023-06-30,"CM84",2.5,"CM84_2.5",23.7947916666667
"1504",2023-07-01,"CM84",2.5,"CM84_2.5",24.4390277777778
"1505",2023-07-02,"CM84",2.5,"CM84_2.5",24.1734305555556
"1506",2023-07-03,"CM84",2.5,"CM84_2.5",25.5970416666667
"1507",2023-07-04,"CM84",2.5,"CM84_2.5",25.0803055555556
"1508",2023-07-05,"CM84",2.5,"CM84_2.5",25.1281666666667
"1509",2023-07-06,"CM84",2.5,"CM84_2.5",24.6221388888889
"1510",2023-07-07,"CM84",2.5,"CM84_2.5",24.4175902777778
"1511",2023-07-08,"CM84",2.5,"CM84_2.5",24.2137291666667
"1512",2023-07-09,"CM84",2.5,"CM84_2.5",24.0478055555556
"1513",2023-07-10,"CM84",2.5,"CM84_2.5",23.7321111111111
"1514",2023-07-11,"CM84",2.5,"CM84_2.5",24.1212638888889
"1515",2023-07-12,"CM84",2.5,"CM84_2.5",24.3824236111111
"1516",2023-07-13,"CM84",2.5,"CM84_2.5",24.5506388888889
"1517",2023-07-14,"CM84",2.5,"CM84_2.5",24.9001319444444
"1518",2023-07-15,"CM84",2.5,"CM84_2.5",25.2724375
"1519",2023-07-16,"CM84",2.5,"CM84_2.5",25.6423263888889
"1520",2023-07-17,"CM84",2.5,"CM84_2.5",25.9590555555556
"1521",2023-07-18,"CM84",2.5,"CM84_2.5",25.8701388888889
"1522",2023-07-19,"CM84",2.5,"CM84_2.5",25.5129861111111
"1523",2023-07-20,"CM84",2.5,"CM84_2.5",25.8938541666667
"1524",2023-07-21,"CM84",2.5,"CM84_2.5",25.7514583333333
"1525",2023-07-22,"CM84",2.5,"CM84_2.5",26.2444652777778
"1526",2023-07-23,"CM84",2.5,"CM84_2.5",26.9982222222222
"1527",2023-07-24,"CM84",2.5,"CM84_2.5",26.568875
"1528",2023-07-25,"CM84",2.5,"CM84_2.5",26.4628680555556
"1529",2023-07-26,"CM84",2.5,"CM84_2.5",26.4118333333333
"1530",2023-07-27,"CM84",2.5,"CM84_2.5",26.0359652777778
"1531",2023-07-28,"CM84",2.5,"CM84_2.5",25.8161527777778
"1532",2023-07-29,"CM84",2.5,"CM84_2.5",25.9198541666667
"1533",2023-07-30,"CM84",2.5,"CM84_2.5",25.7466041666667
"1534",2023-07-31,"CM84",2.5,"CM84_2.5",25.6496319444444
"1535",2023-08-01,"CM84",2.5,"CM84_2.5",25.6965208333333
"1536",2023-08-02,"CM84",2.5,"CM84_2.5",25.4983611111111
"1537",2023-08-03,"CM84",2.5,"CM84_2.5",25.2738263888889
"1538",2023-08-04,"CM84",2.5,"CM84_2.5",25.1160208333333
"1539",2023-08-05,"CM84",2.5,"CM84_2.5",25.4859652777778
"1540",2023-08-06,"CM84",2.5,"CM84_2.5",25.8238819444444
"1541",2023-08-07,"CM84",2.5,"CM84_2.5",25.7852013888889
"1542",2023-08-08,"CM84",2.5,"CM84_2.5",25.8318125
"1543",2023-08-09,"CM84",2.5,"CM84_2.5",25.2856180555556
"1544",2023-08-10,"CM84",2.5,"CM84_2.5",25.3689236111111
"1545",2023-08-11,"CM84",2.5,"CM84_2.5",25.2989791666667
"1546",2023-08-12,"CM84",2.5,"CM84_2.5",25.382375
"1547",2023-08-13,"CM84",2.5,"CM84_2.5",25.7017430555556
"1548",2023-08-14,"CM84",2.5,"CM84_2.5",26.0159791666667
"1549",2023-08-15,"CM84",2.5,"CM84_2.5",26.1393333333333
"1550",2023-08-16,"CM84",2.5,"CM84_2.5",26.6270555555556
"1551",2023-08-17,"CM84",2.5,"CM84_2.5",27.1623819444444
"1552",2023-08-18,"CM84",2.5,"CM84_2.5",26.9927013888889
"1553",2023-08-19,"CM84",2.5,"CM84_2.5",26.6373888888889
"1554",2023-08-20,"CM84",2.5,"CM84_2.5",26.798875
"1555",2023-08-21,"CM84",2.5,"CM84_2.5",26.4823055555556
"1556",2023-08-22,"CM84",2.5,"CM84_2.5",26.0142152777778
"1557",2023-08-23,"CM84",2.5,"CM84_2.5",26.2136319444444
"1558",2023-08-24,"CM84",2.5,"CM84_2.5",26.2589722222222
"1559",2023-08-25,"CM84",2.5,"CM84_2.5",26.2787291666667
"1560",2023-08-26,"CM84",2.5,"CM84_2.5",26.1415069444444
"1561",2023-08-27,"CM84",2.5,"CM84_2.5",26.1032986111111
"1562",2023-08-28,"CM84",2.5,"CM84_2.5",26.08375
"1563",2023-08-29,"CM84",2.5,"CM84_2.5",25.9947430555556
"1564",2023-08-30,"CM84",2.5,"CM84_2.5",25.8187291666667
"1565",2023-08-31,"CM84",2.5,"CM84_2.5",25.8172569444444
"1566",2023-09-01,"CM84",2.5,"CM84_2.5",25.4779305555556
"1567",2023-09-02,"CM84",2.5,"CM84_2.5",24.9215
"1568",2023-09-03,"CM84",2.5,"CM84_2.5",24.7829513888889
"1569",2023-09-04,"CM84",2.5,"CM84_2.5",24.6528402777778
"1570",2023-09-05,"CM84",2.5,"CM84_2.5",24.6735069444444
"1571",2023-09-06,"CM84",2.5,"CM84_2.5",24.7838819444444
"1572",2023-09-07,"CM84",2.5,"CM84_2.5",24.5853055555556
"1573",2023-09-08,"CM84",2.5,"CM84_2.5",24.6005069444444
"1574",2023-09-09,"CM84",2.5,"CM84_2.5",24.6865277777778
"1575",2023-09-10,"CM84",2.5,"CM84_2.5",24.6669236111111
"1576",2023-09-11,"CM84",2.5,"CM84_2.5",24.6182083333333
"1577",2023-09-12,"CM84",2.5,"CM84_2.5",24.4668125
"1578",2023-09-13,"CM84",2.5,"CM84_2.5",24.5253958333333
"1579",2023-09-14,"CM84",2.5,"CM84_2.5",24.5822916666667
"1580",2023-09-15,"CM84",2.5,"CM84_2.5",24.6797916666667
"1581",2023-09-16,"CM84",2.5,"CM84_2.5",24.5781458333333
"1582",2023-09-17,"CM84",2.5,"CM84_2.5",24.4455416666667
"1583",2023-09-18,"CM84",2.5,"CM84_2.5",24.1957916666667
"1584",2023-09-19,"CM84",2.5,"CM84_2.5",24.0912430555556
"1585",2023-09-20,"CM84",2.5,"CM84_2.5",24.0632986111111
"1586",2023-09-21,"CM84",2.5,"CM84_2.5",23.7721388888889
"1587",2023-09-22,"CM84",2.5,"CM84_2.5",23.5512222222222
"1588",2023-09-23,"CM84",2.5,"CM84_2.5",23.3694097222222
"1589",2023-09-24,"CM84",2.5,"CM84_2.5",23.1697569444444
"1590",2023-04-01,"CM84",5,"CM84_5",12.6914652777778
"1591",2023-04-02,"CM84",5,"CM84_5",12.9716527777778
"1592",2023-04-03,"CM84",5,"CM84_5",12.8952569444444
"1593",2023-04-04,"CM84",5,"CM84_5",12.9421666666667
"1594",2023-04-05,"CM84",5,"CM84_5",12.9843888888889
"1595",2023-04-06,"CM84",5,"CM84_5",13.2765625
"1596",2023-04-07,"CM84",5,"CM84_5",13.7429652777778
"1597",2023-04-08,"CM84",5,"CM84_5",13.8166666666667
"1598",2023-04-09,"CM84",5,"CM84_5",13.7771666666667
"1599",2023-04-10,"CM84",5,"CM84_5",14.0088333333333
"1600",2023-04-11,"CM84",5,"CM84_5",14.8640833333333
"1601",2023-04-12,"CM84",5,"CM84_5",15.35325
"1602",2023-04-13,"CM84",5,"CM84_5",15.1302291666667
"1603",2023-04-14,"CM84",5,"CM84_5",15.0148333333333
"1604",2023-04-15,"CM84",5,"CM84_5",15.3998055555556
"1605",2023-04-16,"CM84",5,"CM84_5",15.6801597222222
"1606",2023-04-17,"CM84",5,"CM84_5",15.8303541666667
"1607",2023-04-18,"CM84",5,"CM84_5",15.5744930555556
"1608",2023-04-19,"CM84",5,"CM84_5",15.6813541666667
"1609",2023-04-20,"CM84",5,"CM84_5",15.6063472222222
"1610",2023-04-21,"CM84",5,"CM84_5",15.683
"1611",2023-04-22,"CM84",5,"CM84_5",15.8354166666667
"1612",2023-04-23,"CM84",5,"CM84_5",16.518875
"1613",2023-04-24,"CM84",5,"CM84_5",17.3732222222222
"1614",2023-04-25,"CM84",5,"CM84_5",17.6059722222222
"1615",2023-04-26,"CM84",5,"CM84_5",17.3144930555556
"1616",2023-04-27,"CM84",5,"CM84_5",17.6359166666667
"1617",2023-04-28,"CM84",5,"CM84_5",17.9018194444444
"1618",2023-04-29,"CM84",5,"CM84_5",19.6080694444444
"1619",2023-04-30,"CM84",5,"CM84_5",20.5783194444444
"1620",2023-05-01,"CM84",5,"CM84_5",20.3526180555556
"1621",2023-05-02,"CM84",5,"CM84_5",19.8523541666667
"1622",2023-05-03,"CM84",5,"CM84_5",19.1966944444444
"1623",2023-05-04,"CM84",5,"CM84_5",18.6157361111111
"1624",2023-05-05,"CM84",5,"CM84_5",18.5000902777778
"1625",2023-05-06,"CM84",5,"CM84_5",18.2357708333333
"1626",2023-05-07,"CM84",5,"CM84_5",18.0607708333333
"1627",2023-05-08,"CM84",5,"CM84_5",18.1967291666667
"1628",2023-05-09,"CM84",5,"CM84_5",18.2749583333333
"1629",2023-05-10,"CM84",5,"CM84_5",18.3960347222222
"1630",2023-05-11,"CM84",5,"CM84_5",18.4002986111111
"1631",2023-05-12,"CM84",5,"CM84_5",18.6954166666667
"1632",2023-05-13,"CM84",5,"CM84_5",18.9754861111111
"1633",2023-05-14,"CM84",5,"CM84_5",19.0100138888889
"1634",2023-05-15,"CM84",5,"CM84_5",20.2679444444444
"1635",2023-05-16,"CM84",5,"CM84_5",20.8268958333333
"1636",2023-05-17,"CM84",5,"CM84_5",20.5986527777778
"1637",2023-05-18,"CM84",5,"CM84_5",21.3967152777778
"1638",2023-05-19,"CM84",5,"CM84_5",22.0949375
"1639",2023-05-20,"CM84",5,"CM84_5",22.2396180555556
"1640",2023-05-21,"CM84",5,"CM84_5",22.1184097222222
"1641",2023-05-22,"CM84",5,"CM84_5",21.8979930555556
"1642",2023-05-23,"CM84",5,"CM84_5",22.2811736111111
"1643",2023-05-24,"CM84",5,"CM84_5",22.0199305555556
"1644",2023-05-25,"CM84",5,"CM84_5",21.9112708333333
"1645",2023-05-26,"CM84",5,"CM84_5",21.6488333333333
"1646",2023-05-27,"CM84",5,"CM84_5",21.5718472222222
"1647",2023-05-28,"CM84",5,"CM84_5",21.5441805555556
"1648",2023-05-29,"CM84",5,"CM84_5",21.5165138888889
"1649",2023-05-30,"CM84",5,"CM84_5",21.4040972222222
"1650",2023-05-31,"CM84",5,"CM84_5",21.4120555555556
"1651",2023-06-01,"CM84",5,"CM84_5",21.4200138888889
"1652",2023-06-02,"CM84",5,"CM84_5",21.5539027777778
"1653",2023-06-03,"CM84",5,"CM84_5",21.6533958333333
"1654",2023-06-04,"CM84",5,"CM84_5",22.0201944444444
"1655",2023-06-05,"CM84",5,"CM84_5",22.4567708333333
"1656",2023-06-06,"CM84",5,"CM84_5",22.4646875
"1657",2023-06-07,"CM84",5,"CM84_5",22.4862013888889
"1658",2023-06-08,"CM84",5,"CM84_5",21.2664166666667
"1659",2023-06-09,"CM84",5,"CM84_5",23.6873819444444
"1660",2023-06-10,"CM84",5,"CM84_5",24.0465208333333
"1661",2023-06-11,"CM84",5,"CM84_5",24.31425
"1662",2023-06-12,"CM84",5,"CM84_5",24.2450763888889
"1663",2023-06-13,"CM84",5,"CM84_5",23.980325
"1664",2023-06-14,"CM84",5,"CM84_5",23.7155736111111
"1665",2023-06-15,"CM84",5,"CM84_5",23.4508222222222
"1666",2023-06-16,"CM84",5,"CM84_5",23.1860708333333
"1667",2023-06-17,"CM84",5,"CM84_5",22.9213194444444
"1668",2023-06-18,"CM84",5,"CM84_5",22.9533888888889
"1669",2023-06-19,"CM84",5,"CM84_5",22.9017569444444
"1670",2023-06-20,"CM84",5,"CM84_5",22.8219652777778
"1671",2023-06-21,"CM84",5,"CM84_5",22.6713125
"1672",2023-06-22,"CM84",5,"CM84_5",22.5522708333333
"1673",2023-06-23,"CM84",5,"CM84_5",22.3908611111111
"1674",2023-06-24,"CM84",5,"CM84_5",22.3679444444444
"1675",2023-06-25,"CM84",5,"CM84_5",22.3497986111111
"1676",2023-06-26,"CM84",5,"CM84_5",22.3102638888889
"1677",2023-06-27,"CM84",5,"CM84_5",22.4577083333333
"1678",2023-06-28,"CM84",5,"CM84_5",22.6306388888889
"1679",2023-06-29,"CM84",5,"CM84_5",22.8320763888889
"1680",2023-06-30,"CM84",5,"CM84_5",23.0135694444444
"1681",2023-07-01,"CM84",5,"CM84_5",23.2455416666667
"1682",2023-07-02,"CM84",5,"CM84_5",23.2320416666667
"1683",2023-07-03,"CM84",5,"CM84_5",23.8619305555556
"1684",2023-07-04,"CM84",5,"CM84_5",24.6534305555556
"1685",2023-07-05,"CM84",5,"CM84_5",24.8580625
"1686",2023-07-06,"CM84",5,"CM84_5",24.4666111111111
"1687",2023-07-07,"CM84",5,"CM84_5",24.3042916666667
"1688",2023-07-08,"CM84",5,"CM84_5",24.1413125
"1689",2023-07-09,"CM84",5,"CM84_5",23.9416041666667
"1690",2023-07-10,"CM84",5,"CM84_5",23.6529305555556
"1691",2023-07-11,"CM84",5,"CM84_5",23.7881319444444
"1692",2023-07-12,"CM84",5,"CM84_5",23.9384166666667
"1693",2023-07-13,"CM84",5,"CM84_5",24.2560902777778
"1694",2023-07-14,"CM84",5,"CM84_5",24.2281319444444
"1695",2023-07-15,"CM84",5,"CM84_5",24.3362291666667
"1696",2023-07-16,"CM84",5,"CM84_5",24.5464583333333
"1697",2023-07-17,"CM84",5,"CM84_5",25.3302916666667
"1698",2023-07-18,"CM84",5,"CM84_5",25.6250416666667
"1699",2023-07-19,"CM84",5,"CM84_5",25.3989236111111
"1700",2023-07-20,"CM84",5,"CM84_5",25.5247916666667
"1701",2023-07-21,"CM84",5,"CM84_5",25.4662291666667
"1702",2023-07-22,"CM84",5,"CM84_5",25.5090972222222
"1703",2023-07-23,"CM84",5,"CM84_5",25.7310763888889
"1704",2023-07-24,"CM84",5,"CM84_5",26.2788680555556
"1705",2023-07-25,"CM84",5,"CM84_5",26.2663611111111
"1706",2023-07-26,"CM84",5,"CM84_5",26.0967083333333
"1707",2023-07-27,"CM84",5,"CM84_5",25.9029097222222
"1708",2023-07-28,"CM84",5,"CM84_5",25.7391944444444
"1709",2023-07-29,"CM84",5,"CM84_5",25.7526527777778
"1710",2023-07-30,"CM84",5,"CM84_5",25.6192291666667
"1711",2023-07-31,"CM84",5,"CM84_5",25.5259652777778
"1712",2023-08-01,"CM84",5,"CM84_5",25.4948888888889
"1713",2023-08-02,"CM84",5,"CM84_5",25.3789930555556
"1714",2023-08-03,"CM84",5,"CM84_5",25.186375
"1715",2023-08-04,"CM84",5,"CM84_5",25.0443541666667
"1716",2023-08-05,"CM84",5,"CM84_5",25.1745416666667
"1717",2023-08-06,"CM84",5,"CM84_5",25.4266736111111
"1718",2023-08-07,"CM84",5,"CM84_5",25.2626527777778
"1719",2023-08-08,"CM84",5,"CM84_5",25.5334652777778
"1720",2023-08-09,"CM84",5,"CM84_5",25.2311319444444
"1721",2023-08-10,"CM84",5,"CM84_5",25.2691180555556
"1722",2023-08-11,"CM84",5,"CM84_5",25.1829791666667
"1723",2023-08-12,"CM84",5,"CM84_5",25.2381597222222
"1724",2023-08-13,"CM84",5,"CM84_5",25.4026597222222
"1725",2023-08-14,"CM84",5,"CM84_5",25.5923541666667
"1726",2023-08-15,"CM84",5,"CM84_5",25.6769166666667
"1727",2023-08-16,"CM84",5,"CM84_5",25.9790138888889
"1728",2023-08-17,"CM84",5,"CM84_5",26.4547986111111
"1729",2023-08-18,"CM84",5,"CM84_5",26.7435902777778
"1730",2023-08-19,"CM84",5,"CM84_5",26.5167708333333
"1731",2023-08-20,"CM84",5,"CM84_5",26.6012013888889
"1732",2023-08-21,"CM84",5,"CM84_5",26.2701875
"1733",2023-08-22,"CM84",5,"CM84_5",25.9747638888889
"1734",2023-08-23,"CM84",5,"CM84_5",26.0223541666667
"1735",2023-08-24,"CM84",5,"CM84_5",25.9704930555556
"1736",2023-08-25,"CM84",5,"CM84_5",26.1083263888889
"1737",2023-08-26,"CM84",5,"CM84_5",26.0087708333333
"1738",2023-08-27,"CM84",5,"CM84_5",25.9430902777778
"1739",2023-08-28,"CM84",5,"CM84_5",25.897625
"1740",2023-08-29,"CM84",5,"CM84_5",25.85725
"1741",2023-08-30,"CM84",5,"CM84_5",25.7135277777778
"1742",2023-08-31,"CM84",5,"CM84_5",25.6306944444444
"1743",2023-09-01,"CM84",5,"CM84_5",25.4379027777778
"1744",2023-09-02,"CM84",5,"CM84_5",24.8998194444444
"1745",2023-09-03,"CM84",5,"CM84_5",24.6992638888889
"1746",2023-09-04,"CM84",5,"CM84_5",24.5728541666667
"1747",2023-09-05,"CM84",5,"CM84_5",24.5378611111111
"1748",2023-09-06,"CM84",5,"CM84_5",24.6189791666667
"1749",2023-09-07,"CM84",5,"CM84_5",24.4856805555556
"1750",2023-09-08,"CM84",5,"CM84_5",24.4754583333333
"1751",2023-09-09,"CM84",5,"CM84_5",24.5006666666667
"1752",2023-09-10,"CM84",5,"CM84_5",24.5070972222222
"1753",2023-09-11,"CM84",5,"CM84_5",24.4399513888889
"1754",2023-09-12,"CM84",5,"CM84_5",24.3907916666667
"1755",2023-09-13,"CM84",5,"CM84_5",24.4087638888889
"1756",2023-09-14,"CM84",5,"CM84_5",24.4427986111111
"1757",2023-09-15,"CM84",5,"CM84_5",24.5262083333333
"1758",2023-09-16,"CM84",5,"CM84_5",24.4512291666667
"1759",2023-09-17,"CM84",5,"CM84_5",24.37625
"1760",2023-09-18,"CM84",5,"CM84_5",24.1556527777778
"1761",2023-09-19,"CM84",5,"CM84_5",24.0127569444444
"1762",2023-09-20,"CM84",5,"CM84_5",23.9477708333333
"1763",2023-09-21,"CM84",5,"CM84_5",23.7472986111111
"1764",2023-09-22,"CM84",5,"CM84_5",23.4958680555556
"1765",2023-09-23,"CM84",5,"CM84_5",23.2806805555556
"1766",2023-09-24,"CM84",5,"CM84_5",23.1225
