"","Date","Station","Turbidity","Imputed"
"1",2022-08-17,"CM51",4.24583333333333,"Yes"
"2",2022-08-18,"CM51",4.24583333333333,"Yes"
"3",2022-08-19,"CM51",4.24583333333333,"No"
"4",2022-08-20,"CM51",3.328125,"No"
"5",2022-08-21,"CM51",3.32083333333333,"No"
"6",2022-08-22,"CM51",3.76875,"No"
"7",2022-08-23,"CM51",3.67708333333333,"No"
"8",2022-08-24,"CM51",3.34479166666667,"No"
"9",2022-08-25,"CM51",3.52526315789474,"No"
"10",2022-08-26,"CM51",3.728125,"No"
"11",2022-08-27,"CM51",3.82234042553191,"No"
"12",2022-08-28,"CM51",4.2,"No"
"13",2022-08-29,"CM51",3.79791666666667,"No"
"14",2022-08-30,"CM51",4.19027777777778,"Yes"
"15",2022-08-31,"CM51",4.58263888888889,"Yes"
"16",2022-09-01,"CM51",4.975,"No"
"17",2022-09-02,"CM51",3.68958333333333,"No"
"18",2022-09-03,"CM51",3.3625,"No"
"19",2022-09-04,"CM51",3.31666666666667,"No"
"20",2022-09-05,"CM51",4.23645833333333,"No"
"21",2022-09-06,"CM51",3.8875,"No"
"22",2022-09-07,"CM51",3.646875,"No"
"23",2022-09-08,"CM51",3.64895833333333,"No"
"24",2022-09-09,"CM51",4.5015625,"Yes"
"25",2022-09-10,"CM51",5.35416666666667,"No"
"26",2022-09-11,"CM51",4.90677083333333,"Yes"
"27",2022-09-12,"CM51",4.459375,"No"
"28",2022-09-13,"CM51",4.48105263157895,"No"
"29",2022-09-14,"CM51",4.73229166666667,"No"
"30",2022-09-15,"CM51",4.109375,"No"
"31",2022-09-16,"CM51",4.18229166666667,"No"
"32",2022-09-17,"CM51",4.178125,"No"
"33",2022-09-18,"CM51",3.99479166666667,"No"
"34",2022-09-19,"CM51",3.54105263157895,"No"
"35",2022-09-20,"CM51",3.60833333333333,"No"
"36",2022-09-21,"CM51",4.29574468085106,"No"
"37",2022-09-22,"CM51",5.21770833333333,"No"
"38",2022-09-23,"CM51",4.74166666666667,"Yes"
"39",2022-09-24,"CM51",4.265625,"No"
"40",2022-09-25,"CM51",4.54148936170213,"No"
"41",2022-09-26,"CM51",4.97916573348264,"Yes"
"42",2022-09-27,"CM51",5.41684210526316,"No"
"43",2022-09-28,"CM51",4.975,"No"
"44",2022-09-29,"CM51",4.75208333333333,"No"
"45",2022-09-30,"CM51",3.559375,"No"
"46",2022-10-01,"CM51",3.45520833333333,"No"
"47",2022-10-02,"CM51",4.19895833333333,"No"
"48",2022-10-03,"CM51",4.51145833333333,"No"
"49",2022-10-04,"CM51",5.84791666666667,"No"
"50",2022-10-05,"CM51",5.65208333333333,"Yes"
"51",2022-10-06,"CM51",5.45625,"Yes"
"52",2022-10-07,"CM51",5.26041666666667,"Yes"
"53",2022-10-08,"CM51",5.06458333333333,"Yes"
"54",2022-10-09,"CM51",4.86875,"Yes"
"55",2022-10-10,"CM51",4.67291666666667,"Yes"
"56",2022-10-11,"CM51",4.47708333333333,"Yes"
"57",2022-10-12,"CM51",4.28125,"Yes"
"58",2022-10-13,"CM51",4.08541666666667,"Yes"
"59",2022-10-14,"CM51",3.88958333333333,"Yes"
"60",2022-10-15,"CM51",3.69375,"Yes"
"61",2022-10-16,"CM51",3.49791666666667,"Yes"
"62",2022-10-17,"CM51",3.30208333333333,"Yes"
"63",2022-10-18,"CM51",3.10625,"Yes"
"64",2022-10-19,"CM51",2.91041666666667,"No"
"65",2022-10-20,"CM51",4.42916666666667,"No"
"66",2022-10-21,"CM51",3.10520833333333,"No"
"67",2022-10-22,"CM51",3.32916666666667,"No"
"68",2022-10-23,"CM51",5.08526315789474,"No"
"69",2022-10-24,"CM51",4.91354166666667,"No"
"70",2022-10-25,"CM51",3.88854166666667,"No"
"71",2022-10-26,"CM51",3.553125,"No"
"72",2022-10-27,"CM51",4.7125,"No"
"73",2022-10-28,"CM51",4.778125,"No"
"74",2022-10-29,"CM51",4.72916666666667,"No"
"75",2022-10-30,"CM51",4.86666666666667,"No"
"76",2022-10-31,"CM51",4.22604166666667,"No"
"77",2022-11-01,"CM51",3.73645833333333,"No"
"78",2022-11-02,"CM51",3.421875,"No"
"79",2022-11-03,"CM51",3.71458333333333,"No"
"80",2022-11-04,"CM51",3.43541666666667,"No"
"81",2022-11-05,"CM51",3.31458333333333,"Yes"
"82",2022-11-06,"CM51",3.19375,"No"
"83",2022-11-07,"CM51",4.365625,"No"
"84",2022-11-08,"CM51",3.303125,"No"
"85",2022-11-09,"CM51",2.87604166666667,"No"
"86",2022-11-10,"CM51",2.990625,"No"
"87",2022-11-11,"CM51",2.615625,"No"
"88",2022-11-12,"CM51",2.71770833333333,"No"
"89",2022-11-13,"CM51",4.51770833333333,"No"
"90",2022-11-14,"CM51",4.46666666666667,"No"
"91",2022-11-15,"CM51",3.74791666666667,"Yes"
"92",2022-11-16,"CM51",3.02916666666667,"No"
"93",2022-11-17,"CM51",2.62291666666667,"No"
"94",2022-11-18,"CM51",3.059375,"No"
"95",2022-11-19,"CM51",3.94791666666667,"No"
"96",2022-11-20,"CM51",3.98333333333333,"No"
"97",2022-11-21,"CM51",3.07083333333333,"No"
"98",2022-11-22,"CM51",3.01041666666667,"No"
"99",2022-11-23,"CM51",4.30208333333333,"No"
"100",2022-11-24,"CM51",3.47916666666667,"No"
"101",2022-11-25,"CM51",3.571875,"No"
"102",2022-11-26,"CM51",3.18125,"No"
"103",2022-11-27,"CM51",4.34791666666667,"No"
"104",2022-11-28,"CM51",3.79895833333333,"No"
"105",2022-11-29,"CM51",3.7578125,"Yes"
"106",2022-11-30,"CM51",3.71666666666667,"No"
"107",2022-12-01,"CM51",3.434375,"No"
"108",2022-12-02,"CM51",3.30729166666667,"No"
"109",2022-12-03,"CM51",3.22916666666667,"No"
"110",2022-12-04,"CM51",7.50520833333333,"No"
"111",2022-12-05,"CM51",3.553125,"No"
"112",2022-12-06,"CM51",3.47604166666667,"No"
"113",2022-12-07,"CM51",3.609375,"No"
"114",2022-12-08,"CM51",3.72708333333333,"No"
"115",2022-12-09,"CM51",3.94895833333333,"No"
"116",2022-12-10,"CM51",5.15416666666667,"No"
"117",2022-12-11,"CM51",5.8125,"No"
"118",2022-12-12,"CM51",6.59166666666667,"No"
"119",2022-12-13,"CM51",6.43125,"No"
"120",2022-12-14,"CM51",7.84791666666667,"No"
"121",2022-12-15,"CM51",9.30416666666667,"No"
"122",2022-12-16,"CM51",9.15833333333333,"No"
"123",2022-12-17,"CM51",10.4833333333333,"No"
"124",2022-12-18,"CM51",10.95,"No"
"125",2022-12-19,"CM51",10.6125,"No"
"126",2022-12-20,"CM51",12.4822916666667,"No"
"127",2022-12-21,"CM51",14.5760416666667,"No"
"128",2022-12-22,"CM51",10.9510416666667,"No"
"129",2022-12-23,"CM51",11.525,"No"
"130",2022-12-24,"CM51",12.4885416666667,"No"
"131",2022-12-25,"CM51",9.715625,"No"
"132",2022-12-26,"CM51",9.26041666666667,"No"
"133",2022-12-27,"CM51",9.88541666666667,"No"
"134",2022-12-28,"CM51",9.153125,"No"
"135",2022-12-29,"CM51",9.06041666666667,"No"
"136",2022-12-30,"CM51",8.88229166666667,"No"
"137",2022-12-31,"CM51",10.8875,"No"
"138",2023-01-01,"CM51",50.1447916666667,"No"
"139",2023-01-02,"CM51",64.2208333333333,"No"
"140",2023-01-03,"CM51",73.2833333333333,"No"
"141",2023-01-04,"CM51",90.0447916666667,"No"
"142",2023-01-05,"CM51",93.6541666666667,"No"
"143",2023-01-06,"CM51",76.3614583333333,"No"
"144",2023-01-07,"CM51",69.2010416666667,"No"
"145",2023-01-08,"CM51",71.678125,"No"
"146",2023-01-09,"CM51",73.8728515625,"Yes"
"147",2023-01-10,"CM51",76.067578125,"Yes"
"148",2023-01-11,"CM51",78.2623046875,"Yes"
"149",2023-01-12,"CM51",80.45703125,"Yes"
"150",2023-01-13,"CM51",82.6517578125,"Yes"
"151",2023-01-14,"CM51",84.846484375,"Yes"
"152",2023-01-15,"CM51",87.0412109375,"Yes"
"153",2023-01-16,"CM51",89.2359375,"Yes"
"154",2023-01-17,"CM51",91.4306640625,"Yes"
"155",2023-01-18,"CM51",93.625390625,"Yes"
"156",2023-01-19,"CM51",95.8201171875,"Yes"
"157",2023-01-20,"CM51",98.01484375,"Yes"
"158",2023-01-21,"CM51",100.2095703125,"Yes"
"159",2023-01-22,"CM51",102.404296875,"Yes"
"160",2023-01-23,"CM51",104.5990234375,"Yes"
"161",2023-01-24,"CM51",106.79375,"No"
"162",2023-01-25,"CM51",93.1864583333333,"No"
"163",2023-01-26,"CM51",81.0791666666667,"No"
"164",2023-01-27,"CM51",72.1427083333333,"No"
"165",2023-01-28,"CM51",66.3010416666667,"No"
"166",2023-01-29,"CM51",61.8760416666667,"No"
"167",2023-01-30,"CM51",63.1072916666667,"No"
"168",2023-01-31,"CM51",68.9229166666667,"No"
"169",2023-02-01,"CM51",61.878125,"No"
"170",2023-02-02,"CM51",58.915625,"No"
"171",2023-02-03,"CM51",47.2927083333333,"No"
"172",2023-02-04,"CM51",39.5791666666667,"No"
"173",2023-02-05,"CM51",32.953125,"No"
"174",2023-02-06,"CM51",33.4583333333333,"No"
"175",2023-02-07,"CM51",32.9302083333333,"No"
"176",2023-02-08,"CM51",29.5760416666667,"No"
"177",2023-02-09,"CM51",27.603125,"No"
"178",2023-02-10,"CM51",25.33125,"No"
"179",2023-02-11,"CM51",21.2479166666667,"No"
"180",2023-02-12,"CM51",21.4166666666667,"No"
"181",2023-02-13,"CM51",23.2822916666667,"No"
"182",2023-02-14,"CM51",22.9822916666667,"No"
"183",2023-02-15,"CM51",25.25,"No"
"184",2023-02-16,"CM51",23.6947916666667,"No"
"185",2023-02-17,"CM51",21.825,"No"
"186",2023-02-18,"CM51",23.1782608695652,"No"
"187",2023-02-19,"CM51",20.5916666666667,"No"
"188",2023-02-20,"CM51",22.0145833333333,"No"
"189",2023-02-21,"CM51",15.1739583333333,"No"
"190",2023-02-22,"CM51",18.275,"No"
"191",2023-02-23,"CM51",18.6895833333333,"No"
"192",2023-02-24,"CM51",17.915625,"No"
"193",2023-02-25,"CM51",21.484375,"No"
"194",2023-02-26,"CM51",17.9239583333333,"No"
"195",2023-02-27,"CM51",15.2020833333333,"No"
"196",2023-02-28,"CM51",15.8145833333333,"No"
"197",2023-03-01,"CM51",19.240625,"No"
"198",2023-03-02,"CM51",28.2322916666667,"No"
"199",2023-03-03,"CM51",31.7697916666667,"No"
"200",2023-03-04,"CM51",34.0520833333333,"No"
"201",2023-03-05,"CM51",27.6333333333333,"No"
"202",2023-03-06,"CM51",24.484375,"No"
"203",2023-03-07,"CM51",22.346875,"No"
"204",2023-03-08,"CM51",23.84375,"No"
"205",2023-03-09,"CM51",18.0625,"No"
"206",2023-03-10,"CM51",19.6270833333333,"No"
"207",2023-03-11,"CM51",42.4520833333333,"No"
"208",2023-03-12,"CM51",35.1895833333333,"No"
"209",2023-03-13,"CM51",33.9145833333333,"No"
"210",2023-03-14,"CM51",41.278125,"No"
"211",2023-03-15,"CM51",41.1010416666667,"No"
"212",2023-03-16,"CM51",50.6708333333333,"No"
"213",2023-03-17,"CM51",49.540625,"No"
"214",2023-03-18,"CM51",53.8677083333333,"No"
"215",2023-03-19,"CM51",82.6260416666667,"No"
"216",2023-03-20,"CM51",87.5229166666667,"Yes"
"217",2023-03-21,"CM51",92.4197916666667,"Yes"
"218",2023-03-22,"CM51",97.3166666666667,"No"
"219",2023-03-23,"CM51",83.5697916666667,"No"
"220",2023-03-24,"CM51",71.0427083333333,"No"
"221",2023-03-25,"CM51",56.10625,"No"
"222",2023-03-26,"CM51",65.1322916666667,"No"
"223",2023-03-27,"CM51",54.7302083333333,"No"
"224",2023-03-28,"CM51",45.4010416666667,"No"
"225",2023-03-29,"CM51",37.6333333333333,"No"
"226",2023-03-30,"CM51",37.284375,"No"
"227",2023-03-31,"CM51",34.9385416666667,"No"
"228",2023-04-01,"CM51",34.596875,"No"
"229",2023-04-02,"CM51",34.296875,"No"
"230",2023-04-03,"CM51",34.584375,"No"
"231",2023-04-04,"CM51",31.9583333333333,"No"
"232",2023-04-05,"CM51",28.3489583333333,"No"
"233",2023-04-06,"CM51",23.690625,"Yes"
"234",2023-04-07,"CM51",19.0322916666667,"No"
"235",2023-04-08,"CM51",17.01875,"No"
"236",2023-04-09,"CM51",22.890625,"No"
"237",2023-04-10,"CM51",15.4989583333333,"No"
"238",2023-04-11,"CM51",11.8760416666667,"No"
"239",2023-04-12,"CM51",16.3197916666667,"No"
"240",2023-04-13,"CM51",18.5458333333333,"No"
"241",2023-04-14,"CM51",18.8083333333333,"No"
"242",2023-04-15,"CM51",16.06875,"No"
"243",2023-04-16,"CM51",19.4572916666667,"No"
"244",2023-04-17,"CM51",20.234375,"No"
"245",2023-04-18,"CM51",18.171875,"No"
"246",2023-04-19,"CM51",15.14375,"No"
"247",2023-04-20,"CM51",14.7645833333333,"No"
"248",2023-04-21,"CM51",15.5541666666667,"No"
"249",2023-04-22,"CM51",12.0666666666667,"No"
"250",2023-04-23,"CM51",13.9145833333333,"No"
"251",2023-04-24,"CM51",9.66666666666667,"No"
"252",2023-04-25,"CM51",8.27708333333333,"No"
"253",2023-04-26,"CM51",7.484375,"No"
"254",2023-04-27,"CM51",7.31770833333333,"No"
"255",2023-04-28,"CM51",8.48020833333333,"No"
"256",2023-04-29,"CM51",10.1427083333333,"No"
"257",2023-04-30,"CM51",9.91145833333333,"No"
"258",2023-05-01,"CM51",11.0072916666667,"No"
"259",2023-05-02,"CM51",10.9677083333333,"No"
"260",2023-05-03,"CM51",11.9875,"No"
"261",2023-05-04,"CM51",15.7583333333333,"No"
"262",2023-05-05,"CM51",13.9447916666667,"No"
"263",2023-05-06,"CM51",12.7197916666667,"No"
"264",2023-05-07,"CM51",15.7166666666667,"No"
"265",2023-05-08,"CM51",12.3208333333333,"No"
"266",2023-05-09,"CM51",10.0927083333333,"No"
"267",2023-05-10,"CM51",9.60729166666667,"No"
"268",2023-05-11,"CM51",11.7197916666667,"No"
"269",2023-05-12,"CM51",10.659375,"No"
"270",2023-05-13,"CM51",10.1739583333333,"No"
"271",2023-05-14,"CM51",9.659375,"No"
"272",2023-05-15,"CM51",9.190625,"No"
"273",2023-05-16,"CM51",9.37291666666667,"No"
"274",2023-05-17,"CM51",9.42604166666667,"No"
"275",2023-05-18,"CM51",8.83645833333333,"No"
"276",2023-05-19,"CM51",9.04375,"No"
"277",2023-05-20,"CM51",12.20625,"No"
"278",2023-05-21,"CM51",9.3,"No"
"279",2023-05-22,"CM51",8.34375,"No"
"280",2023-05-23,"CM51",7.84375,"No"
"281",2023-05-24,"CM51",7.97291666666667,"No"
"282",2023-05-25,"CM51",7.72291666666667,"No"
"283",2023-05-26,"CM51",9.0468085106383,"No"
"284",2023-05-27,"CM51",9.27604166666667,"No"
"285",2023-05-28,"CM51",8.42291666666667,"No"
"286",2023-05-29,"CM51",8.24479166666667,"No"
"287",2023-05-30,"CM51",9.09895833333333,"No"
"288",2023-05-31,"CM51",12.8136842105263,"No"
"289",2023-06-01,"CM51",10.8885416666667,"No"
"290",2023-06-02,"CM51",8.54375,"No"
"291",2023-06-03,"CM51",8.04270833333333,"No"
"292",2023-06-04,"CM51",12.1619565217391,"No"
"293",2023-06-05,"CM51",8.925,"No"
"294",2023-06-06,"CM51",8.58645833333333,"No"
"295",2023-06-07,"CM51",8.59895833333333,"No"
"296",2023-06-08,"CM51",7.9625,"No"
"297",2023-06-09,"CM51",9.36145833333333,"No"
"298",2023-06-10,"CM51",8.26875,"No"
"299",2023-06-11,"CM51",8.53541666666667,"No"
"300",2023-06-12,"CM51",8.415625,"No"
"301",2023-06-13,"CM51",8.39375,"No"
"302",2023-06-14,"CM51",8.16875,"No"
"303",2023-06-15,"CM51",10.4031914893617,"No"
"304",2023-06-16,"CM51",7.95625,"No"
"305",2023-06-17,"CM51",7.746875,"No"
"306",2023-06-18,"CM51",8.39052631578947,"No"
"307",2023-06-19,"CM51",8.734375,"No"
"308",2023-06-20,"CM51",9.97708333333333,"No"
"309",2023-06-21,"CM51",7.84895833333333,"No"
"310",2023-06-22,"CM51",9.90212765957447,"No"
"311",2023-06-23,"CM51",8.246875,"No"
"312",2023-06-24,"CM51",8.06354166666667,"No"
"313",2023-06-25,"CM51",9.16979166666667,"No"
"314",2023-06-26,"CM51",8.48697916666667,"Yes"
"315",2023-06-27,"CM51",7.80416666666667,"No"
"316",2023-06-28,"CM51",8.32447916666667,"Yes"
"317",2023-06-29,"CM51",8.84479166666667,"No"
"318",2023-06-30,"CM51",7.15729166666667,"No"
"319",2023-07-01,"CM51",7.16979166666667,"No"
"320",2023-07-02,"CM51",7.80421052631579,"No"
"321",2023-07-03,"CM51",7.79895833333333,"No"
"322",2023-07-04,"CM51",7.32315789473684,"No"
"323",2023-07-05,"CM51",9.05368421052632,"No"
"324",2023-07-06,"CM51",8.41770833333333,"No"
"325",2023-07-07,"CM51",8.2875,"No"
"326",2023-07-08,"CM51",7.95104166666667,"No"
"327",2023-07-09,"CM51",8.30520833333333,"No"
"328",2023-07-10,"CM51",8.30416666666667,"No"
"329",2023-07-11,"CM51",7.6375,"No"
"330",2023-07-12,"CM51",6.68020833333333,"No"
"331",2023-07-13,"CM51",6.48958333333333,"No"
"332",2023-07-14,"CM51",6.03958333333333,"No"
"333",2023-07-15,"CM51",5.85625,"No"
"334",2023-07-16,"CM51",6.55520833333333,"No"
"335",2023-07-17,"CM51",5.965625,"No"
"336",2023-07-18,"CM51",7.06354166666667,"No"
"337",2023-07-19,"CM51",5.425,"No"
"338",2023-07-20,"CM51",6.74042553191489,"No"
"339",2023-07-21,"CM51",9.9968085106383,"No"
"340",2023-07-22,"CM51",6.2875,"No"
"341",2023-07-23,"CM51",5.41458333333333,"No"
"342",2023-07-24,"CM51",6.053125,"No"
"343",2023-07-25,"CM51",5.88541666666667,"No"
"344",2023-07-26,"CM51",5.51770833333333,"No"
"345",2023-07-27,"CM51",5.934375,"No"
"346",2023-07-28,"CM51",5.54895833333333,"No"
"347",2023-07-29,"CM51",5.346875,"No"
"348",2023-07-30,"CM51",5.43229166666667,"No"
"349",2023-07-31,"CM51",5.08229166666667,"No"
"350",2023-08-01,"CM51",5.10104166666667,"No"
"351",2023-08-02,"CM51",5.234375,"No"
"352",2023-08-03,"CM51",5.11979166666667,"No"
"353",2023-08-04,"CM51",5.01875,"No"
"354",2023-08-05,"CM51",4.8125,"No"
"355",2023-08-06,"CM51",4.67708333333333,"No"
"356",2023-08-07,"CM51",4.93085106382979,"No"
"357",2023-08-08,"CM51",4.409375,"No"
"358",2023-08-09,"CM51",5.76458333333333,"No"
"359",2023-08-10,"CM51",6.128125,"No"
"360",2023-08-11,"CM51",4.84210526315789,"No"
"361",2023-08-12,"CM51",4.91041666666667,"No"
"362",2023-08-13,"CM51",6.19891304347826,"No"
"363",2023-08-14,"CM51",6.50105263157895,"No"
"364",2023-08-15,"CM51",6.93684210526316,"No"
"365",2023-08-16,"CM51",4.746875,"No"
"366",2023-08-17,"CM51",4.53020833333333,"No"
"367",2023-08-18,"CM51",5.04166666666667,"No"
"368",2023-08-19,"CM51",4.87604166666667,"No"
"369",2023-08-20,"CM51",6.96842105263158,"No"
"370",2023-08-21,"CM51",4.775,"No"
"371",2023-08-22,"CM51",4.23913043478261,"No"
"372",2023-08-23,"CM51",5.759375,"No"
"373",2023-08-24,"CM51",3.834375,"No"
"374",2023-08-25,"CM51",3.50833333333333,"No"
"375",2023-08-26,"CM51",4.14791666666667,"No"
"376",2023-08-27,"CM51",4.64583333333333,"No"
"377",2023-08-28,"CM51",4.65104166666667,"No"
"378",2023-08-29,"CM51",4.51354166666667,"No"
"379",2023-08-30,"CM51",4.9125,"No"
"380",2023-08-31,"CM51",4.79791666666667,"No"
"381",2023-09-01,"CM51",5.55578947368421,"No"
"382",2023-09-02,"CM51",5.74166666666667,"No"
"383",2023-09-03,"CM51",5.32395833333333,"No"
"384",2023-09-04,"CM51",5.053125,"No"
"385",2023-09-05,"CM51",4.62291666666667,"No"
"386",2023-09-06,"CM51",6.34270833333333,"No"
"387",2023-09-07,"CM51",4.971875,"No"
"388",2023-09-08,"CM51",4.659375,"No"
"389",2023-09-09,"CM51",4.875,"No"
"390",2023-09-10,"CM51",4.41145833333333,"No"
"391",2023-09-11,"CM51",5.153125,"No"
"392",2023-09-12,"CM51",5.65833333333333,"No"
"393",2023-09-13,"CM51",5.078125,"No"
"394",2023-09-14,"CM51",5.46770833333333,"No"
"395",2023-09-15,"CM51",5.33541666666667,"No"
"396",2023-09-16,"CM51",5.16979166666667,"No"
"397",2023-09-17,"CM51",6.375,"Yes"
"398",2023-09-18,"CM51",7.58020833333333,"No"
"399",2023-09-19,"CM51",6.54947368421053,"No"
"400",2023-09-20,"CM51",6.49479166666667,"No"
"401",2023-09-21,"CM51",5.66145833333333,"No"
"402",2023-09-22,"CM51",5.32446808510638,"No"
"403",2023-09-23,"CM51",7.17446808510638,"No"
"404",2023-09-24,"CM51",5.89791666666667,"No"
"405",2023-09-25,"CM51",7.11170212765957,"No"
"406",2023-09-26,"CM51",7.1718085106383,"Yes"
"407",2023-09-27,"CM51",7.23191489361702,"No"
"408",2023-09-28,"CM51",7.99565217391304,"No"
"409",2023-09-29,"CM51",7.45157894736842,"No"
"410",2023-09-30,"CM51",6.79037280701754,"Yes"
"411",2023-10-01,"CM51",6.12916666666667,"No"
"412",2023-10-02,"CM51",5.73125,"No"
"413",2023-10-03,"CM51",6.91458333333333,"No"
"414",2023-10-04,"CM51",6.24583333333333,"Yes"
"415",2023-10-05,"CM51",5.57708333333333,"No"
"416",2023-10-06,"CM51",4.98020833333333,"No"
"417",2023-10-07,"CM51",5.27083333333333,"No"
"418",2023-10-08,"CM51",5.36145833333333,"No"
"419",2023-10-09,"CM51",4.22916666666667,"No"
"420",2023-10-10,"CM51",4.96979166666667,"No"
"421",2023-10-11,"CM51",6.490625,"No"
"422",2023-10-12,"CM51",5.384375,"No"
"423",2023-10-13,"CM51",5.01041666666667,"No"
"424",2023-10-14,"CM51",4.78333333333333,"No"
"425",2023-10-15,"CM51",5.13020833333333,"No"
"426",2023-10-16,"CM51",4.93052631578947,"No"
"427",2023-10-17,"CM51",4.48020833333333,"No"
"428",2023-10-18,"CM51",4.11145833333333,"No"
"429",2023-10-19,"CM51",3.88541666666667,"No"
"430",2023-10-20,"CM51",3.60208333333333,"No"
"431",2023-10-21,"CM51",3.72708333333333,"No"
"432",2023-10-22,"CM51",4.03125,"No"
"433",2023-10-23,"CM51",4.18854166666667,"No"
"434",2023-10-24,"CM51",4.11666666666667,"No"
"435",2023-10-25,"CM51",4.23854166666667,"No"
"436",2023-10-26,"CM51",4.69583333333333,"No"
"437",2023-10-27,"CM51",4.92291666666667,"No"
"438",2023-10-28,"CM51",5.16875,"No"
"439",2023-10-29,"CM51",7.08541666666667,"No"
"440",2023-10-30,"CM51",5.71145833333333,"No"
"441",2023-10-31,"CM51",4.96458333333333,"No"
"442",2023-11-01,"CM51",4.36875,"No"
"443",2023-11-02,"CM51",5.28631578947368,"No"
"444",2023-11-03,"CM51",5.125,"No"
"445",2023-11-04,"CM51",4.26666666666667,"No"
"446",2023-11-05,"CM51",3.859375,"No"
"447",2023-11-06,"CM51",3.65520833333333,"No"
"448",2023-11-07,"CM51",3.85416666666667,"No"
"449",2023-11-08,"CM51",4.98421052631579,"No"
"450",2023-11-09,"CM51",6.559375,"No"
"451",2023-11-10,"CM51",4.67604166666667,"No"
"452",2023-11-11,"CM51",4.67890625,"Yes"
"453",2023-11-12,"CM51",4.68177083333333,"Yes"
"454",2023-11-13,"CM51",4.68463541666667,"Yes"
"455",2023-11-14,"CM51",4.6875,"Yes"
"456",2023-11-15,"CM51",4.69036458333333,"Yes"
"457",2023-11-16,"CM51",4.69322916666667,"Yes"
"458",2023-11-17,"CM51",4.69609375,"Yes"
"459",2023-11-18,"CM51",4.69895833333333,"Yes"
"460",2023-11-19,"CM51",4.70182291666667,"Yes"
"461",2023-11-20,"CM51",4.7046875,"Yes"
"462",2023-11-21,"CM51",4.70755208333333,"Yes"
"463",2023-11-22,"CM51",4.71041666666667,"Yes"
"464",2023-11-23,"CM51",4.71328125,"Yes"
"465",2023-11-24,"CM51",4.71614583333333,"Yes"
"466",2023-11-25,"CM51",4.71901041666667,"Yes"
"467",2023-11-26,"CM51",4.721875,"Yes"
"468",2023-11-27,"CM51",4.72473958333333,"Yes"
"469",2023-11-28,"CM51",4.72760416666667,"Yes"
"470",2023-11-29,"CM51",4.73046875,"Yes"
"471",2023-11-30,"CM51",4.73333333333333,"Yes"
"472",2023-12-01,"CM51",4.73619791666667,"Yes"
"473",2023-12-02,"CM51",4.7390625,"Yes"
"474",2023-12-03,"CM51",4.74192708333333,"Yes"
"475",2023-12-04,"CM51",4.74479166666667,"Yes"
"476",2023-12-05,"CM51",4.74765625,"Yes"
"477",2023-12-06,"CM51",4.75052083333333,"Yes"
"478",2023-12-07,"CM51",4.75338541666667,"Yes"
"479",2023-12-08,"CM51",4.75625,"No"
"480",2023-12-09,"CM51",5.66354166666667,"No"
"481",2023-12-10,"CM51",5.165625,"No"
"482",2023-12-11,"CM51",5.665625,"No"
"483",2023-12-12,"CM51",4.29270833333333,"No"
"484",2023-12-13,"CM51",4.21979166666667,"No"
"485",2023-12-14,"CM51",4.15625,"No"
"486",2023-12-15,"CM51",4.109375,"No"
"487",2023-12-16,"CM51",4.08333333333333,"No"
"488",2023-12-17,"CM51",4.74375,"No"
"489",2023-12-18,"CM51",4.503125,"No"
"490",2023-12-19,"CM51",4.86875,"No"
"491",2023-12-20,"CM51",4.58229166666667,"No"
"492",2023-12-21,"CM51",5.09375,"No"
"493",2023-12-22,"CM51",5.828125,"No"
"494",2023-12-23,"CM51",6.978125,"No"
"495",2023-12-24,"CM51",8.50104166666667,"No"
"496",2023-12-25,"CM51",11.0072916666667,"No"
"497",2023-12-26,"CM51",11.240625,"No"
"498",2023-12-27,"CM51",12.5083333333333,"No"
"499",2023-12-28,"CM51",12.11875,"No"
"500",2023-12-29,"CM51",10.9020833333333,"No"
"501",2023-12-30,"CM51",9.04791666666667,"No"
"502",2023-12-31,"CM51",7.96458333333333,"No"
"503",2024-01-01,"CM51",7.68541666666667,"No"
"504",2022-08-17,"CM66",39.7353619444444,"Yes"
"505",2022-08-18,"CM66",39.7353619444444,"No"
"506",2022-08-19,"CM66",52.6568904861111,"No"
"507",2022-08-20,"CM66",38.4224809027778,"No"
"508",2022-08-21,"CM66",38.5586339583333,"No"
"509",2022-08-22,"CM66",44.2802120138889,"No"
"510",2022-08-23,"CM66",42.3265539583333,"No"
"511",2022-08-24,"CM66",37.3268813194444,"No"
"512",2022-08-25,"CM66",39.1931003472222,"No"
"513",2022-08-26,"CM66",49.6640652083333,"No"
"514",2022-08-27,"CM66",46.4349693055556,"No"
"515",2022-08-28,"CM66",49.388073125,"No"
"516",2022-08-29,"CM66",46.4379257638889,"No"
"517",2022-08-30,"CM66",65.01089625,"No"
"518",2022-08-31,"CM66",77.5420763194444,"No"
"519",2022-09-01,"CM66",63.7339766666667,"No"
"520",2022-09-02,"CM66",50.5240696527778,"No"
"521",2022-09-03,"CM66",43.6151156944444,"No"
"522",2022-09-04,"CM66",38.4883565972222,"No"
"523",2022-09-05,"CM66",53.72681625,"No"
"524",2022-09-06,"CM66",45.6888941666667,"No"
"525",2022-09-07,"CM66",41.2428971527778,"No"
"526",2022-09-08,"CM66",40.2232442361111,"No"
"527",2022-09-09,"CM66",42.2247086805556,"No"
"528",2022-09-10,"CM66",60.2245840277778,"No"
"529",2022-09-11,"CM66",54.10134375,"No"
"530",2022-09-12,"CM66",48.9018702777778,"No"
"531",2022-09-13,"CM66",49.1736549305556,"No"
"532",2022-09-14,"CM66",52.7945770833333,"No"
"533",2022-09-15,"CM66",44.4758356944444,"No"
"534",2022-09-16,"CM66",40.7612951388889,"No"
"535",2022-09-17,"CM66",50.8182507638889,"No"
"536",2022-09-18,"CM66",56.9826729166667,"No"
"537",2022-09-19,"CM66",44.0045609722222,"No"
"538",2022-09-20,"CM66",39.0383515277778,"No"
"539",2022-09-21,"CM66",41.4003898611111,"No"
"540",2022-09-22,"CM66",51.6413496527778,"No"
"541",2022-09-23,"CM66",50.9543086111111,"No"
"542",2022-09-24,"CM66",42.808936875,"No"
"543",2022-09-25,"CM66",44.3555457638889,"No"
"544",2022-09-26,"CM66",46.9092452083333,"No"
"545",2022-09-27,"CM66",53.1924246527778,"No"
"546",2022-09-28,"CM66",49.0377695138889,"No"
"547",2022-09-29,"CM66",45.4838564583333,"No"
"548",2022-09-30,"CM66",41.7072243055556,"No"
"549",2022-10-01,"CM66",38.6038238194444,"No"
"550",2022-10-02,"CM66",40.4267670138889,"No"
"551",2022-10-03,"CM66",37.7038454166667,"No"
"552",2022-10-04,"CM66",45.4523145833333,"No"
"553",2022-10-05,"CM66",39.8312007638889,"No"
"554",2022-10-06,"CM66",36.8272572222222,"No"
"555",2022-10-07,"CM66",35.2060002777778,"No"
"556",2022-10-08,"CM66",54.6507472916667,"No"
"557",2022-10-09,"CM66",50.1162438194444,"No"
"558",2022-10-10,"CM66",42.2047004166667,"No"
"559",2022-10-11,"CM66",38.6145405555556,"No"
"560",2022-10-12,"CM66",38.189928125,"No"
"561",2022-10-13,"CM66",43.9986786805556,"No"
"562",2022-10-14,"CM66",43.1987899305556,"No"
"563",2022-10-15,"CM66",36.8201334722222,"No"
"564",2022-10-16,"CM66",34.4772415972222,"No"
"565",2022-10-17,"CM66",31.1374713888889,"No"
"566",2022-10-18,"CM66",28.1738452777778,"No"
"567",2022-10-19,"CM66",27.68793125,"No"
"568",2022-10-20,"CM66",49.4624601388889,"No"
"569",2022-10-21,"CM66",41.2458732638889,"No"
"570",2022-10-22,"CM66",43.0918972916667,"No"
"571",2022-10-23,"CM66",51.7880002777778,"No"
"572",2022-10-24,"CM66",49.7900486805556,"No"
"573",2022-10-25,"CM66",43.4634408333333,"No"
"574",2022-10-26,"CM66",38.88521375,"No"
"575",2022-10-27,"CM66",40.0927910416667,"No"
"576",2022-10-28,"CM66",47.8332444444444,"No"
"577",2022-10-29,"CM66",50.3437615277778,"No"
"578",2022-10-30,"CM66",51.8803213194444,"No"
"579",2022-10-31,"CM66",45.6969255555556,"No"
"580",2022-11-01,"CM66",44.728634375,"No"
"581",2022-11-02,"CM66",49.2256602083333,"No"
"582",2022-11-03,"CM66",49.3678083333333,"No"
"583",2022-11-04,"CM66",50.9201370138889,"No"
"584",2022-11-05,"CM66",48.3310113194444,"No"
"585",2022-11-06,"CM66",48.1829221153846,"No"
"586",2022-11-07,"CM66",62.19052125,"No"
"587",2022-11-08,"CM66",56.1207842361111,"No"
"588",2022-11-09,"CM66",51.280586875,"No"
"589",2022-11-10,"CM66",49.7598602083333,"No"
"590",2022-11-11,"CM66",47.9519070833333,"No"
"591",2022-11-12,"CM66",45.2868559027778,"No"
"592",2022-11-13,"CM66",65.3387302777778,"No"
"593",2022-11-14,"CM66",63.6883516666667,"No"
"594",2022-11-15,"CM66",62.9640043055556,"No"
"595",2022-11-16,"CM66",56.97325625,"No"
"596",2022-11-17,"CM66",52.8280536111111,"No"
"597",2022-11-18,"CM66",51.4907750694444,"No"
"598",2022-11-19,"CM66",51.1946892361111,"No"
"599",2022-11-20,"CM66",74.0030495138889,"No"
"600",2022-11-21,"CM66",65.3713995833333,"No"
"601",2022-11-22,"CM66",59.9682269444444,"No"
"602",2022-11-23,"CM66",73.7998932638889,"No"
"603",2022-11-24,"CM66",69.1488863194444,"No"
"604",2022-11-25,"CM66",67.581310625,"No"
"605",2022-11-26,"CM66",59.6672660416667,"No"
"606",2022-11-27,"CM66",58.1432709722222,"No"
"607",2022-11-28,"CM66",65.2234326388889,"No"
"608",2022-11-29,"CM66",77.1910443055556,"No"
"609",2022-11-30,"CM66",66.6025757638889,"No"
"610",2022-12-01,"CM66",61.0515336111111,"No"
"611",2022-12-02,"CM66",57.7538015277778,"No"
"612",2022-12-03,"CM66",55.9020099305556,"No"
"613",2022-12-04,"CM66",75.5651989583333,"No"
"614",2022-12-05,"CM66",64.2086874652778,"No"
"615",2022-12-06,"CM66",59.4279361805556,"No"
"616",2022-12-07,"CM66",56.1663920138889,"No"
"617",2022-12-08,"CM66",52.0823547222222,"No"
"618",2022-12-09,"CM66",48.1706466666667,"No"
"619",2022-12-10,"CM66",46.6354394444444,"No"
"620",2022-12-11,"CM66",45.2495410416667,"No"
"621",2022-12-12,"CM66",43.4895264583333,"No"
"622",2022-12-13,"CM66",42.2426315972222,"No"
"623",2022-12-14,"CM66",39.9191785416667,"No"
"624",2022-12-15,"CM66",58.9391690277778,"No"
"625",2022-12-16,"CM66",51.5684809722222,"No"
"626",2022-12-17,"CM66",50.7684378472222,"No"
"627",2022-12-18,"CM66",69.5434982638889,"No"
"628",2022-12-19,"CM66",59.9512677083333,"No"
"629",2022-12-20,"CM66",67.3928072222222,"No"
"630",2022-12-21,"CM66",95.1407595833333,"No"
"631",2022-12-22,"CM66",89.9951227777778,"No"
"632",2022-12-23,"CM66",80.5044153472222,"No"
"633",2022-12-24,"CM66",95.9251341666667,"No"
"634",2022-12-25,"CM66",83.6593166666667,"No"
"635",2022-12-26,"CM66",75.9437357638889,"No"
"636",2022-12-27,"CM66",86.7575661805556,"No"
"637",2022-12-28,"CM66",77.6248958333333,"No"
"638",2022-12-29,"CM66",70.0346166666667,"No"
"639",2022-12-30,"CM66",66.2718467361111,"No"
"640",2022-12-31,"CM66",66.2333663194444,"No"
"641",2023-01-01,"CM66",88.4372459722222,"No"
"642",2023-01-02,"CM66",77.112719375,"No"
"643",2023-01-03,"CM66",67.5927889583333,"No"
"644",2023-01-04,"CM66",63.1028722222222,"No"
"645",2023-01-05,"CM66",67.71961,"No"
"646",2023-01-06,"CM66",60.0334231944444,"No"
"647",2023-01-07,"CM66",59.3362204861111,"No"
"648",2023-01-08,"CM66",76.6837022916667,"No"
"649",2023-01-09,"CM66",70.4672463888889,"No"
"650",2023-01-10,"CM66",64.8323372222222,"No"
"651",2023-01-11,"CM66",57.7836883333333,"No"
"652",2023-01-12,"CM66",53.153479375,"No"
"653",2023-01-13,"CM66",45.7822293055556,"No"
"654",2023-01-14,"CM66",50.084066875,"No"
"655",2023-01-15,"CM66",65.5125297222222,"No"
"656",2023-01-16,"CM66",51.2667130555556,"No"
"657",2023-01-17,"CM66",42.1281771527778,"No"
"658",2023-01-18,"CM66",34.5186552777778,"No"
"659",2023-01-19,"CM66",37.4802294444444,"No"
"660",2023-01-20,"CM66",52.9412969444444,"No"
"661",2023-01-21,"CM66",47.2905784722222,"No"
"662",2023-01-22,"CM66",49.6782101388889,"No"
"663",2023-01-23,"CM66",85.4048732638889,"No"
"664",2023-01-24,"CM66",67.0133000694444,"No"
"665",2023-01-25,"CM66",59.9682203472222,"No"
"666",2023-01-26,"CM66",56.3542080555556,"No"
"667",2023-01-27,"CM66",54.2553384722222,"No"
"668",2023-01-28,"CM66",45.4235242361111,"No"
"669",2023-01-29,"CM66",74.6806348611111,"No"
"670",2023-01-30,"CM66",62.1678497222222,"No"
"671",2023-01-31,"CM66",55.6376101388889,"No"
"672",2023-02-01,"CM66",67.7233175,"No"
"673",2023-02-02,"CM66",81.67066125,"No"
"674",2023-02-03,"CM66",88.2298415972222,"No"
"675",2023-02-04,"CM66",72.0832096527778,"No"
"676",2023-02-05,"CM66",70.0301731944444,"No"
"677",2023-02-06,"CM66",63.6715151388889,"No"
"678",2023-02-07,"CM66",61.2478952777778,"No"
"679",2023-02-08,"CM66",56.7318542361111,"No"
"680",2023-02-09,"CM66",58.9708252777778,"No"
"681",2023-02-10,"CM66",74.4544102083333,"No"
"682",2023-02-11,"CM66",64.7741420833333,"No"
"683",2023-02-12,"CM66",56.3979478472222,"No"
"684",2023-02-13,"CM66",51.0515790277778,"No"
"685",2023-02-14,"CM66",84.4834052777778,"No"
"686",2023-02-15,"CM66",72.7083532638889,"No"
"687",2023-02-16,"CM66",70.4704338888889,"No"
"688",2023-02-17,"CM66",68.7919283333333,"No"
"689",2023-02-18,"CM66",87.2939036111111,"No"
"690",2023-02-19,"CM66",89.0078863194444,"No"
"691",2023-02-20,"CM66",93.6560249305556,"No"
"692",2023-02-21,"CM66",78.1717390277778,"No"
"693",2023-02-22,"CM66",74.063404375,"No"
"694",2023-02-23,"CM66",71.2423722916667,"No"
"695",2023-02-24,"CM66",74.5091422916667,"No"
"696",2023-02-25,"CM66",67.3022140972222,"No"
"697",2023-02-26,"CM66",59.4382888194444,"No"
"698",2023-02-27,"CM66",54.6595934722222,"No"
"699",2023-02-28,"CM66",50.95482875,"No"
"700",2023-03-01,"CM66",51.2115404166667,"No"
"701",2023-03-02,"CM66",49.3060697916667,"No"
"702",2023-03-03,"CM66",49.8770461805556,"No"
"703",2023-03-04,"CM66",80.5621148611111,"No"
"704",2023-03-05,"CM66",72.55431625,"No"
"705",2023-03-06,"CM66",63.8208476388889,"No"
"706",2023-03-07,"CM66",58.9196889583333,"No"
"707",2023-03-08,"CM66",78.7955333333333,"No"
"708",2023-03-09,"CM66",68.4429370833333,"No"
"709",2023-03-10,"CM66",72.4357110416667,"No"
"710",2023-03-11,"CM66",69.1660324305556,"No"
"711",2023-03-12,"CM66",57.5602671527778,"No"
"712",2023-03-13,"CM66",45.8319259027778,"No"
"713",2023-03-14,"CM66",38.5974865972222,"No"
"714",2023-03-15,"CM66",40.8769775694444,"No"
"715",2023-03-16,"CM66",33.2999389583333,"No"
"716",2023-03-17,"CM66",26.0618813194444,"No"
"717",2023-03-18,"CM66",25.5574054861111,"No"
"718",2023-03-19,"CM66",30.396240625,"No"
"719",2023-03-20,"CM66",29.9780399269322,"Yes"
"720",2023-03-21,"CM66",29.5598392288645,"Yes"
"721",2023-03-22,"CM66",29.1416385307967,"Yes"
"722",2023-03-23,"CM66",28.723437832729,"Yes"
"723",2023-03-24,"CM66",28.3052371346612,"Yes"
"724",2023-03-25,"CM66",27.8870364365934,"Yes"
"725",2023-03-26,"CM66",27.4688357385257,"Yes"
"726",2023-03-27,"CM66",27.0506350404579,"Yes"
"727",2023-03-28,"CM66",26.6324343423902,"Yes"
"728",2023-03-29,"CM66",26.2142336443224,"Yes"
"729",2023-03-30,"CM66",25.7960329462546,"Yes"
"730",2023-03-31,"CM66",25.3778322481869,"No"
"731",2023-04-01,"CM66",25.2367610391876,"No"
"732",2023-04-02,"CM66",42.0121916112901,"No"
"733",2023-04-03,"CM66",51.345756808064,"No"
"734",2023-04-04,"CM66",41.1227642611516,"No"
"735",2023-04-05,"CM66",42.5084251277842,"No"
"736",2023-04-06,"CM66",56.1501032932568,"No"
"737",2023-04-07,"CM66",46.4652302340633,"No"
"738",2023-04-08,"CM66",44.0556066281304,"No"
"739",2023-04-09,"CM66",65.3295892852973,"No"
"740",2023-04-10,"CM66",61.1745106643724,"No"
"741",2023-04-11,"CM66",46.3112924128497,"No"
"742",2023-04-12,"CM66",40.1388957808759,"No"
"743",2023-04-13,"CM66",46.4140254087893,"No"
"744",2023-04-14,"CM66",41.7048739567931,"No"
"745",2023-04-15,"CM66",33.0172265610037,"No"
"746",2023-04-16,"CM66",39.7870136991856,"No"
"747",2023-04-17,"CM66",49.9539430530911,"No"
"748",2023-04-18,"CM66",43.8771300098284,"No"
"749",2023-04-19,"CM66",43.2400823517521,"No"
"750",2023-04-20,"CM66",38.5639056513901,"No"
"751",2023-04-21,"CM66",48.2589787555743,"No"
"752",2023-04-22,"CM66",48.7364886375305,"No"
"753",2023-04-23,"CM66",40.8923781068688,"No"
"754",2023-04-24,"CM66",37.9837978922863,"No"
"755",2023-04-25,"CM66",28.7851873231176,"No"
"756",2023-04-26,"CM66",24.5495044340146,"No"
"757",2023-04-27,"CM66",26.8295130962775,"No"
"758",2023-04-28,"CM66",30.5547900168404,"No"
"759",2023-04-29,"CM66",24.6774003505668,"No"
"760",2023-04-30,"CM66",23.5072154432621,"No"
"761",2023-05-01,"CM66",25.3993896042811,"No"
"762",2023-05-02,"CM66",22.316573137953,"No"
"763",2023-05-03,"CM66",21.4984722786257,"No"
"764",2023-05-04,"CM66",39.0305092114667,"No"
"765",2023-05-05,"CM66",30.5977479684493,"No"
"766",2023-05-06,"CM66",26.0660510586244,"No"
"767",2023-05-07,"CM66",29.1505933863188,"No"
"768",2023-05-08,"CM66",48.4430892864561,"No"
"769",2023-05-09,"CM66",33.2726628707958,"No"
"770",2023-05-10,"CM66",29.147143941669,"No"
"771",2023-05-11,"CM66",35.4907293199901,"No"
"772",2023-05-12,"CM66",32.8981926716894,"No"
"773",2023-05-13,"CM66",27.2048991558994,"No"
"774",2023-05-14,"CM66",26.7849635478131,"No"
"775",2023-05-15,"CM66",24.8855551921678,"No"
"776",2023-05-16,"CM66",24.9062065119789,"No"
"777",2023-05-17,"CM66",30.1893881538545,"No"
"778",2023-05-18,"CM66",25.2247468571181,"No"
"779",2023-05-19,"CM66",25.7049922894956,"No"
"780",2023-05-20,"CM66",49.2596412629823,"No"
"781",2023-05-21,"CM66",34.2404774873111,"No"
"782",2023-05-22,"CM66",26.2056602367331,"No"
"783",2023-05-23,"CM66",24.4478071115131,"No"
"784",2023-05-24,"CM66",23.5727462064175,"No"
"785",2023-05-25,"CM66",22.0337165409655,"No"
"786",2023-05-26,"CM66",40.1374695586009,"No"
"787",2023-05-27,"CM66",48.5698993405565,"No"
"788",2023-05-28,"CM66",32.1799424639135,"No"
"789",2023-05-29,"CM66",26.9952571533059,"No"
"790",2023-05-30,"CM66",31.9514551629172,"No"
"791",2023-05-31,"CM66",54.8222218703352,"No"
"792",2023-06-01,"CM66",51.5082687637891,"No"
"793",2023-06-02,"CM66",37.9881288126379,"No"
"794",2023-06-03,"CM66",33.0933009325271,"No"
"795",2023-06-04,"CM66",55.4380998023606,"No"
"796",2023-06-05,"CM66",49.6629754843215,"No"
"797",2023-06-06,"CM66",39.7481965903863,"No"
"798",2023-06-07,"CM66",38.8697512824965,"Yes"
"799",2023-06-08,"CM66",37.9913059746067,"Yes"
"800",2023-06-09,"CM66",37.1128606667168,"Yes"
"801",2023-06-10,"CM66",36.234415358827,"Yes"
"802",2023-06-11,"CM66",35.3559700509371,"Yes"
"803",2023-06-12,"CM66",34.4775247430473,"Yes"
"804",2023-06-13,"CM66",33.5990794351574,"Yes"
"805",2023-06-14,"CM66",32.7206341272676,"Yes"
"806",2023-06-15,"CM66",31.8421888193778,"Yes"
"807",2023-06-16,"CM66",30.9637435114879,"Yes"
"808",2023-06-17,"CM66",30.0852982035981,"No"
"809",2023-06-18,"CM66",34.0487284732784,"No"
"810",2023-06-19,"CM66",44.8910661231986,"No"
"811",2023-06-20,"CM66",34.2978075791702,"No"
"812",2023-06-21,"CM66",30.1057498352051,"No"
"813",2023-06-22,"CM66",37.7536346341771,"No"
"814",2023-06-23,"CM66",31.9946769450019,"No"
"815",2023-06-24,"CM66",26.7625869361563,"No"
"816",2023-06-25,"CM66",25.5576588441769,"No"
"817",2023-06-26,"CM66",22.2683422075236,"No"
"818",2023-06-27,"CM66",20.032534974182,"No"
"819",2023-06-28,"CM66",22.9110607258367,"No"
"820",2023-06-29,"CM66",43.9323194156633,"No"
"821",2023-06-30,"CM66",32.3393804315267,"No"
"822",2023-07-01,"CM66",37.2669740491656,"No"
"823",2023-07-02,"CM66",36.348948002262,"No"
"824",2023-07-03,"CM66",41.3838257271423,"No"
"825",2023-07-04,"CM66",40.6096793383121,"No"
"826",2023-07-05,"CM66",41.8143770591583,"No"
"827",2023-07-06,"CM66",44.7394888941992,"No"
"828",2023-07-07,"CM66",42.8573266227615,"No"
"829",2023-07-08,"CM66",40.1348328200254,"No"
"830",2023-07-09,"CM66",40.4320755105208,"No"
"831",2023-07-10,"CM66",36.7156083636694,"No"
"832",2023-07-11,"CM66",31.153821739397,"No"
"833",2023-07-12,"CM66",27.7099008710921,"No"
"834",2023-07-13,"CM66",25.8723336385867,"No"
"835",2023-07-14,"CM66",24.4257232335088,"No"
"836",2023-07-15,"CM66",27.5618492601394,"No"
"837",2023-07-16,"CM66",42.271368960343,"No"
"838",2023-07-17,"CM66",39.6263422920627,"No"
"839",2023-07-18,"CM66",50.3972257361493,"No"
"840",2023-07-19,"CM66",36.6311334190754,"No"
"841",2023-07-20,"CM66",37.1091244036638,"No"
"842",2023-07-21,"CM66",61.4134014716384,"No"
"843",2023-07-22,"CM66",46.9690289791051,"No"
"844",2023-07-23,"CM66",34.5376786739837,"No"
"845",2023-07-24,"CM66",40.2869016166004,"No"
"846",2023-07-25,"CM66",33.13983732523,"No"
"847",2023-07-26,"CM66",29.0979642609022,"No"
"848",2023-07-27,"CM66",45.2664201472797,"No"
"849",2023-07-28,"CM66",39.3485697353953,"No"
"850",2023-07-29,"CM66",33.4209363812609,"No"
"851",2023-07-30,"CM66",33.4202620687227,"No"
"852",2023-07-31,"CM66",31.9048176090956,"No"
"853",2023-08-01,"CM66",33.2191508458756,"No"
"854",2023-08-02,"CM66",37.8677791880692,"No"
"855",2023-08-03,"CM66",35.5188165159543,"No"
"856",2023-08-04,"CM66",34.5040642793855,"No"
"857",2023-08-05,"CM66",32.4316161638472,"No"
"858",2023-08-06,"CM66",30.1225059892093,"No"
"859",2023-08-07,"CM66",35.4363950495235,"No"
"860",2023-08-08,"CM66",37.962928018897,"No"
"861",2023-08-09,"CM66",51.243256817291,"No"
"862",2023-08-10,"CM66",59.1118844320636,"No"
"863",2023-08-11,"CM66",46.4062729503034,"No"
"864",2023-08-12,"CM66",39.3510209525947,"No"
"865",2023-08-13,"CM66",38.3486970820424,"No"
"866",2023-08-14,"CM66",49.8620970865166,"No"
"867",2023-08-15,"CM66",67.0702883750968,"No"
"868",2023-08-16,"CM66",45.5631536150572,"No"
"869",2023-08-17,"CM66",42.1810068088268,"No"
"870",2023-08-18,"CM66",46.9746002444051,"No"
"871",2023-08-19,"CM66",40.0863806307944,"No"
"872",2023-08-20,"CM66",42.2560509173591,"No"
"873",2023-08-21,"CM66",44.8109324927094,"No"
"874",2023-08-22,"CM66",39.1483445444157,"No"
"875",2023-08-23,"CM66",49.4746480084231,"No"
"876",2023-08-24,"CM66",37.3054651073499,"No"
"877",2023-08-25,"CM66",33.9883229695055,"No"
"878",2023-08-26,"CM66",36.3331674372594,"No"
"879",2023-08-27,"CM66",38.9342159287424,"No"
"880",2023-08-28,"CM66",34.1241534487954,"No"
"881",2023-08-29,"CM66",33.8401123198904,"No"
"882",2023-08-30,"CM66",31.8567907806559,"No"
"883",2023-08-31,"CM66",31.497264164657,"No"
"884",2023-09-01,"CM66",40.8836351094623,"No"
"885",2023-09-02,"CM66",49.6173231301636,"No"
"886",2023-09-03,"CM66",45.2730487278054,"No"
"887",2023-09-04,"CM66",41.0908005511841,"No"
"888",2023-09-05,"CM66",39.8807378739203,"No"
"889",2023-09-06,"CM66",62.3845740535371,"No"
"890",2023-09-07,"CM66",46.199342791831,"No"
"891",2023-09-08,"CM66",48.7999768857966,"No"
"892",2023-09-09,"CM66",48.7982666862502,"No"
"893",2023-09-10,"CM66",50.3527410418574,"No"
"894",2023-09-11,"CM66",55.6872762251062,"No"
"895",2023-09-12,"CM66",64.7204482139253,"No"
"896",2023-09-13,"CM66",52.1348152427915,"No"
"897",2023-09-14,"CM66",49.0823089541966,"No"
"898",2023-09-15,"CM66",52.484002993123,"No"
"899",2023-09-16,"CM66",46.5822796996022,"No"
"900",2023-09-17,"CM66",55.4122417105132,"No"
"901",2023-09-18,"CM66",60.0512747675357,"No"
"902",2023-09-19,"CM66",50.1262538264564,"No"
"903",2023-09-20,"CM66",54.6347358613077,"No"
"904",2023-09-21,"CM66",43.095431277857,"No"
"905",2023-09-22,"CM66",36.72805559506,"No"
"906",2023-09-23,"CM66",57.2208809208944,"No"
"907",2023-09-24,"CM66",47.1027560759781,"No"
"908",2023-09-25,"CM66",48.1906019976911,"Yes"
"909",2023-09-26,"CM66",49.278447919404,"Yes"
"910",2023-09-27,"CM66",50.3662938411169,"Yes"
"911",2023-09-28,"CM66",51.4541397628298,"Yes"
"912",2023-09-29,"CM66",52.5419856845427,"No"
"913",2023-09-30,"CM66",63.7948296014793,"No"
"914",2023-10-01,"CM66",50.9575683496896,"No"
"915",2023-10-02,"CM66",44.5201436110671,"No"
"916",2023-10-03,"CM66",45.9765383821968,"No"
"917",2023-10-04,"CM66",42.9529854593983,"No"
"918",2023-10-05,"CM66",42.5445182189568,"No"
"919",2023-10-06,"CM66",32.6038355291362,"No"
"920",2023-10-07,"CM66",36.7149491434305,"No"
"921",2023-10-08,"CM66",37.3980161405817,"No"
"922",2023-10-09,"CM66",33.3536139059053,"No"
"923",2023-10-10,"CM66",34.8659722039149,"No"
"924",2023-10-11,"CM66",52.8132181499671,"No"
"925",2023-10-12,"CM66",43.3952094746192,"No"
"926",2023-10-13,"CM66",38.9697209897667,"No"
"927",2023-10-14,"CM66",35.4886616749988,"No"
"928",2023-10-15,"CM66",34.8844977164308,"No"
"929",2023-10-16,"CM66",34.9588782621286,"No"
"930",2023-10-17,"CM66",36.1641240754823,"No"
"931",2023-10-18,"CM66",31.5608072292928,"No"
"932",2023-10-19,"CM66",27.2577387904139,"No"
"933",2023-10-20,"CM66",24.1728573843179,"No"
"934",2023-10-21,"CM66",22.8529452648981,"No"
"935",2023-10-22,"CM66",27.3495456024386,"No"
"936",2023-10-23,"CM66",24.4494583656645,"No"
"937",2023-10-24,"CM66",24.4875994533634,"No"
"938",2023-10-25,"CM66",26.3699648301296,"No"
"939",2023-10-26,"CM66",27.3147649717763,"No"
"940",2023-10-27,"CM66",27.798029575896,"No"
"941",2023-10-28,"CM66",27.5327573584266,"No"
"942",2023-10-29,"CM66",27.1282508498656,"No"
"943",2023-10-30,"CM66",24.3587238899744,"No"
"944",2023-10-31,"CM66",22.2416126065871,"No"
"945",2023-11-01,"CM66",20.0185455518589,"No"
"946",2023-11-02,"CM66",29.7720830908059,"No"
"947",2023-11-03,"CM66",44.1287672604357,"No"
"948",2023-11-04,"CM66",34.3653268239362,"No"
"949",2023-11-05,"CM66",30.4326879305732,"No"
"950",2023-11-06,"CM66",27.4439084946662,"No"
"951",2023-11-07,"CM66",27.5402668451333,"No"
"952",2023-11-08,"CM66",36.9842890202964,"No"
"953",2023-11-09,"CM66",51.2187524050163,"No"
"954",2023-11-10,"CM66",44.7498055485583,"No"
"955",2023-11-11,"CM66",40.0121798400753,"No"
"956",2023-11-12,"CM66",36.7511189775208,"No"
"957",2023-11-13,"CM66",33.2402443273395,"No"
"958",2023-11-14,"CM66",30.4607296824978,"No"
"959",2023-11-15,"CM66",28.535889877218,"No"
"960",2023-11-16,"CM66",26.0383195283528,"No"
"961",2023-11-17,"CM66",25.1861182596788,"No"
"962",2023-11-18,"CM66",32.7665310129148,"No"
"963",2023-11-19,"CM66",28.6903174862549,"No"
"964",2023-11-20,"CM66",34.2817937954308,"No"
"965",2023-11-21,"CM66",46.2480980372776,"No"
"966",2023-11-22,"CM66",77.0176603705904,"No"
"967",2023-11-23,"CM66",62.0579855262756,"No"
"968",2023-11-24,"CM66",58.9816476429523,"No"
"969",2023-11-25,"CM66",56.7816813454824,"No"
"970",2023-11-26,"CM66",76.8705202063677,"No"
"971",2023-11-27,"CM66",63.0781059940061,"No"
"972",2023-11-28,"CM66",75.5796408296954,"No"
"973",2023-11-29,"CM66",84.5484425962159,"No"
"974",2023-11-30,"CM66",75.1609563162612,"No"
"975",2023-12-01,"CM66",74.163102044357,"No"
"976",2023-12-02,"CM66",62.2485400417782,"No"
"977",2023-12-03,"CM66",87.805387888443,"No"
"978",2023-12-04,"CM66",70.5806981539865,"No"
"979",2023-12-05,"CM66",59.8891885285523,"No"
"980",2023-12-06,"CM66",57.6504553112971,"No"
"981",2023-12-07,"CM66",71.081644240908,"No"
"982",2023-12-08,"CM66",64.3963503431735,"No"
"983",2023-12-09,"CM66",62.8208304170334,"No"
"984",2023-12-10,"CM66",64.7107732670428,"No"
"985",2023-12-11,"CM66",70.3849995849176,"No"
"986",2023-12-12,"CM66",61.4358249975649,"No"
"987",2023-12-13,"CM66",56.1753977019669,"No"
"988",2023-12-14,"CM66",52.0150260978061,"No"
"989",2023-12-15,"CM66",48.0126626794788,"No"
"990",2023-12-16,"CM66",44.6642697292341,"No"
"991",2023-12-17,"CM66",42.9097980621274,"No"
"992",2023-12-18,"CM66",40.6987308090703,"No"
"993",2023-12-19,"CM66",38.7108058338174,"No"
"994",2023-12-20,"CM66",37.9622761312374,"No"
"995",2023-12-21,"CM66",37.01065483987,"No"
"996",2023-12-22,"CM66",36.6032477622577,"No"
"997",2023-12-23,"CM66",34.9912006989626,"No"
"998",2023-12-24,"CM66",36.7619100426436,"No"
"999",2023-12-25,"CM66",74.2783223517081,"No"
"1000",2023-12-26,"CM66",62.7516673218854,"No"
"1001",2023-12-27,"CM66",60.4049708439246,"No"
"1002",2023-12-28,"CM66",55.1502425998392,"No"
"1003",2023-12-29,"CM66",50.8224972550961,"No"
"1004",2023-12-30,"CM66",45.2731416308736,"No"
"1005",2023-12-31,"CM66",42.1282049762504,"No"
"1006",2024-01-01,"CM66",38.5324189150296,"No"
"1007",2022-08-17,"CM74",22.8309819444444,"Yes"
"1008",2022-08-18,"CM74",22.8309819444444,"No"
"1009",2022-08-19,"CM74",36.436140625,"No"
"1010",2022-08-20,"CM74",21.70627625,"No"
"1011",2022-08-21,"CM74",23.1512227777778,"No"
"1012",2022-08-22,"CM74",26.4769134722222,"No"
"1013",2022-08-23,"CM74",24.7190852777778,"No"
"1014",2022-08-24,"CM74",19.0353763194444,"No"
"1015",2022-08-25,"CM74",19.8532607638889,"No"
"1016",2022-08-26,"CM74",28.8345625,"No"
"1017",2022-08-27,"CM74",23.5848051388889,"No"
"1018",2022-08-28,"CM74",23.5425952083333,"No"
"1019",2022-08-29,"CM74",20.0149186805556,"No"
"1020",2022-08-30,"CM74",32.4435377083333,"No"
"1021",2022-08-31,"CM74",40.2188365277778,"No"
"1022",2022-09-01,"CM74",30.5490151388889,"No"
"1023",2022-09-02,"CM74",18.4207336805556,"No"
"1024",2022-09-03,"CM74",18.7294079861111,"No"
"1025",2022-09-04,"CM74",17.0720034027778,"No"
"1026",2022-09-05,"CM74",21.0815690486111,"No"
"1027",2022-09-06,"CM74",13.6340139305556,"No"
"1028",2022-09-07,"CM74",15.163085125,"No"
"1029",2022-09-08,"CM74",16.957694375,"No"
"1030",2022-09-09,"CM74",13.2939280486111,"No"
"1031",2022-09-10,"CM74",28.3657647916667,"No"
"1032",2022-09-11,"CM74",22.7540211805556,"No"
"1033",2022-09-12,"CM74",21.1362336111111,"No"
"1034",2022-09-13,"CM74",23.0751634027778,"No"
"1035",2022-09-14,"CM74",29.0855015277778,"No"
"1036",2022-09-15,"CM74",20.7675981944444,"No"
"1037",2022-09-16,"CM74",21.31266,"No"
"1038",2022-09-17,"CM74",31.7465596527778,"No"
"1039",2022-09-18,"CM74",38.6205705555556,"No"
"1040",2022-09-19,"CM74",24.6456135416667,"No"
"1041",2022-09-20,"CM74",17.4726961805556,"No"
"1042",2022-09-21,"CM74",19.8126484097222,"No"
"1043",2022-09-22,"CM74",30.3840701388889,"No"
"1044",2022-09-23,"CM74",26.8407404861111,"No"
"1045",2022-09-24,"CM74",15.4452423611111,"No"
"1046",2022-09-25,"CM74",17.7454535625,"No"
"1047",2022-09-26,"CM74",20.5025448611111,"No"
"1048",2022-09-27,"CM74",22.5349427083333,"No"
"1049",2022-09-28,"CM74",17.4941859027778,"No"
"1050",2022-09-29,"CM74",15.5528010416667,"No"
"1051",2022-09-30,"CM74",12.7580541597222,"No"
"1052",2022-10-01,"CM74",14.0463320555556,"No"
"1053",2022-10-02,"CM74",17.7258710416667,"No"
"1054",2022-10-03,"CM74",19.7366770833333,"No"
"1055",2022-10-04,"CM74",25.243295,"No"
"1056",2022-10-05,"CM74",18.954851875,"No"
"1057",2022-10-06,"CM74",15.4248180555556,"No"
"1058",2022-10-07,"CM74",13.0460109722222,"No"
"1059",2022-10-08,"CM74",30.0244748611111,"No"
"1060",2022-10-09,"CM74",31.6924897222222,"No"
"1061",2022-10-10,"CM74",22.5863635416667,"No"
"1062",2022-10-11,"CM74",21.6084109722222,"No"
"1063",2022-10-12,"CM74",34.589524375,"No"
"1064",2022-10-13,"CM74",72.2462229166667,"No"
"1065",2022-10-14,"CM74",110.219504097222,"No"
"1066",2022-10-15,"CM74",108.194506041667,"No"
"1067",2022-10-16,"CM74",56.0822972916667,"No"
"1068",2022-10-17,"CM74",15.6937285555556,"No"
"1069",2022-10-18,"CM74",15.38091325,"No"
"1070",2022-10-19,"CM74",14.0202086597222,"No"
"1071",2022-10-20,"CM74",39.5676901388889,"No"
"1072",2022-10-21,"CM74",31.0241819444444,"No"
"1073",2022-10-22,"CM74",25.57074625,"No"
"1074",2022-10-23,"CM74",38.5938300694444,"No"
"1075",2022-10-24,"CM74",32.1196436111111,"No"
"1076",2022-10-25,"CM74",20.3173756944444,"No"
"1077",2022-10-26,"CM74",19.89276875,"No"
"1078",2022-10-27,"CM74",52.66593,"No"
"1079",2022-10-28,"CM74",28.5685708333333,"No"
"1080",2022-10-29,"CM74",100.491973472222,"No"
"1081",2022-10-30,"CM74",51.1926244444444,"No"
"1082",2022-10-31,"CM74",44.7188020833333,"Yes"
"1083",2022-11-01,"CM74",38.2449797222222,"Yes"
"1084",2022-11-02,"CM74",31.7711573611111,"No"
"1085",2022-11-03,"CM74",34.3316509214744,"Yes"
"1086",2022-11-04,"CM74",36.8921444818376,"Yes"
"1087",2022-11-05,"CM74",39.4526380422009,"Yes"
"1088",2022-11-06,"CM74",42.0131316025641,"No"
"1089",2022-11-07,"CM74",40.4088179861111,"No"
"1090",2022-11-08,"CM74",22.6352122222222,"No"
"1091",2022-11-09,"CM74",20.2383201388889,"No"
"1092",2022-11-10,"CM74",50.3640260416667,"No"
"1093",2022-11-11,"CM74",42.2649684722222,"No"
"1094",2022-11-12,"CM74",52.6957699305556,"No"
"1095",2022-11-13,"CM74",51.6954425,"No"
"1096",2022-11-14,"CM74",39.9298411805556,"No"
"1097",2022-11-15,"CM74",33.4564282638889,"No"
"1098",2022-11-16,"CM74",30.8698664236111,"No"
"1099",2022-11-17,"CM74",42.9124982638889,"No"
"1100",2022-11-18,"CM74",18.2801617361111,"No"
"1101",2022-11-19,"CM74",21.1131952708333,"No"
"1102",2022-11-20,"CM74",53.0223834027778,"No"
"1103",2022-11-21,"CM74",64.4636175,"No"
"1104",2022-11-22,"CM74",23.7825138888889,"No"
"1105",2022-11-23,"CM74",92.4379415277778,"No"
"1106",2022-11-24,"CM74",85.4817636111111,"No"
"1107",2022-11-25,"CM74",56.0896136805556,"No"
"1108",2022-11-26,"CM74",39.0351095833333,"No"
"1109",2022-11-27,"CM74",44.2384885416667,"No"
"1110",2022-11-28,"CM74",52.0498481944444,"No"
"1111",2022-11-29,"CM74",60.3014494444444,"No"
"1112",2022-11-30,"CM74",75.31287125,"No"
"1113",2022-12-01,"CM74",54.8932483333333,"No"
"1114",2022-12-02,"CM74",70.5977529166667,"No"
"1115",2022-12-03,"CM74",70.7279409027778,"No"
"1116",2022-12-04,"CM74",85.8013831944444,"No"
"1117",2022-12-05,"CM74",49.2564465763889,"No"
"1118",2022-12-06,"CM74",19.0418331944444,"No"
"1119",2022-12-07,"CM74",17.2959279166667,"No"
"1120",2022-12-08,"CM74",16.2376970138889,"No"
"1121",2022-12-09,"CM74",15.9232257638889,"No"
"1122",2022-12-10,"CM74",17.4641175,"No"
"1123",2022-12-11,"CM74",17.1666642361111,"No"
"1124",2022-12-12,"CM74",14.5751245833333,"No"
"1125",2022-12-13,"CM74",13.8193817777778,"No"
"1126",2022-12-14,"CM74",12.8078936527778,"No"
"1127",2022-12-15,"CM74",22.9890653472222,"No"
"1128",2022-12-16,"CM74",17.7300088194444,"No"
"1129",2022-12-17,"CM74",16.6694247222222,"No"
"1130",2022-12-18,"CM74",36.2160723611111,"No"
"1131",2022-12-19,"CM74",22.1487715277778,"No"
"1132",2022-12-20,"CM74",25.1183490277778,"No"
"1133",2022-12-21,"CM74",48.8262789583333,"No"
"1134",2022-12-22,"CM74",32.945085625,"No"
"1135",2022-12-23,"CM74",35.5563932638889,"No"
"1136",2022-12-24,"CM74",47.3185086111111,"No"
"1137",2022-12-25,"CM74",33.4247859722222,"No"
"1138",2022-12-26,"CM74",28.1827607638889,"No"
"1139",2022-12-27,"CM74",40.784575,"No"
"1140",2022-12-28,"CM74",30.2847983333333,"No"
"1141",2022-12-29,"CM74",24.2118832638889,"No"
"1142",2022-12-30,"CM74",24.2094444444444,"No"
"1143",2022-12-31,"CM74",19.9367172916667,"No"
"1144",2023-01-01,"CM74",27.8738503472222,"No"
"1145",2023-01-02,"CM74",24.8028478472222,"No"
"1146",2023-01-03,"CM74",19.2931071527778,"No"
"1147",2023-01-04,"CM74",21.5514129166667,"No"
"1148",2023-01-05,"CM74",28.2714384027778,"No"
"1149",2023-01-06,"CM74",25.1860027083333,"No"
"1150",2023-01-07,"CM74",27.2807475694444,"No"
"1151",2023-01-08,"CM74",34.5846279166667,"No"
"1152",2023-01-09,"CM74",26.7384577083333,"No"
"1153",2023-01-10,"CM74",23.8532318055556,"No"
"1154",2023-01-11,"CM74",25.2212521527778,"No"
"1155",2023-01-12,"CM74",25.7601111111111,"No"
"1156",2023-01-13,"CM74",22.3324359722222,"No"
"1157",2023-01-14,"CM74",27.8782545138889,"No"
"1158",2023-01-15,"CM74",40.7502338194444,"No"
"1159",2023-01-16,"CM74",29.6042600694444,"No"
"1160",2023-01-17,"CM74",27.8489363194444,"No"
"1161",2023-01-18,"CM74",26.8690838194444,"No"
"1162",2023-01-19,"CM74",24.5757160416667,"No"
"1163",2023-01-20,"CM74",30.1506913888889,"No"
"1164",2023-01-21,"CM74",20.9222072222222,"No"
"1165",2023-01-22,"CM74",21.1636945138889,"No"
"1166",2023-01-23,"CM74",43.7937591666667,"No"
"1167",2023-01-24,"CM74",28.6860578472222,"No"
"1168",2023-01-25,"CM74",22.5288260416667,"No"
"1169",2023-01-26,"CM74",18.8335879166667,"No"
"1170",2023-01-27,"CM74",15.6819745833333,"No"
"1171",2023-01-28,"CM74",12.6774174930556,"No"
"1172",2023-01-29,"CM74",38.9169419861111,"No"
"1173",2023-01-30,"CM74",28.2500472222222,"No"
"1174",2023-01-31,"CM74",24.5360124305556,"No"
"1175",2023-02-01,"CM74",33.5999072222222,"No"
"1176",2023-02-02,"CM74",38.7162244444444,"No"
"1177",2023-02-03,"CM74",40.6977416666667,"No"
"1178",2023-02-04,"CM74",29.0419470833333,"No"
"1179",2023-02-05,"CM74",25.7213236805556,"No"
"1180",2023-02-06,"CM74",20.9161780555556,"No"
"1181",2023-02-07,"CM74",19.1049285416667,"No"
"1182",2023-02-08,"CM74",15.4199335416667,"No"
"1183",2023-02-09,"CM74",17.6307972708333,"No"
"1184",2023-02-10,"CM74",25.8963572916667,"No"
"1185",2023-02-11,"CM74",19.7154557638889,"No"
"1186",2023-02-12,"CM74",16.2510989583333,"No"
"1187",2023-02-13,"CM74",17.4394652777778,"No"
"1188",2023-02-14,"CM74",51.7976315972222,"No"
"1189",2023-02-15,"CM74",37.4168793055556,"No"
"1190",2023-02-16,"CM74",33.6371023611111,"No"
"1191",2023-02-17,"CM74",26.9394075694444,"No"
"1192",2023-02-18,"CM74",32.9666054861111,"No"
"1193",2023-02-19,"CM74",34.5728073611111,"No"
"1194",2023-02-20,"CM74",36.9878272916667,"No"
"1195",2023-02-21,"CM74",28.9834902777778,"No"
"1196",2023-02-22,"CM74",26.5301590972222,"No"
"1197",2023-02-23,"CM74",21.7916611111111,"No"
"1198",2023-02-24,"CM74",22.4716210416667,"No"
"1199",2023-02-25,"CM74",18.2950836111111,"No"
"1200",2023-02-26,"CM74",16.4298389583333,"No"
"1201",2023-02-27,"CM74",15.0740499305556,"No"
"1202",2023-02-28,"CM74",13.7571863194444,"No"
"1203",2023-03-01,"CM74",12.6272169791667,"No"
"1204",2023-03-02,"CM74",12.9202597986111,"No"
"1205",2023-03-03,"CM74",13.1808934444444,"No"
"1206",2023-03-04,"CM74",28.9712291666667,"No"
"1207",2023-03-05,"CM74",22.2972033333333,"No"
"1208",2023-03-06,"CM74",17.5080123611111,"No"
"1209",2023-03-07,"CM74",14.0476229166667,"No"
"1210",2023-03-08,"CM74",26.8567785416667,"No"
"1211",2023-03-09,"CM74",20.4850019444444,"No"
"1212",2023-03-10,"CM74",21.9099317361111,"No"
"1213",2023-03-11,"CM74",23.3211584722222,"No"
"1214",2023-03-12,"CM74",17.0767063194444,"No"
"1215",2023-03-13,"CM74",13.6706099305556,"No"
"1216",2023-03-14,"CM74",13.1390400694444,"No"
"1217",2023-03-15,"CM74",13.5126891458333,"No"
"1218",2023-03-16,"CM74",11.1965923888889,"No"
"1219",2023-03-17,"CM74",7.62031753472222,"No"
"1220",2023-03-18,"CM74",5.75995865972222,"No"
"1221",2023-03-19,"CM74",6.05629170833333,"No"
"1222",2023-03-20,"CM74",6.34985745366001,"Yes"
"1223",2023-03-21,"CM74",6.64342319898668,"Yes"
"1224",2023-03-22,"CM74",6.93698894431336,"Yes"
"1225",2023-03-23,"CM74",7.23055468964003,"Yes"
"1226",2023-03-24,"CM74",7.52412043496671,"Yes"
"1227",2023-03-25,"CM74",7.81768618029338,"Yes"
"1228",2023-03-26,"CM74",8.11125192562006,"Yes"
"1229",2023-03-27,"CM74",8.40481767094673,"Yes"
"1230",2023-03-28,"CM74",8.69838341627341,"Yes"
"1231",2023-03-29,"CM74",8.99194916160008,"Yes"
"1232",2023-03-30,"CM74",9.28551490692676,"Yes"
"1233",2023-03-31,"CM74",9.57908065225343,"No"
"1234",2023-04-01,"CM74",8.24149841055695,"No"
"1235",2023-04-02,"CM74",17.8667030820452,"No"
"1236",2023-04-03,"CM74",20.3406973991249,"No"
"1237",2023-04-04,"CM74",14.0905841851097,"No"
"1238",2023-04-05,"CM74",13.9877524898009,"No"
"1239",2023-04-06,"CM74",21.4569545904641,"No"
"1240",2023-04-07,"CM74",14.550190857914,"No"
"1241",2023-04-08,"CM74",13.8258015632437,"No"
"1242",2023-04-09,"CM74",20.0469065837573,"No"
"1243",2023-04-10,"CM74",22.4339848906,"No"
"1244",2023-04-11,"CM74",20.1043761400046,"No"
"1245",2023-04-12,"CM74",16.9186242494741,"No"
"1246",2023-04-13,"CM74",20.7397038328494,"No"
"1247",2023-04-14,"CM74",20.1819352730839,"No"
"1248",2023-04-15,"CM74",13.8954706717389,"No"
"1249",2023-04-16,"CM74",17.0322286694278,"No"
"1250",2023-04-17,"CM74",21.0199191195909,"No"
"1251",2023-04-18,"CM74",15.0029984610819,"No"
"1252",2023-04-19,"CM74",13.4604763624596,"No"
"1253",2023-04-20,"CM74",10.9483330941751,"No"
"1254",2023-04-21,"CM74",18.0664328809436,"No"
"1255",2023-04-22,"CM74",20.1271462428896,"No"
"1256",2023-04-23,"CM74",15.997173128259,"No"
"1257",2023-04-24,"CM74",15.1806170829457,"No"
"1258",2023-04-25,"CM74",11.5427674292658,"No"
"1259",2023-04-26,"CM74",8.8471657399684,"No"
"1260",2023-04-27,"CM74",13.4096584345718,"No"
"1261",2023-04-28,"CM74",12.0111679650399,"No"
"1262",2023-04-29,"CM74",10.8510548337938,"No"
"1263",2023-04-30,"CM74",9.01769354282183,"No"
"1264",2023-05-01,"CM74",8.96295129351651,"No"
"1265",2023-05-02,"CM74",8.85460664983507,"No"
"1266",2023-05-03,"CM74",7.66788597707661,"No"
"1267",2023-05-04,"CM74",14.1117475333578,"No"
"1268",2023-05-05,"CM74",12.1662496471306,"No"
"1269",2023-05-06,"CM74",10.5721029737451,"No"
"1270",2023-05-07,"CM74",13.5376473659241,"No"
"1271",2023-05-08,"CM74",32.5832188271791,"No"
"1272",2023-05-09,"CM74",19.4128082582647,"No"
"1273",2023-05-10,"CM74",15.905954101497,"No"
"1274",2023-05-11,"CM74",18.5221563972746,"No"
"1275",2023-05-12,"CM74",15.6955291311423,"No"
"1276",2023-05-13,"CM74",15.3990327102976,"No"
"1277",2023-05-14,"CM74",13.6800567982782,"No"
"1278",2023-05-15,"CM74",13.5753763032157,"No"
"1279",2023-05-16,"CM74",11.9526344215691,"No"
"1280",2023-05-17,"CM74",13.2781663077143,"No"
"1281",2023-05-18,"CM74",12.6987167816484,"No"
"1282",2023-05-19,"CM74",16.3579031994714,"No"
"1283",2023-05-20,"CM74",29.7314449973962,"No"
"1284",2023-05-21,"CM74",19.8307954309712,"No"
"1285",2023-05-22,"CM74",17.817927364807,"No"
"1286",2023-05-23,"CM74",15.1510486028011,"No"
"1287",2023-05-24,"CM74",16.2105731505415,"No"
"1288",2023-05-25,"CM74",16.9006955384811,"No"
"1289",2023-05-26,"CM74",31.4158482169462,"No"
"1290",2023-05-27,"CM74",44.8659651756991,"No"
"1291",2023-05-28,"CM74",31.0829011681057,"No"
"1292",2023-05-29,"CM74",27.0990486391356,"No"
"1293",2023-05-30,"CM74",30.6158385070081,"No"
"1294",2023-05-31,"CM74",41.4875770817812,"No"
"1295",2023-06-01,"CM74",40.1303694284221,"No"
"1296",2023-06-02,"CM74",27.3537320091124,"No"
"1297",2023-06-03,"CM74",24.0311291985848,"No"
"1298",2023-06-04,"CM74",30.8308106441095,"No"
"1299",2023-06-05,"CM74",55.9827897297961,"No"
"1300",2023-06-06,"CM74",26.9193672241501,"No"
"1301",2023-06-07,"CM74",26.0692424084782,"Yes"
"1302",2023-06-08,"CM74",25.2191175928064,"Yes"
"1303",2023-06-09,"CM74",24.3689927771345,"Yes"
"1304",2023-06-10,"CM74",23.5188679614627,"Yes"
"1305",2023-06-11,"CM74",22.6687431457909,"Yes"
"1306",2023-06-12,"CM74",21.818618330119,"Yes"
"1307",2023-06-13,"CM74",20.9684935144472,"Yes"
"1308",2023-06-14,"CM74",20.1183686987753,"Yes"
"1309",2023-06-15,"CM74",19.2682438831035,"Yes"
"1310",2023-06-16,"CM74",18.4181190674317,"Yes"
"1311",2023-06-17,"CM74",17.5679942517598,"No"
"1312",2023-06-18,"CM74",20.2921731894854,"No"
"1313",2023-06-19,"CM74",30.8107540286065,"No"
"1314",2023-06-20,"CM74",19.5284156961484,"No"
"1315",2023-06-21,"CM74",13.112529915727,"No"
"1316",2023-06-22,"CM74",18.4993176931428,"No"
"1317",2023-06-23,"CM74",16.5529557557144,"No"
"1318",2023-06-24,"CM74",15.2152483686708,"No"
"1319",2023-06-25,"CM74",15.1092141581914,"No"
"1320",2023-06-26,"CM74",14.1225980070147,"No"
"1321",2023-06-27,"CM74",13.5417001477046,"No"
"1322",2023-06-28,"CM74",18.2760242297051,"No"
"1323",2023-06-29,"CM74",27.2138646344574,"No"
"1324",2023-06-30,"CM74",18.4576552796747,"No"
"1325",2023-07-01,"CM74",21.4957048883507,"No"
"1326",2023-07-02,"CM74",14.4553057802455,"No"
"1327",2023-07-03,"CM74",18.6877191315669,"No"
"1328",2023-07-04,"CM74",18.9868313377427,"No"
"1329",2023-07-05,"CM74",17.3417636492661,"No"
"1330",2023-07-06,"CM74",17.6143897176447,"No"
"1331",2023-07-07,"CM74",16.6620011755735,"No"
"1332",2023-07-08,"CM74",15.063570795281,"No"
"1333",2023-07-09,"CM74",14.9215143911392,"No"
"1334",2023-07-10,"CM74",13.3553058744774,"No"
"1335",2023-07-11,"CM74",11.1368048542972,"No"
"1336",2023-07-12,"CM74",10.3249348287383,"No"
"1337",2023-07-13,"CM74",10.6288020755375,"No"
"1338",2023-07-14,"CM74",9.14062249405013,"No"
"1339",2023-07-15,"CM74",9.65481007139848,"No"
"1340",2023-07-16,"CM74",14.3659597374671,"No"
"1341",2023-07-17,"CM74",14.8779696990543,"No"
"1342",2023-07-18,"CM74",27.2359808259781,"No"
"1343",2023-07-19,"CM74",17.4448134362539,"No"
"1344",2023-07-20,"CM74",17.1592176129458,"No"
"1345",2023-07-21,"CM74",25.3948935197846,"No"
"1346",2023-07-22,"CM74",20.9896236508645,"No"
"1347",2023-07-23,"CM74",16.4245539999769,"No"
"1348",2023-07-24,"CM74",20.5506563789534,"No"
"1349",2023-07-25,"CM74",14.9043093886807,"No"
"1350",2023-07-26,"CM74",13.2218720295091,"No"
"1351",2023-07-27,"CM74",26.4333561699534,"No"
"1352",2023-07-28,"CM74",21.789188980823,"No"
"1353",2023-07-29,"CM74",18.3897674607043,"No"
"1354",2023-07-30,"CM74",15.600693289153,"No"
"1355",2023-07-31,"CM74",14.0182853808053,"No"
"1356",2023-08-01,"CM74",13.333767020251,"No"
"1357",2023-08-02,"CM74",16.0587392678576,"No"
"1358",2023-08-03,"CM74",14.995839915038,"No"
"1359",2023-08-04,"CM74",13.4126232477162,"No"
"1360",2023-08-05,"CM74",12.4200617623906,"No"
"1361",2023-08-06,"CM74",12.0920620250958,"No"
"1362",2023-08-07,"CM74",23.0964138734963,"No"
"1363",2023-08-08,"CM74",32.1560917569949,"No"
"1364",2023-08-09,"CM74",41.9958875625547,"No"
"1365",2023-08-10,"CM74",44.8791633450153,"No"
"1366",2023-08-11,"CM74",38.1032870706313,"No"
"1367",2023-08-12,"CM74",32.2174303214514,"No"
"1368",2023-08-13,"CM74",68.9740323964728,"No"
"1369",2023-08-14,"CM74",79.1989745822536,"No"
"1370",2023-08-15,"CM74",85.5253523946579,"Yes"
"1371",2023-08-16,"CM74",91.8517302070622,"No"
"1372",2023-08-17,"CM74",47.020889932747,"No"
"1373",2023-08-18,"CM74",34.5838219709401,"No"
"1374",2023-08-19,"CM74",32.7972921333871,"No"
"1375",2023-08-20,"CM74",38.310640126252,"No"
"1376",2023-08-21,"CM74",30.3867801679767,"No"
"1377",2023-08-22,"CM74",46.3910632779961,"No"
"1378",2023-08-23,"CM74",37.4054191410474,"No"
"1379",2023-08-24,"CM74",36.2479094652315,"No"
"1380",2023-08-25,"CM74",24.1875659179026,"No"
"1381",2023-08-26,"CM74",25.1336498452408,"No"
"1382",2023-08-27,"CM74",28.1876313923578,"No"
"1383",2023-08-28,"CM74",49.8746275527717,"No"
"1384",2023-08-29,"CM74",17.4299416664738,"No"
"1385",2023-08-30,"CM74",10.2289943171468,"No"
"1386",2023-08-31,"CM74",9.03496089415532,"No"
"1387",2023-09-01,"CM74",17.5071035571414,"No"
"1388",2023-09-02,"CM74",28.3558961443568,"No"
"1389",2023-09-03,"CM74",18.1394338951351,"No"
"1390",2023-09-04,"CM74",15.0987182443679,"No"
"1391",2023-09-05,"CM74",15.8775994556872,"No"
"1392",2023-09-06,"CM74",30.294612487171,"No"
"1393",2023-09-07,"CM74",21.6504426969882,"No"
"1394",2023-09-08,"CM74",17.1969992128317,"No"
"1395",2023-09-09,"CM74",14.8845495859937,"No"
"1396",2023-09-10,"CM74",14.9996889911895,"No"
"1397",2023-09-11,"CM74",15.2576555417238,"No"
"1398",2023-09-12,"CM74",34.1505061017682,"No"
"1399",2023-09-13,"CM74",22.0767941653511,"No"
"1400",2023-09-14,"CM74",18.5796029652155,"No"
"1401",2023-09-15,"CM74",23.8360208605552,"No"
"1402",2023-09-16,"CM74",20.4214142596916,"No"
"1403",2023-09-17,"CM74",24.3309382574701,"No"
"1404",2023-09-18,"CM74",26.7457501901504,"No"
"1405",2023-09-19,"CM74",19.9490097372128,"No"
"1406",2023-09-20,"CM74",23.2244267932548,"No"
"1407",2023-09-21,"CM74",17.8580406587564,"No"
"1408",2023-09-22,"CM74",15.7034946108035,"No"
"1409",2023-09-23,"CM74",29.5887246109558,"No"
"1410",2023-09-24,"CM74",23.9329868240589,"No"
"1411",2023-09-25,"CM74",22.5942452639538,"Yes"
"1412",2023-09-26,"CM74",21.2555037038487,"Yes"
"1413",2023-09-27,"CM74",19.9167621437435,"Yes"
"1414",2023-09-28,"CM74",18.5780205836384,"Yes"
"1415",2023-09-29,"CM74",17.2392790235333,"No"
"1416",2023-09-30,"CM74",27.0708329582327,"No"
"1417",2023-10-01,"CM74",16.752054631555,"No"
"1418",2023-10-02,"CM74",13.5422179615807,"No"
"1419",2023-10-03,"CM74",15.7206747156742,"No"
"1420",2023-10-04,"CM74",15.8751552399131,"No"
"1421",2023-10-05,"CM74",13.9410572807378,"No"
"1422",2023-10-06,"CM74",11.237478712041,"No"
"1423",2023-10-07,"CM74",14.2650697183067,"No"
"1424",2023-10-08,"CM74",13.9173415311019,"No"
"1425",2023-10-09,"CM74",19.6695907536578,"No"
"1426",2023-10-10,"CM74",19.4430627089146,"No"
"1427",2023-10-11,"CM74",34.242935528956,"No"
"1428",2023-10-12,"CM74",21.3325688995588,"No"
"1429",2023-10-13,"CM74",15.2966164829941,"No"
"1430",2023-10-14,"CM74",13.6364603108183,"No"
"1431",2023-10-15,"CM74",12.4606157716183,"No"
"1432",2023-10-16,"CM74",11.7071729292733,"No"
"1433",2023-10-17,"CM74",14.1278022392863,"No"
"1434",2023-10-18,"CM74",11.3185209756875,"No"
"1435",2023-10-19,"CM74",9.59923141001179,"No"
"1436",2023-10-20,"CM74",8.60126462341212,"No"
"1437",2023-10-21,"CM74",11.6029515149571,"No"
"1438",2023-10-22,"CM74",13.3460758910929,"No"
"1439",2023-10-23,"CM74",11.398899571752,"No"
"1440",2023-10-24,"CM74",10.2109719604515,"No"
"1441",2023-10-25,"CM74",11.6760536441272,"No"
"1442",2023-10-26,"CM74",12.331579071443,"No"
"1443",2023-10-27,"CM74",11.6679628582637,"No"
"1444",2023-10-28,"CM74",12.2144284796705,"No"
"1445",2023-10-29,"CM74",13.1878019815708,"No"
"1446",2023-10-30,"CM74",11.8930638795801,"No"
"1447",2023-10-31,"CM74",10.6338178904181,"No"
"1448",2023-11-01,"CM74",11.2747345252279,"No"
"1449",2023-11-02,"CM74",17.8474691359943,"No"
"1450",2023-11-03,"CM74",24.6450795847819,"No"
"1451",2023-11-04,"CM74",18.1540092647277,"No"
"1452",2023-11-05,"CM74",16.9953515604706,"No"
"1453",2023-11-06,"CM74",15.5950066591245,"No"
"1454",2023-11-07,"CM74",14.6517289417017,"No"
"1455",2023-11-08,"CM74",19.2590998879508,"No"
"1456",2023-11-09,"CM74",28.8840871391557,"No"
"1457",2023-11-10,"CM74",18.1047371483364,"No"
"1458",2023-11-11,"CM74",14.0957274952221,"No"
"1459",2023-11-12,"CM74",11.9086409364772,"No"
"1460",2023-11-13,"CM74",11.6465953567897,"No"
"1461",2023-11-14,"CM74",11.2285071320479,"No"
"1462",2023-11-15,"CM74",11.1183130871542,"No"
"1463",2023-11-16,"CM74",10.3986424448632,"No"
"1464",2023-11-17,"CM74",9.93989999110916,"No"
"1465",2023-11-18,"CM74",12.5227390786678,"No"
"1466",2023-11-19,"CM74",12.0188374641359,"No"
"1467",2023-11-20,"CM74",16.1949210511959,"No"
"1468",2023-11-21,"CM74",23.094101768799,"No"
"1469",2023-11-22,"CM74",42.3239164286284,"No"
"1470",2023-11-23,"CM74",26.0962850035474,"No"
"1471",2023-11-24,"CM74",24.2670884635638,"No"
"1472",2023-11-25,"CM74",21.9694144360762,"No"
"1473",2023-11-26,"CM74",44.5393727465784,"No"
"1474",2023-11-27,"CM74",29.3519460335028,"No"
"1475",2023-11-28,"CM74",42.1023530747864,"No"
"1476",2023-11-29,"CM74",51.0381948186865,"No"
"1477",2023-11-30,"CM74",39.3856052977035,"No"
"1478",2023-12-01,"CM74",37.0448252232729,"No"
"1479",2023-12-02,"CM74",28.0697705479381,"No"
"1480",2023-12-03,"CM74",51.3800525463419,"No"
"1481",2023-12-04,"CM74",33.3863538837531,"No"
"1482",2023-12-05,"CM74",21.3124701819551,"No"
"1483",2023-12-06,"CM74",19.8949937211693,"No"
"1484",2023-12-07,"CM74",23.1934886030913,"No"
"1485",2023-12-08,"CM74",17.5491753820669,"No"
"1486",2023-12-09,"CM74",16.1163543840752,"No"
"1487",2023-12-10,"CM74",18.1485355720181,"No"
"1488",2023-12-11,"CM74",21.5176738623932,"No"
"1489",2023-12-12,"CM74",18.1529529356105,"No"
"1490",2023-12-13,"CM74",15.4982633751699,"No"
"1491",2023-12-14,"CM74",14.925754709104,"No"
"1492",2023-12-15,"CM74",13.6298964534494,"No"
"1493",2023-12-16,"CM74",13.0601577699098,"No"
"1494",2023-12-17,"CM74",13.143670237936,"No"
"1495",2023-12-18,"CM74",13.0071051366516,"No"
"1496",2023-12-19,"CM74",14.0094841814395,"No"
"1497",2023-12-20,"CM74",13.2718956334288,"No"
"1498",2023-12-21,"CM74",11.1545197817331,"No"
"1499",2023-12-22,"CM74",11.9302678204612,"No"
"1500",2023-12-23,"CM74",11.0230413135803,"No"
"1501",2023-12-24,"CM74",12.608710267411,"No"
"1502",2023-12-25,"CM74",35.3996724913504,"No"
"1503",2023-12-26,"CM74",24.9107015980475,"No"
"1504",2023-12-27,"CM74",22.8421707012638,"No"
"1505",2023-12-28,"CM74",20.1475858336473,"No"
"1506",2023-12-29,"CM74",17.4336098015043,"No"
"1507",2023-12-30,"CM74",15.3783160289704,"No"
"1508",2023-12-31,"CM74",13.347085775019,"No"
"1509",2024-01-01,"CM74",10.5774270990918,"No"
"1510",2022-08-17,"CM84",4.30507290972222,"Yes"
"1511",2022-08-18,"CM84",4.30507290972222,"No"
"1512",2022-08-19,"CM84",8.04580843055555,"No"
"1513",2022-08-20,"CM84",6.61502360416667,"No"
"1514",2022-08-21,"CM84",6.16159958333333,"No"
"1515",2022-08-22,"CM84",7.92921138888889,"No"
"1516",2022-08-23,"CM84",5.43529851388889,"No"
"1517",2022-08-24,"CM84",4.6525919375,"No"
"1518",2022-08-25,"CM84",6.41135172916667,"No"
"1519",2022-08-26,"CM84",7.01448344444444,"No"
"1520",2022-08-27,"CM84",5.46788997222222,"No"
"1521",2022-08-28,"CM84",7.040799375,"No"
"1522",2022-08-29,"CM84",6.419560625,"No"
"1523",2022-08-30,"CM84",10.9935802986111,"No"
"1524",2022-08-31,"CM84",8.79941908333333,"No"
"1525",2022-09-01,"CM84",5.21869654861111,"No"
"1526",2022-09-02,"CM84",3.17074993055556,"No"
"1527",2022-09-03,"CM84",4.77749575,"No"
"1528",2022-09-04,"CM84",3.87419466666667,"No"
"1529",2022-09-05,"CM84",5.58261765277778,"No"
"1530",2022-09-06,"CM84",7.19693056944444,"No"
"1531",2022-09-07,"CM84",4.76966584722222,"No"
"1532",2022-09-08,"CM84",5.40303652777778,"No"
"1533",2022-09-09,"CM84",3.81717472916667,"No"
"1534",2022-09-10,"CM84",8.152146875,"No"
"1535",2022-09-11,"CM84",8.53772423611111,"No"
"1536",2022-09-12,"CM84",6.60817103472222,"No"
"1537",2022-09-13,"CM84",8.1594574375,"No"
"1538",2022-09-14,"CM84",7.90752784722222,"No"
"1539",2022-09-15,"CM84",7.3383836875,"No"
"1540",2022-09-16,"CM84",6.529392875,"No"
"1541",2022-09-17,"CM84",7.57439395833333,"No"
"1542",2022-09-18,"CM84",9.59005496527778,"No"
"1543",2022-09-19,"CM84",7.26601075694444,"No"
"1544",2022-09-20,"CM84",6.36610202083333,"No"
"1545",2022-09-21,"CM84",6.55167941666667,"No"
"1546",2022-09-22,"CM84",9.48275263194444,"No"
"1547",2022-09-23,"CM84",9.00139433333333,"No"
"1548",2022-09-24,"CM84",6.41303447916667,"No"
"1549",2022-09-25,"CM84",6.87391404861111,"No"
"1550",2022-09-26,"CM84",7.561680625,"No"
"1551",2022-09-27,"CM84",9.47765226388889,"No"
"1552",2022-09-28,"CM84",7.78121140277778,"No"
"1553",2022-09-29,"CM84",6.4667599375,"No"
"1554",2022-09-30,"CM84",4.50549673611111,"No"
"1555",2022-10-01,"CM84",5.67998646527778,"No"
"1556",2022-10-02,"CM84",8.75969229861111,"No"
"1557",2022-10-03,"CM84",7.11801296527778,"No"
"1558",2022-10-04,"CM84",6.99219290277778,"No"
"1559",2022-10-05,"CM84",7.39150811805556,"No"
"1560",2022-10-06,"CM84",5.45060969444444,"No"
"1561",2022-10-07,"CM84",3.51169665972222,"No"
"1562",2022-10-08,"CM84",8.39755963194444,"No"
"1563",2022-10-09,"CM84",8.45699602083333,"No"
"1564",2022-10-10,"CM84",7.68077086805556,"No"
"1565",2022-10-11,"CM84",7.96425146527778,"No"
"1566",2022-10-12,"CM84",11.9005651597222,"No"
"1567",2022-10-13,"CM84",16.6423035763889,"No"
"1568",2022-10-14,"CM84",7.45358293055556,"No"
"1569",2022-10-15,"CM84",6.67157465277778,"No"
"1570",2022-10-16,"CM84",7.19105195138889,"No"
"1571",2022-10-17,"CM84",6.263243125,"No"
"1572",2022-10-18,"CM84",4.80960042361111,"No"
"1573",2022-10-19,"CM84",4.24480131944444,"No"
"1574",2022-10-20,"CM84",8.00518665277778,"No"
"1575",2022-10-21,"CM84",6.43129884027778,"No"
"1576",2022-10-22,"CM84",8.15395653472222,"No"
"1577",2022-10-23,"CM84",10.2520045625,"No"
"1578",2022-10-24,"CM84",11.160131,"No"
"1579",2022-10-25,"CM84",7.89811757638889,"No"
"1580",2022-10-26,"CM84",7.96735900694444,"No"
"1581",2022-10-27,"CM84",9.55917272916667,"No"
"1582",2022-10-28,"CM84",10.9152916805556,"No"
"1583",2022-10-29,"CM84",9.21987503472222,"No"
"1584",2022-10-30,"CM84",9.13432524305555,"No"
"1585",2022-10-31,"CM84",7.76054515972222,"No"
"1586",2022-11-01,"CM84",11.4149898958333,"No"
"1587",2022-11-02,"CM84",9.11402445138889,"No"
"1588",2022-11-03,"CM84",7.75544829861111,"No"
"1589",2022-11-04,"CM84",7.53073965277778,"No"
"1590",2022-11-05,"CM84",8.94765942361111,"No"
"1591",2022-11-06,"CM84",13.3954945652174,"No"
"1592",2022-11-07,"CM84",19.5420804791667,"No"
"1593",2022-11-08,"CM84",11.1473504722222,"No"
"1594",2022-11-09,"CM84",9.66536183333333,"No"
"1595",2022-11-10,"CM84",7.37256138888889,"No"
"1596",2022-11-11,"CM84",6.07737327777778,"No"
"1597",2022-11-12,"CM84",7.62333310416667,"No"
"1598",2022-11-13,"CM84",8.34596783333333,"No"
"1599",2022-11-14,"CM84",19.0034845625,"No"
"1600",2022-11-15,"CM84",7.74474897916667,"No"
"1601",2022-11-16,"CM84",11.1111713541667,"No"
"1602",2022-11-17,"CM84",8.42491874305555,"No"
"1603",2022-11-18,"CM84",9.30245010416667,"No"
"1604",2022-11-19,"CM84",25.0068883958333,"No"
"1605",2022-11-20,"CM84",17.4107374756944,"Yes"
"1606",2022-11-21,"CM84",9.81458655555556,"No"
"1607",2022-11-22,"CM84",4.47443140277778,"No"
"1608",2022-11-23,"CM84",17.5526125486111,"No"
"1609",2022-11-24,"CM84",7.0314679375,"No"
"1610",2022-11-25,"CM84",5.0209535,"No"
"1611",2022-11-26,"CM84",3.30149949305556,"No"
"1612",2022-11-27,"CM84",11.7132187152778,"No"
"1613",2022-11-28,"CM84",40.0287841944444,"No"
"1614",2022-11-29,"CM84",34.9727199351852,"Yes"
"1615",2022-11-30,"CM84",29.9166556759259,"Yes"
"1616",2022-12-01,"CM84",24.8605914166667,"No"
"1617",2022-12-02,"CM84",3.89694164583333,"No"
"1618",2022-12-03,"CM84",4.69133573611111,"No"
"1619",2022-12-04,"CM84",7.80029902777778,"No"
"1620",2022-12-05,"CM84",7.65542203472222,"No"
"1621",2022-12-06,"CM84",2.77859857638889,"No"
"1622",2022-12-07,"CM84",2.49353892361111,"No"
"1623",2022-12-08,"CM84",2.36970547222222,"No"
"1624",2022-12-09,"CM84",2.23873170138889,"No"
"1625",2022-12-10,"CM84",2.35795035416667,"No"
"1626",2022-12-11,"CM84",2.68416891666667,"No"
"1627",2022-12-12,"CM84",2.33289118055556,"No"
"1628",2022-12-13,"CM84",2.08519258333333,"No"
"1629",2022-12-14,"CM84",2.07418294444444,"No"
"1630",2022-12-15,"CM84",4.51153488194444,"No"
"1631",2022-12-16,"CM84",3.35719684027778,"No"
"1632",2022-12-17,"CM84",2.66142040277778,"No"
"1633",2022-12-18,"CM84",6.35220285416667,"No"
"1634",2022-12-19,"CM84",4.83438689583333,"No"
"1635",2022-12-20,"CM84",6.83941772222222,"No"
"1636",2022-12-21,"CM84",6.06413083333333,"No"
"1637",2022-12-22,"CM84",7.16209299305556,"No"
"1638",2022-12-23,"CM84",7.36815610416667,"No"
"1639",2022-12-24,"CM84",12.6059553125,"No"
"1640",2022-12-25,"CM84",25.2883473541667,"No"
"1641",2022-12-26,"CM84",8.12085985416667,"No"
"1642",2022-12-27,"CM84",5.77594879861111,"No"
"1643",2022-12-28,"CM84",3.85650448611111,"No"
"1644",2022-12-29,"CM84",3.32348809027778,"No"
"1645",2022-12-30,"CM84",3.20783142361111,"No"
"1646",2022-12-31,"CM84",4.5066749375,"No"
"1647",2023-01-01,"CM84",7.49833223611111,"No"
"1648",2023-01-02,"CM84",3.70360553472222,"No"
"1649",2023-01-03,"CM84",4.65215627083333,"No"
"1650",2023-01-04,"CM84",12.3943768194444,"No"
"1651",2023-01-05,"CM84",8.94285285416667,"No"
"1652",2023-01-06,"CM84",7.71267180555556,"No"
"1653",2023-01-07,"CM84",18.8431937222222,"No"
"1654",2023-01-08,"CM84",12.4717688333333,"No"
"1655",2023-01-09,"CM84",12.1274038194444,"No"
"1656",2023-01-10,"CM84",11.2697024305556,"No"
"1657",2023-01-11,"CM84",9.50402626388889,"No"
"1658",2023-01-12,"CM84",18.7398116180556,"No"
"1659",2023-01-13,"CM84",24.537231875,"No"
"1660",2023-01-14,"CM84",22.0362486111111,"No"
"1661",2023-01-15,"CM84",18.8470231944444,"No"
"1662",2023-01-16,"CM84",15.4327238888889,"No"
"1663",2023-01-17,"CM84",16.9574788194444,"No"
"1664",2023-01-18,"CM84",25.2380353263889,"No"
"1665",2023-01-19,"CM84",18.8539094444444,"No"
"1666",2023-01-20,"CM84",31.2843985416667,"No"
"1667",2023-01-21,"CM84",33.104684,"Yes"
"1668",2023-01-22,"CM84",34.9249694583333,"Yes"
"1669",2023-01-23,"CM84",36.7452549166667,"Yes"
"1670",2023-01-24,"CM84",38.565540375,"Yes"
"1671",2023-01-25,"CM84",40.3858258333333,"Yes"
"1672",2023-01-26,"CM84",42.2061112916667,"Yes"
"1673",2023-01-27,"CM84",44.02639675,"Yes"
"1674",2023-01-28,"CM84",45.8466822083333,"Yes"
"1675",2023-01-29,"CM84",47.6669676666667,"Yes"
"1676",2023-01-30,"CM84",49.487253125,"No"
"1677",2023-01-31,"CM84",49.7135844675926,"Yes"
"1678",2023-02-01,"CM84",49.9399158101852,"Yes"
"1679",2023-02-02,"CM84",50.1662471527778,"No"
"1680",2023-02-03,"CM84",48.1683425,"No"
"1681",2023-02-04,"CM84",35.2622204513889,"Yes"
"1682",2023-02-05,"CM84",22.3560984027778,"No"
"1683",2023-02-06,"CM84",34.8020735625,"No"
"1684",2023-02-07,"CM84",26.2326141666667,"No"
"1685",2023-02-08,"CM84",44.8065661944444,"No"
"1686",2023-02-09,"CM84",26.6861534305556,"No"
"1687",2023-02-10,"CM84",22.4368010243056,"Yes"
"1688",2023-02-11,"CM84",18.1874486180556,"No"
"1689",2023-02-12,"CM84",25.8451286388889,"No"
"1690",2023-02-13,"CM84",23.5721233958333,"No"
"1691",2023-02-14,"CM84",30.7159301736111,"No"
"1692",2023-02-15,"CM84",55.6420365625,"No"
"1693",2023-02-16,"CM84",52.6740431694444,"Yes"
"1694",2023-02-17,"CM84",49.7060497763889,"Yes"
"1695",2023-02-18,"CM84",46.7380563833333,"Yes"
"1696",2023-02-19,"CM84",43.7700629902778,"Yes"
"1697",2023-02-20,"CM84",40.8020695972222,"Yes"
"1698",2023-02-21,"CM84",37.8340762041667,"Yes"
"1699",2023-02-22,"CM84",34.8660828111111,"Yes"
"1700",2023-02-23,"CM84",31.8980894180556,"Yes"
"1701",2023-02-24,"CM84",28.930096025,"Yes"
"1702",2023-02-25,"CM84",25.9621026319444,"No"
"1703",2023-02-26,"CM84",21.2730434444444,"Yes"
"1704",2023-02-27,"CM84",16.5839842569444,"Yes"
"1705",2023-02-28,"CM84",11.8949250694444,"Yes"
"1706",2023-03-01,"CM84",7.20586588194444,"No"
"1707",2023-03-02,"CM84",10.98847575,"No"
"1708",2023-03-03,"CM84",17.0475292083333,"No"
"1709",2023-03-04,"CM84",16.7781577569444,"No"
"1710",2023-03-05,"CM84",24.4269427361111,"No"
"1711",2023-03-06,"CM84",32.6599772118056,"Yes"
"1712",2023-03-07,"CM84",40.8930116875,"No"
"1713",2023-03-08,"CM84",37.8849723333333,"No"
"1714",2023-03-09,"CM84",46.7651331597222,"No"
"1715",2023-03-10,"CM84",36.7586897465278,"Yes"
"1716",2023-03-11,"CM84",26.7522463333333,"No"
"1717",2023-03-12,"CM84",30.1297390243056,"Yes"
"1718",2023-03-13,"CM84",33.5072317152778,"No"
"1719",2023-03-14,"CM84",21.6827576736111,"Yes"
"1720",2023-03-15,"CM84",9.85828363194445,"No"
"1721",2023-03-16,"CM84",11.9346169513889,"No"
"1722",2023-03-17,"CM84",18.6073007916667,"No"
"1723",2023-03-18,"CM84",26.8488906805556,"No"
"1724",2023-03-19,"CM84",33.1270009583333,"No"
"1725",2023-03-20,"CM84",30.8323675954899,"Yes"
"1726",2023-03-21,"CM84",28.5377342326464,"Yes"
"1727",2023-03-22,"CM84",26.2431008698029,"Yes"
"1728",2023-03-23,"CM84",23.9484675069594,"Yes"
"1729",2023-03-24,"CM84",21.653834144116,"Yes"
"1730",2023-03-25,"CM84",19.3592007812725,"Yes"
"1731",2023-03-26,"CM84",17.064567418429,"Yes"
"1732",2023-03-27,"CM84",14.7699340555855,"Yes"
"1733",2023-03-28,"CM84",12.4753006927421,"Yes"
"1734",2023-03-29,"CM84",10.1806673298986,"Yes"
"1735",2023-03-30,"CM84",7.88603396705512,"Yes"
"1736",2023-03-31,"CM84",5.59140060421165,"No"
"1737",2023-04-01,"CM84",4.89008476208437,"No"
"1738",2023-04-02,"CM84",5.78652388878612,"No"
"1739",2023-04-03,"CM84",5.78107894434866,"No"
"1740",2023-04-04,"CM84",4.55252180353379,"No"
"1741",2023-04-05,"CM84",4.46894206798516,"No"
"1742",2023-04-06,"CM84",4.90269393785718,"No"
"1743",2023-04-07,"CM84",4.81692580547275,"No"
"1744",2023-04-08,"CM84",4.65552176997779,"No"
"1745",2023-04-09,"CM84",4.25183733930066,"No"
"1746",2023-04-10,"CM84",4.74608092069221,"No"
"1747",2023-04-11,"CM84",5.80589535028032,"No"
"1748",2023-04-12,"CM84",6.32437112935687,"No"
"1749",2023-04-13,"CM84",5.26539197427971,"No"
"1750",2023-04-14,"CM84",4.96463438746998,"No"
"1751",2023-04-15,"CM84",4.97612371123717,"No"
"1752",2023-04-16,"CM84",5.43622491303702,"No"
"1753",2023-04-17,"CM84",4.61051085979771,"No"
"1754",2023-04-18,"CM84",4.63151928027052,"No"
"1755",2023-04-19,"CM84",4.12795390230079,"No"
"1756",2023-04-20,"CM84",3.91700135318343,"No"
"1757",2023-04-21,"CM84",5.29999154730406,"No"
"1758",2023-04-22,"CM84",5.29343292978964,"No"
"1759",2023-04-23,"CM84",5.08557876661549,"No"
"1760",2023-04-24,"CM84",5.86441628304822,"No"
"1761",2023-04-25,"CM84",4.60357018903659,"No"
"1762",2023-04-26,"CM84",2.22673602885162,"No"
"1763",2023-04-27,"CM84",23.0866376051851,"No"
"1764",2023-04-28,"CM84",3.56794265707466,"No"
"1765",2023-04-29,"CM84",11.3284045096327,"No"
"1766",2023-04-30,"CM84",9.40856435717849,"No"
"1767",2023-05-01,"CM84",4.1197946900639,"No"
"1768",2023-05-02,"CM84",2.39412916117995,"No"
"1769",2023-05-03,"CM84",2.06195934967538,"No"
"1770",2023-05-04,"CM84",8.12463428381402,"No"
"1771",2023-05-05,"CM84",3.07213897973969,"No"
"1772",2023-05-06,"CM84",3.20967574476069,"No"
"1773",2023-05-07,"CM84",3.75762600025237,"No"
"1774",2023-05-08,"CM84",6.83817384143791,"No"
"1775",2023-05-09,"CM84",4.19009857338688,"No"
"1776",2023-05-10,"CM84",4.18734246698968,"No"
"1777",2023-05-11,"CM84",3.96967043384191,"No"
"1778",2023-05-12,"CM84",2.7415587780204,"No"
"1779",2023-05-13,"CM84",2.44254021757885,"No"
"1780",2023-05-14,"CM84",1.74336365768587,"No"
"1781",2023-05-15,"CM84",3.21483798587341,"No"
"1782",2023-05-16,"CM84",17.5320833018116,"No"
"1783",2023-05-17,"CM84",10.394045541315,"Yes"
"1784",2023-05-18,"CM84",3.2560077808185,"No"
"1785",2023-05-19,"CM84",7.77746992270614,"No"
"1786",2023-05-20,"CM84",11.2259747385078,"No"
"1787",2023-05-21,"CM84",5.44299208200357,"No"
"1788",2023-05-22,"CM84",24.1466070344594,"No"
"1789",2023-05-23,"CM84",7.98948839376153,"No"
"1790",2023-05-24,"CM84",7.44737454463389,"No"
"1791",2023-05-25,"CM84",20.2869243285098,"No"
"1792",2023-05-26,"CM84",21.3566984975344,"No"
"1793",2023-05-27,"CM84",7.26216007219852,"No"
"1794",2023-05-28,"CM84",9.03583516110075,"No"
"1795",2023-05-29,"CM84",11.2416932394496,"Yes"
"1796",2023-05-30,"CM84",13.4475513177984,"No"
"1797",2023-05-31,"CM84",13.0437557399642,"Yes"
"1798",2023-06-01,"CM84",12.63996016213,"Yes"
"1799",2023-06-02,"CM84",12.2361645842958,"Yes"
"1800",2023-06-03,"CM84",11.8323690064616,"Yes"
"1801",2023-06-04,"CM84",11.4285734286273,"Yes"
"1802",2023-06-05,"CM84",11.0247778507931,"Yes"
"1803",2023-06-06,"CM84",10.6209822729589,"Yes"
"1804",2023-06-07,"CM84",10.2171866951247,"Yes"
"1805",2023-06-08,"CM84",9.81339111729047,"Yes"
"1806",2023-06-09,"CM84",9.40959553945625,"Yes"
"1807",2023-06-10,"CM84",9.00579996162203,"Yes"
"1808",2023-06-11,"CM84",8.60200438378781,"Yes"
"1809",2023-06-12,"CM84",8.19820880595359,"Yes"
"1810",2023-06-13,"CM84",7.79441322811937,"Yes"
"1811",2023-06-14,"CM84",7.39061765028515,"Yes"
"1812",2023-06-15,"CM84",6.98682207245093,"Yes"
"1813",2023-06-16,"CM84",6.58302649461671,"Yes"
"1814",2023-06-17,"CM84",6.17923091678249,"No"
"1815",2023-06-18,"CM84",5.11723183712222,"No"
"1816",2023-06-19,"CM84",5.77290426902756,"No"
"1817",2023-06-20,"CM84",4.98138554186297,"No"
"1818",2023-06-21,"CM84",2.8187735613327,"No"
"1819",2023-06-22,"CM84",5.10118483312334,"No"
"1820",2023-06-23,"CM84",6.77317713923978,"No"
"1821",2023-06-24,"CM84",6.58701593356286,"No"
"1822",2023-06-25,"CM84",6.55257105443087,"No"
"1823",2023-06-26,"CM84",6.62368120755403,"No"
"1824",2023-06-27,"CM84",7.37190493824578,"No"
"1825",2023-06-28,"CM84",5.57351694046684,"No"
"1826",2023-06-29,"CM84",7.12169508609217,"No"
"1827",2023-06-30,"CM84",25.6893403822392,"Yes"
"1828",2023-07-01,"CM84",44.2569856783863,"No"
"1829",2023-07-02,"CM84",27.3893311290535,"No"
"1830",2023-07-03,"CM84",21.084310909948,"No"
"1831",2023-07-04,"CM84",6.54962676340224,"No"
"1832",2023-07-05,"CM84",8.26961952507475,"No"
"1833",2023-07-06,"CM84",4.42227009785221,"No"
"1834",2023-07-07,"CM84",8.79735956733767,"No"
"1835",2023-07-08,"CM84",8.38989837685899,"No"
"1836",2023-07-09,"CM84",6.82801497341547,"No"
"1837",2023-07-10,"CM84",6.59930493995094,"No"
"1838",2023-07-11,"CM84",9.17145585138004,"Yes"
"1839",2023-07-12,"CM84",11.7436067628091,"Yes"
"1840",2023-07-13,"CM84",14.3157576742382,"No"
"1841",2023-07-14,"CM84",11.6614852055588,"No"
"1842",2023-07-15,"CM84",15.9938193402103,"No"
"1843",2023-07-16,"CM84",18.4855825569382,"No"
"1844",2023-07-17,"CM84",22.5333196056102,"No"
"1845",2023-07-18,"CM84",18.5014797045784,"No"
"1846",2023-07-19,"CM84",13.4597394594813,"No"
"1847",2023-07-20,"CM84",17.5599667435048,"No"
"1848",2023-07-21,"CM84",20.9034577665238,"No"
"1849",2023-07-22,"CM84",17.5798788454936,"Yes"
"1850",2023-07-23,"CM84",14.2562999244635,"Yes"
"1851",2023-07-24,"CM84",10.9327210034334,"No"
"1852",2023-07-25,"CM84",4.31095242019382,"No"
"1853",2023-07-26,"CM84",5.09001676320591,"No"
"1854",2023-07-27,"CM84",5.28926683443262,"No"
"1855",2023-07-28,"CM84",5.30640626828869,"No"
"1856",2023-07-29,"CM84",4.2512773266037,"No"
"1857",2023-07-30,"CM84",4.19777086240201,"No"
"1858",2023-07-31,"CM84",3.76004188884813,"No"
"1859",2023-08-01,"CM84",3.45159910347591,"No"
"1860",2023-08-02,"CM84",5.35405178222377,"No"
"1861",2023-08-03,"CM84",5.58578514025843,"No"
"1862",2023-08-04,"CM84",5.03431493826362,"No"
"1863",2023-08-05,"CM84",4.56887659226371,"No"
"1864",2023-08-06,"CM84",4.20893458342552,"No"
"1865",2023-08-07,"CM84",3.65216621649766,"No"
"1866",2023-08-08,"CM84",4.5098424931661,"No"
"1867",2023-08-09,"CM84",6.23697656739266,"No"
"1868",2023-08-10,"CM84",7.83674430646804,"No"
"1869",2023-08-11,"CM84",10.5135455572694,"No"
"1870",2023-08-12,"CM84",5.12807600350136,"No"
"1871",2023-08-13,"CM84",4.23249084572224,"No"
"1872",2023-08-14,"CM84",4.33738155960549,"No"
"1873",2023-08-15,"CM84",3.64289339738662,"No"
"1874",2023-08-16,"CM84",5.33856472314279,"No"
"1875",2023-08-17,"CM84",6.69169816062054,"No"
"1876",2023-08-18,"CM84",10.92113546492,"No"
"1877",2023-08-19,"CM84",4.79077913294721,"No"
"1878",2023-08-20,"CM84",3.65002609569449,"No"
"1879",2023-08-21,"CM84",3.4008920864424,"No"
"1880",2023-08-22,"CM84",4.92295470796289,"No"
"1881",2023-08-23,"CM84",4.07228386731592,"No"
"1882",2023-08-24,"CM84",3.40916852651167,"No"
"1883",2023-08-25,"CM84",3.93870252298124,"No"
"1884",2023-08-26,"CM84",4.77114908644137,"No"
"1885",2023-08-27,"CM84",3.92466242082276,"No"
"1886",2023-08-28,"CM84",2.40064341020362,"No"
"1887",2023-08-29,"CM84",2.40248562940908,"No"
"1888",2023-08-30,"CM84",2.36464738826973,"No"
"1889",2023-08-31,"CM84",18.3593376658126,"No"
"1890",2023-09-01,"CM84",5.56203407935462,"No"
"1891",2023-09-02,"CM84",5.53588720191563,"No"
"1892",2023-09-03,"CM84",4.77317096745498,"No"
"1893",2023-09-04,"CM84",4.8992843671959,"No"
"1894",2023-09-05,"CM84",4.46940408476518,"No"
"1895",2023-09-06,"CM84",5.44423586251138,"No"
"1896",2023-09-07,"CM84",5.66785554638282,"No"
"1897",2023-09-08,"CM84",4.81530927478887,"No"
"1898",2023-09-09,"CM84",3.50401172234134,"No"
"1899",2023-09-10,"CM84",3.49394115782964,"No"
"1900",2023-09-11,"CM84",3.88678574580143,"No"
"1901",2023-09-12,"CM84",4.96354786227266,"No"
"1902",2023-09-13,"CM84",3.68151079512417,"No"
"1903",2023-09-14,"CM84",3.21084816810009,"No"
"1904",2023-09-15,"CM84",4.04742366349866,"No"
"1905",2023-09-16,"CM84",4.21931768508406,"No"
"1906",2023-09-17,"CM84",5.24126437702977,"No"
"1907",2023-09-18,"CM84",5.52443496748294,"No"
"1908",2023-09-19,"CM84",5.04353974772953,"No"
"1909",2023-09-20,"CM84",5.90698322203231,"No"
"1910",2023-09-21,"CM84",6.01400491442634,"No"
"1911",2023-09-22,"CM84",5.41272372044193,"No"
"1912",2023-09-23,"CM84",7.18713760114518,"No"
"1913",2023-09-24,"CM84",6.39912532141612,"No"
"1914",2023-09-25,"CM84",5.96751524160377,"Yes"
"1915",2023-09-26,"CM84",5.53590516179142,"Yes"
"1916",2023-09-27,"CM84",5.10429508197907,"Yes"
"1917",2023-09-28,"CM84",4.67268500216672,"Yes"
"1918",2023-09-29,"CM84",4.24107492235437,"No"
"1919",2023-09-30,"CM84",9.09255323380821,"No"
"1920",2023-10-01,"CM84",7.72433531336636,"No"
"1921",2023-10-02,"CM84",7.1165149686453,"No"
"1922",2023-10-03,"CM84",7.15678457565093,"No"
"1923",2023-10-04,"CM84",4.6288535139085,"No"
"1924",2023-10-05,"CM84",4.97463930244099,"No"
"1925",2023-10-06,"CM84",3.58399491316289,"No"
"1926",2023-10-07,"CM84",3.23150074060397,"No"
"1927",2023-10-08,"CM84",2.840557427894,"No"
"1928",2023-10-09,"CM84",4.47752356428407,"No"
"1929",2023-10-10,"CM84",6.09397834663889,"No"
"1930",2023-10-11,"CM84",7.08681099862343,"No"
"1931",2023-10-12,"CM84",5.63020455988308,"No"
"1932",2023-10-13,"CM84",5.35075368447943,"No"
"1933",2023-10-14,"CM84",5.6608266367375,"No"
"1934",2023-10-15,"CM84",5.43576335337162,"No"
"1935",2023-10-16,"CM84",4.16416877652832,"No"
"1936",2023-10-17,"CM84",5.71620827968501,"No"
"1937",2023-10-18,"CM84",4.57103168278256,"No"
"1938",2023-10-19,"CM84",3.44960256867984,"No"
"1939",2023-10-20,"CM84",3.16059423204391,"No"
"1940",2023-10-21,"CM84",4.41594478218219,"No"
"1941",2023-10-22,"CM84",4.8497329217349,"No"
"1942",2023-10-23,"CM84",4.36178912064496,"No"
"1943",2023-10-24,"CM84",4.87828559341783,"No"
"1944",2023-10-25,"CM84",4.62440974506382,"No"
"1945",2023-10-26,"CM84",7.3100341434435,"No"
"1946",2023-10-27,"CM84",5.53016373281157,"No"
"1947",2023-10-28,"CM84",5.8699189815535,"No"
"1948",2023-10-29,"CM84",7.92908303592245,"No"
"1949",2023-10-30,"CM84",8.28794247596917,"No"
"1950",2023-10-31,"CM84",5.67775657023455,"No"
"1951",2023-11-01,"CM84",6.89018831504577,"No"
"1952",2023-11-02,"CM84",4.26947061457183,"No"
"1953",2023-11-03,"CM84",5.21620051446308,"No"
"1954",2023-11-04,"CM84",4.4736766405409,"No"
"1955",2023-11-05,"CM84",4.6549112581086,"No"
"1956",2023-11-06,"CM84",5.11292731957703,"No"
"1957",2023-11-07,"CM84",4.68578434982761,"No"
"1958",2023-11-08,"CM84",4.16738462516624,"No"
"1959",2023-11-09,"CM84",4.26276264667733,"No"
"1960",2023-11-10,"CM84",4.14322589683445,"No"
"1961",2023-11-11,"CM84",4.00649665631445,"No"
"1962",2023-11-12,"CM84",3.83493377013588,"No"
"1963",2023-11-13,"CM84",3.99254677912438,"No"
"1964",2023-11-14,"CM84",3.71589051335524,"No"
"1965",2023-11-15,"CM84",3.33720530293254,"No"
"1966",2023-11-16,"CM84",3.51906317956229,"No"
"1967",2023-11-17,"CM84",3.77808850449734,"No"
"1968",2023-11-18,"CM84",4.18325429470088,"Yes"
"1969",2023-11-19,"CM84",4.58842008490443,"No"
"1970",2023-11-20,"CM84",2.93702683262743,"No"
"1971",2023-11-21,"CM84",4.81260167455786,"No"
"1972",2023-11-22,"CM84",6.89910053692461,"No"
"1973",2023-11-23,"CM84",6.60800200270702,"No"
"1974",2023-11-24,"CM84",11.4141924555715,"No"
"1975",2023-11-25,"CM84",6.50955973698605,"No"
"1976",2023-11-26,"CM84",9.39334105323313,"No"
"1977",2023-11-27,"CM84",7.85323148504939,"No"
"1978",2023-11-28,"CM84",8.35407286971208,"No"
"1979",2023-11-29,"CM84",10.8088444704405,"No"
"1980",2023-11-30,"CM84",9.88991238836923,"No"
"1981",2023-12-01,"CM84",12.6712746520412,"No"
"1982",2023-12-02,"CM84",15.6128806682025,"No"
"1983",2023-12-03,"CM84",15.5822692468475,"No"
"1984",2023-12-04,"CM84",13.886623182191,"No"
"1985",2023-12-05,"CM84",11.1054265516371,"No"
"1986",2023-12-06,"CM84",12.0573728701811,"No"
"1987",2023-12-07,"CM84",30.7477402327049,"No"
"1988",2023-12-08,"CM84",12.3742444251289,"No"
"1989",2023-12-09,"CM84",10.0327740264271,"No"
"1990",2023-12-10,"CM84",24.1899951294178,"No"
"1991",2023-12-11,"CM84",13.349108626488,"No"
"1992",2023-12-12,"CM84",14.2340300095033,"No"
"1993",2023-12-13,"CM84",13.7703777364234,"No"
"1994",2023-12-14,"CM84",16.7183866516396,"No"
"1995",2023-12-15,"CM84",18.7987279192072,"Yes"
"1996",2023-12-16,"CM84",20.8790691867748,"No"
"1997",2023-12-17,"CM84",22.7996094512519,"Yes"
"1998",2023-12-18,"CM84",24.720149715729,"No"
"1999",2023-12-19,"CM84",27.6222262822499,"Yes"
"2000",2023-12-20,"CM84",30.5243028487709,"Yes"
"2001",2023-12-21,"CM84",33.4263794152918,"No"
"2002",2023-12-22,"CM84",32.6907022987203,"No"
"2003",2023-12-23,"CM84",11.6481674248887,"No"
"2004",2023-12-24,"CM84",35.2139276807035,"No"
"2005",2023-12-25,"CM84",34.1149479226931,"Yes"
"2006",2023-12-26,"CM84",33.0159681646828,"No"
"2007",2023-12-27,"CM84",13.3635670358113,"No"
"2008",2023-12-28,"CM84",10.8781909650226,"No"
"2009",2023-12-29,"CM84",15.9943522365527,"Yes"
"2010",2023-12-30,"CM84",21.1105135080829,"No"
"2011",2023-12-31,"CM84",13.495612900613,"No"
"2012",2024-01-01,"CM84",9.61767528606817,"No"
