"","Year","Month","Region","LogNumber","Project","SerialNumber","SurfaceTemperature","SurfaceConductivity","SurfacePPT","Secchi","Turbidity","ForkLength","TotalBodyWeight","acartela","allcopnaup","daphnia","eurytem","limno","othcalad","othcaljuv","othclad","othcyc","other","pdiapfor","pdiapjuv","sino"
"1",2011,8,"Middle",44,"STN","1487",25.5,629,0.29,27,35.9,52,0.9798,0,371,0,0,7,5,0,0,0,6,22,16,2
"2",2011,8,"Middle",48,"STN","1484",25.5,629,0.29,27,35.9,38,0.3698,0,73,0,0,3,10,0,2,3,11,11,2,0
"3",2011,8,"Middle",51,"STN","1486",25.5,629,0.29,27,35.9,46,0.7189,0,11,0,0,5,1,0,1,0,8,21,1,0
"4",2011,8,"Middle",68,"STN","1485",25.5,629,0.29,27,35.9,48,0.9053,0,0,0,0,0,0,0,1,0,4,32,6,3
"5",2011,9,"Lower",101,"FMWT","1610",21.2,173,0.07,52,39.4,55,1.1741,0,0,0,0,0,6,1,3,2,1,230,1,3
"6",2011,9,"Lower",107,"FMWT","1577",21.2,173,0.07,52,39.4,57,1.8459,4,0,0,0,0,37,0,3,1,1,277,5,0
"7",2011,11,"Lower",172,"FMWT","2974",12.6,365,0.16,21,54.2,54,1.4755,0,0,0,0,0,0,0,0,8,0,95,4,44
"8",2011,11,"Lower",173,"FMWT","2976",12.6,365,0.16,21,54.2,57,1.5756,0,0,0,0,0,0,0,0,0,1,59,5,20
"9",2011,11,"Lower",174,"FMWT","2983",12.6,365,0.16,21,54.2,49,1.0009,0,0,0,0,0,0,0,0,0,0,0,0,0
"10",2011,11,"Lower",175,"FMWT","2982",12.6,365,0.16,21,54.2,58,1.7473,0,0,0,0,0,0,0,0,1,0,3,1,4
"11",2011,11,"Lower",178,"FMWT","2979",12.6,365,0.16,21,54.2,59,1.971,0,0,0,0,0,0,1,0,0,0,15,0,3
"12",2011,11,"Lower",180,"FMWT","2980",12.6,365,0.16,21,54.2,56,1.6811,0,0,0,0,0,0,4,0,3,0,83,0,11
"13",2011,11,"Lower",181,"FMWT","2977",12.6,365,0.16,21,54.2,62,2.1959,0,0,0,0,0,0,0,0,6,0,104,5,43
"14",2011,11,"Lower",182,"FMWT","2981",12.6,365,0.16,21,54.2,55,1.6939,0,0,0,0,0,0,0,0,2,0,49,1,17
"15",2011,11,"Lower",184,"FMWT","2975",12.6,365,0.16,21,54.2,57,1.658,0,0,0,0,0,0,5,0,4,0,76,4,5
"16",2011,11,"Lower",199,"FMWT","2978",12.6,365,0.16,21,54.2,59,2.1329,0,0,0,0,0,0,0,0,0,0,0,0,0
"17",2011,11,"Middle",171,"FMWT","3045",12.5,527,0.24,21,75.5,66,2.5463,8,0,0,0,0,0,0,0,2,0,22,0,1
"18",2011,11,"Middle",176,"FMWT","3043",12.5,527,0.24,21,75.5,61,2.1707,0,0,0,0,0,0,0,0,7,3,35,3,18
"19",2011,11,"Middle",177,"FMWT","3046",12.5,527,0.24,21,75.5,61,2.2084,0,0,0,0,0,0,1,0,2,0,20,4,6
"20",2011,11,"Middle",179,"FMWT","3042",12.5,527,0.24,21,75.5,59,1.9727,0,0,0,0,0,5,2,0,3,2,63,2,66
"21",2011,11,"Middle",183,"FMWT","3044",12.5,527,0.24,21,75.5,59,2.0651,0,0,0,0,0,0,0,0,2,1,9,0,1
"22",2011,11,"Middle",185,"FMWT","3041",12.5,527,0.24,21,75.5,86,5.6441,0,0,0,0,0,0,0,0,0,0,0,0,0
"23",2011,11,"Middle",198,"FMWT","3040",12.5,527,0.24,21,75.5,87,6.686,0,0,0,0,0,0,0,0,0,0,0,0,1
"24",2011,11,"Middle",200,"FMWT","3049",12.5,527,0.24,21,75.5,49,1.0661,0,0,0,0,0,0,1,0,2,0,45,5,8
"25",2011,12,"Lower",211,"FMWT","2061",8.9,309,0.13,32,37.8,64,2.0162,0,0,0,0,0,1,2,1,0,0,20,3,2
"26",2011,12,"Lower",212,"FMWT","2063",8.9,309,0.13,32,37.8,54,1.4678,0,0,0,0,0,1,2,0,0,0,17,0,4
"27",2011,12,"Lower",215,"FMWT","2060",8.9,309,0.13,32,37.8,70,2.4303,0,0,0,0,0,4,0,0,0,0,6,0,0
"28",2011,12,"Lower",217,"FMWT","2062",8.9,309,0.13,32,37.8,65,2.1797,0,0,0,0,0,0,1,0,1,0,11,0,0
"29",2011,12,"Lower",218,"FMWT","2064",8.9,309,0.13,32,37.8,62,1.8818,0,0,0,0,0,2,0,0,4,0,48,1,3
"30",2011,12,"Lower",220,"FMWT","2059",8.9,309,0.13,32,37.8,53,1.1521,0,0,0,0,0,0,0,0,0,0,1,0,0
"31",2011,12,"Middle",214,"FMWT","2076",9.1,517,0.23395642,17,72.7,68,2.4489,0,0,0,0,0,0,0,0,0,0,0,0,0
"32",2011,12,"Middle",219,"FMWT","2075",9.1,517,0.23,17,72.7,67,2.5853,0,0,0,0,0,0,0,0,0,0,0,0,0
"33",2012,1,"Lower",387,"SKT","4100",8.2,225,0.1,63,11,68,2.0371,0,0,22,0,0,8,1,5,12,0,0,0,2
"34",2012,1,"Lower",388,"SKT","4098",8.2,225,0.1,63,11,68,2.2817,0,0,16,0,0,11,0,21,25,0,0,0,0
"35",2012,1,"Lower",389,"SKT","4101",8.2,225,0.1,63,11,65,1.981,0,0,33,0,0,6,3,26,29,0,0,0,4
"36",2012,1,"Lower",390,"SKT","4102",8.2,219,0.09,82,11,67,2.0271,0,0,30,0,0,2,0,8,24,0,2,0,0
"37",2012,1,"Lower",391,"SKT","4103",8.2,219,0.09,82,11,68,2.0204,0,0,50,0,0,23,2,65,0,0,0,0,1
"38",2012,1,"Lower",392,"SKT","4104",8.2,219,0.09,82,11,62,1.5554,0,0,80,0,0,15,1,11,48,1,3,0,4
"39",2012,1,"Lower",397,"SKT","4109",7.8,362,0.16,36,30,70,2.627,0,0,0,2,0,0,1,1,12,0,4,1,25
"40",2012,1,"Lower",398,"SKT","4116",7.8,362,0.16,36,30,66,2.1063,0,0,1,0,0,0,0,1,1,0,7,0,18
"41",2012,1,"Lower",399,"SKT","4123",7.8,362,0.16,36,30,66,2.0307,0,0,1,0,0,0,4,0,6,0,22,0,17
"42",2012,1,"Lower",400,"SKT","4143",7.8,362,0.16,36,30,65,1.8069,0,0,1,1,0,1,9,3,10,0,5,0,41
"43",2012,1,"Lower",401,"SKT","4160",7.8,362,0.16,36,30,72,2.5937,0,0,1,0,0,0,0,1,6,0,10,0,31
"44",2012,1,"Lower",402,"SKT","4168",7.8,362,0.16,36,30,57,1.4219,0,0,0,0,0,13,4,1,6,0,15,0,10
"45",2012,1,"Lower",403,"SKT","4190",7.8,362,0.16,36,30,57,1.3209,0,0,0,0,0,1,2,1,4,0,10,0,41
"46",2012,1,"Lower",404,"SKT","4203",7.8,362,0.16,36,30,61,1.6169,0,0,0,0,0,3,1,2,9,1,5,0,0
"47",2012,1,"Lower",405,"SKT","4205",7.8,362,0.16,36,30,65,1.7736,0,0,0,0,0,3,0,2,6,0,14,0,26
"48",2012,1,"Lower",406,"SKT","4210",7.8,362,0.16,36,30,64,1.7917,0,0,0,0,0,4,1,0,3,0,16,0,32
"49",2012,1,"Lower",589,"SKT","4226",7.8,362,0.16,36,30,57,1.2357,0,0,0,0,0,1,2,5,5,0,8,0,22
"50",2012,1,"Lower",590,"SKT","4124",7.8,362,0.16,36,30,69,3.0573,0,0,1,0,0,0,0,1,1,0,13,0,26
"51",2012,1,"Lower",591,"SKT","4188",7.8,362,0.16,36,30,58,1.2409,0,0,0,0,0,1,0,3,2,0,18,0,21
"52",2012,1,"Lower",592,"SKT","4186",7.8,362,0.16,36,30,57,1.5627,0,0,0,1,0,1,5,1,14,0,16,0,42
"53",2012,1,"Lower",593,"SKT","4167",7.8,362,0.16,36,30,57,1.4522,0,0,0,0,0,0,0,0,2,0,3,0,8
"54",2012,1,"Lower",699,"SKT","4121",7.8,362,0.16,36,30,67,2.2,0,0,0,0,0,16,0,3,6,0,7,0,14
"55",2012,1,"Lower",700,"SKT","4144",7.8,362,0.16,36,30,57,1.4428,0,0,0,0,0,8,4,5,5,1,16,0,40
"56",2012,1,"Lower",701,"SKT","4152",7.8,362,0.16,36,30,60,1.4119,0,0,0,1,0,13,0,3,12,1,12,0,20
"57",2012,1,"Lower",702,"SKT","4218",7.8,362,0.16,36,30,63,1.7099,0,0,0,0,0,3,2,2,3,0,12,0,11
"58",2012,1,"Lower",703,"SKT","4222",7.8,362,0.16,36,30,55,1.2391,0,0,0,2,0,3,0,1,3,0,14,0,13
"59",2012,1,"Lower",704,"SKT","4223",7.8,362,0.16,36,30,57,1.4418,0,0,0,0,0,3,0,1,1,0,9,0,21
"60",2012,2,"Lower",476,"SKT","4461",10.6,386,0.17,36,31,62,2.0479,0,0,23,4,0,8,0,6,44,0,24,0,14
"61",2012,2,"Lower",477,"SKT","4464",10.6,386,0.17,36,31,68,2.1077,0,0,3,1,0,4,0,0,0,0,2,0,1
"62",2012,2,"Lower",478,"SKT","4472",10.6,386,0.17,36,31,65,1.6184,0,0,11,0,0,3,0,8,22,0,36,0,21
"63",2012,2,"Lower",479,"SKT","4475",10.6,386,0.17,36,31,65,2.3678,0,0,20,3,0,2,0,12,26,0,26,0,7
"64",2012,2,"Lower",480,"SKT","4476",10.6,386,0.17,36,31,58,1.4522,0,0,19,0,0,1,1,1,31,0,19,0,32
"65",2012,2,"Lower",481,"SKT","4481",10.6,386,0.17,36,31,64,2.3325,0,0,11,0,0,5,0,2,11,1,32,0,14
"66",2012,2,"Lower",482,"SKT","4489",10.6,386,0.17,36,31,53,1.3069,0,0,5,1,0,2,9,2,1,0,4,0,96
"67",2012,2,"Lower",483,"SKT","4495",10.6,386,0.17,36,31,64,1.7942,0,0,13,0,0,4,0,4,17,0,8,0,202
"68",2012,2,"Lower",484,"SKT","4511",10.6,386,0.17,36,31,70,2.8629,0,0,3,0,0,4,3,2,39,0,24,0,93
"69",2012,2,"Lower",485,"SKT","4512",10.6,386,0.17,36,31,72,2.7693,0,0,5,0,0,13,0,0,10,0,13,1,37
"70",2012,2,"Lower",600,"SKT","4492",10.6,386,0.17,36,31,69,2.0926,0,0,18,1,0,15,0,1,51,0,49,0,33
"71",2012,2,"Lower",601,"SKT","4485",10.6,386,0.17,36,31,58,1.5401,0,0,6,0,0,1,0,4,7,1,14,0,16
"72",2012,2,"Lower",602,"SKT","4490",10.6,386,0.17,36,31,58,1.8045,0,0,22,1,0,15,0,2,55,0,18,0,29
"73",2012,3,"Lower",507,"SKT","4613",10.7,274,0.12,35,37,67,2.1534,0,0,2,0,0,2,0,0,8,0,2,0,1
"74",2012,3,"Lower",508,"SKT","4616",10.7,274,0.12,35,37,61,2.5876,0,0,3,0,0,1,0,8,40,0,1,0,0
"75",2012,3,"Lower",509,"SKT","4621",10.7,274,0.12,35,37,67,2.4666,0,0,2,0,0,5,0,6,38,0,1,0,1
"76",2012,3,"Lower",510,"SKT","4619",10.7,274,0.12,35,37,64,1.8466,0,0,3,0,0,5,0,2,29,0,1,0,1
"77",2012,3,"Lower",511,"SKT","4625",10.7,274,0.12,35,37,68,2.2155,0,1,0,1,0,1,1,6,36,1,0,0,2
"78",2012,3,"Lower",512,"SKT","4626",10.7,274,0.12,35,37,69,2.4134,0,0,2,0,0,3,0,3,25,0,4,0,14
"79",2012,3,"Lower",513,"SKT","4632",10.7,274,0.12,35,37,66,2.3058,0,0,4,0,0,3,0,1,24,0,1,0,3
"80",2012,3,"Lower",514,"SKT","4634",10.7,274,0.12,35,37,65,2.1541,0,0,2,0,0,1,0,2,9,0,0,0,1
"81",2012,3,"Lower",515,"SKT","4636",10.7,274,0.12,35,37,71,2.8943,0,0,0,0,0,3,0,6,10,2,4,0,2
"82",2012,3,"Lower",516,"SKT","4628",10.7,274,0.12,35,37,66,1.8901,0,0,0,0,0,1,1,4,36,0,3,0,6
"83",2012,3,"Lower",517,"SKT","4640",10.9,315,0.14,32,43,65,1.9781,0,0,0,0,0,7,0,0,13,1,2,0,3
"84",2012,3,"Lower",518,"SKT","4635",10.7,274,0.12,35,37,69,2.8582,0,0,3,1,0,2,1,7,24,0,3,0,2
"85",2012,3,"Lower",519,"SKT","4633",10.7,274,0.12,35,37,65,NA,0,0,2,0,0,3,0,4,28,0,2,0,0
"86",2012,3,"Lower",520,"SKT","4641",10.9,315,0.14,32,43,64,2.1845,0,0,4,0,0,0,0,2,13,0,1,0,1
"87",2012,3,"Lower",521,"SKT","4627",10.7,274,0.12,35,37,69,2.178,0,0,9,0,0,40,0,11,33,0,4,0,7
"88",2012,3,"Lower",522,"SKT","4642",10.9,315,0.14,32,43,73,2.8954,0,0,8,0,0,12,0,8,30,0,4,0,5
"89",2012,3,"Lower",523,"SKT","4645",10.9,315,0.14,32,43,67,2.4663,0,0,1,0,0,0,0,1,6,0,2,0,2
"90",2012,3,"Lower",524,"SKT","4646",10.9,315,0.14,32,43,68,2.2434,0,0,1,0,0,9,0,6,0,0,1,0,14
"91",2012,3,"Lower",525,"SKT","4649",10.9,315,0.14,32,43,63,2.0413,0,0,1,1,0,3,0,7,24,0,1,0,5
"92",2012,3,"Lower",526,"SKT","4651",10.9,315,0.14,32,43,65,1.941,0,0,0,0,0,0,0,1,3,0,0,0,1
"93",2012,3,"Lower",527,"SKT","4653",10.9,315,0.14,32,43,68,2.1167,0,0,7,0,0,5,0,7,29,0,6,0,14
"94",2012,3,"Lower",528,"SKT","4657",10.9,315,0.14,32,43,68,2.6595,0,0,11,0,0,10,0,5,33,0,2,0,6
"95",2012,3,"Lower",529,"SKT","4661",10.9,315,0.14,32,43,66,2.0696,0,0,2,0,0,0,0,4,7,0,0,0,1
"96",2012,3,"Lower",540,"SKT","4706",11.9,554,0.25,25,40,65,2.0806,0,0,0,0,0,0,8,0,1,0,3,0,185
"97",2012,3,"Lower",542,"SKT","4709",11.9,554,0.25,25,40,64,2.265,0,0,0,0,0,4,8,0,8,0,2,0,105
"98",2012,3,"Lower",543,"SKT","4710",11.9,554,0.25,25,40,73,2.4497,0,0,1,0,0,12,0,0,19,12,3,0,122
"99",2012,3,"Lower",544,"SKT","4716",11.9,554,0.25,25,40,56,1.5168,0,0,0,1,0,15,4,0,0,0,0,0,88
"100",2012,3,"Lower",545,"SKT","4717",11.9,554,0.25,25,40,62,1.7033,0,0,0,0,0,6,0,0,9,0,0,0,110
"101",2012,3,"Lower",546,"SKT","4718",11.9,554,0.25,25,40,70,2.2856,0,0,0,0,0,0,0,0,2,1,0,0,10
"102",2012,3,"Lower",547,"SKT","4721",11.9,554,0.25,25,40,64,1.8716,0,0,0,5,0,8,0,2,18,1,68,0,93
"103",2012,3,"Lower",548,"SKT","4722",11.9,554,0.25,25,40,62,1.7456,0,0,0,0,0,0,0,0,1,0,1,0,12
"104",2012,3,"Lower",549,"SKT","4725",11.9,554,0.25,25,40,63,1.8004,0,0,0,0,0,0,4,1,4,0,0,0,184
"105",2012,3,"Lower",550,"SKT","4734",11.9,554,0.25,25,40,64,1.1418,0,0,0,0,0,8,1,0,3,0,5,0,25
"106",2012,3,"Lower",551,"SKT","4726",11.9,554,0.25,25,40,58,1.8858,0,0,0,0,0,0,1,1,6,0,0,0,81
"107",2012,3,"Lower",552,"SKT","4737",11.9,554,0.25,25,40,61,1.8224,0,0,0,0,0,79,13,0,8,0,0,0,180
"108",2012,3,"Lower",553,"SKT","4743",11.9,554,0.25,25,40,55,1.7888,0,0,0,0,0,0,0,2,4,0,1,0,37
"109",2012,3,"Lower",554,"SKT","4744",11.9,554,0.25,25,40,57,1.6259,0,0,0,0,0,4,0,0,3,0,2,0,66
"110",2012,4,"Lower",646,"SKT","4920",13,273,0.12,38,40,64,3.5413,0,0,9,0,0,2,1,1,37,0,0,0,2
"111",2012,4,"Lower",647,"SKT","4925",13.4,312,0.14,34,42,72,2.9663,0,0,7,0,0,1,1,0,27,0,1,0,4
"112",2012,4,"Lower",648,"SKT","4922",13.4,312,0.14,34,42,73,2.9289,0,0,3,0,0,4,0,1,22,0,0,0,0
"113",2012,4,"Lower",649,"SKT","4926",13.4,312,0.14,34,42,66,2.2402,0,0,2,0,0,4,0,0,9,0,0,0,0
"114",2012,4,"Lower",650,"SKT","4927",13.4,312,0.14,34,42,67,2.7536,0,0,0,0,0,0,0,0,0,0,0,0,0
"115",2012,4,"Lower",651,"SKT","4924",13.4,312,0.14,34,42,69,2.6316,0,0,0,0,0,0,0,0,1,0,0,0,0
"116",2012,4,"Lower",657,"SKT","4941",14.1,590,0.27,37,26,65,2.15,0,0,0,0,0,0,5,1,0,0,0,0,95
"117",2012,4,"Lower",658,"SKT","4940",14.1,590,0.27,37,26,66,2.293,0,0,0,0,0,0,3,1,1,0,0,0,314
"118",2012,4,"Lower",659,"SKT","4937",14.1,590,0.27,37,26,70,2.4604,0,0,0,0,0,1,1,1,4,2,1,0,254
"119",2012,4,"Lower",680,"SKT","4921",13.4,312,0.14,34,42,69,2.2788,0,0,1,0,0,0,0,0,7,0,0,0,0
"120",2012,4,"Lower",681,"SKT","4923",13.4,312,0.14,34,42,69,2.426,0,0,1,0,0,5,0,1,3,0,0,0,0
"121",2012,4,"Lower",682,"SKT","4928",13.4,312,0.14,34,42,61,2.0525,0,0,1,0,0,1,0,2,11,0,0,0,0
"122",2012,4,"Lower",683,"SKT","4929",13.4,312,0.14,34,42,70,2.5986,0,1,0,0,0,2,0,2,20,0,1,0,36
"123",2012,4,"Lower",686,"SKT","4938",14.1,590,0.27,37,26,68,2.0161,0,0,0,0,0,0,0,0,12,0,2,0,14
"124",2012,4,"Lower",687,"SKT","4939",14.1,590,0.27,37,26,66,1.1732,0,0,0,0,0,0,0,116,17,0,0,0,25
"125",2012,4,"Lower",688,"SKT","4942",14.1,590,0.27,37,26,68,2.2491,0,0,0,0,0,0,0,0,0,0,0,0,219
"126",2012,4,"Lower",689,"SKT","4945",14.1,590,0.27,37,26,69,2.699,0,0,0,0,0,0,2,0,1,0,0,0,557
"127",2012,4,"Lower",690,"SKT","4947",14.1,590,0.27,37,26,68,2.6303,0,0,0,0,0,35,8,1,0,0,0,0,364
"128",2012,4,"Lower",691,"SKT","4950",14.1,590,0.27,37,26,68,2.4965,0,0,0,0,0,6,1,0,0,0,0,0,41
"129",2012,4,"Lower",692,"SKT","4953",14.1,590,0.27,37,26,59,1.7734,0,0,0,0,0,0,3,0,0,0,0,0,280
"130",2012,4,"Lower",693,"SKT","4954",14.1,590,0.27,37,26,62,1.808,0,0,0,0,0,0,4,1,3,0,1,0,343
"131",2012,5,"Lower",718,"SKT","5084",18.8,646,0.3,32,25,70,2.7173,0,0,7,0,0,3,23,1,12,0,2,1,123
"132",2012,5,"Lower",719,"SKT","5095",18.8,646,0.3,32,25,71,2.8179,0,0,0,0,0,0,8,0,0,0,0,0,44
"133",2012,5,"Lower",721,"SKT","5119",18.8,646,0.3,32,25,71,2.7718,0,0,0,0,0,0,60,2,6,2,1,0,516
"134",2012,5,"Lower",722,"SKT","5121",18.8,646,0.3,32,25,69,2.0853,0,0,0,0,0,0,588,1,7,0,4,0,453
"135",2012,5,"Lower",1253,"SKT","5068",17.1,229,0.1,58,21,68,2.6728,0,0,0,0,0,2,2,0,0,0,10,0,46
"136",2012,5,"Lower",1254,"SKT","5070",17.4,290,0.13,39,26,79,3.709,0,0,0,0,0,32,5,3,5,0,34,0,128
"137",2012,5,"Lower",1255,"SKT","5071",17.4,290,0.13,39,26,78,3.7914,0,0,4,0,0,20,16,0,8,0,10,2,196
"138",2012,5,"Lower",1256,"SKT","5073",17.4,290,0.13,39,26,72,2.841,0,0,1,0,0,5,9,1,3,0,6,0,103
"139",2012,6,"Lower",1277,"STN","5146",23.2,392,0.17,29,37.40000153,41,0.5174,0,0,0,0,0,9,10,1,0,0,106,20,0
"140",2012,6,"Lower",1278,"STN","5148",23.2,392,0.17,29,37.40000153,44,0.713,0,1,0,1,3,12,0,2,3,0,146,89,9
"141",2012,6,"Lower",1279,"STN","5150",23.2,392,0.17,29,37.40000153,29,0.2029,0,0,0,0,0,0,0,0,0,0,3,2,5
"142",2012,6,"Lower",1402,"STN","5207",20.5,388,0.17,32,31.29999924,32,0.1927,0,1,0,0,6,13,0,2,1,0,14,23,0
"143",2012,6,"Lower",1405,"STN","5211",20.5,388,0.17,32,31.29999924,41,0.4673,0,0,0,0,41,14,0,1,0,0,45,31,4
"144",2012,6,"Lower",1406,"STN","5210",20.5,388,0.17,32,31.29999924,41,0.4625,0,0,0,0,63,9,0,1,0,0,106,26,2
"145",2012,6,"Lower",1407,"STN","5209",20.5,388,0.17,32,31.29999924,32,0.2043,0,0,0,0,12,9,0,0,0,0,28,9,0
"146",2012,6,"Lower",1408,"STN","5152",23.2,392,0.17,29,37.40000153,28,0.1504,0,0,0,0,0,15,0,0,0,0,16,4,5
"147",2012,6,"Lower",1411,"STN","5206",20.5,388,0.17,32,31.29999924,39,0.4012,0,0,0,0,7,10,0,2,0,0,9,4,4
"148",2012,6,"Lower",1412,"STN","5203",20.5,388,0.17,32,31.29999924,30,0.1468,0,0,0,0,0,0,0,0,0,0,4,0,0
"149",2012,6,"Lower",1415,"STN","5208",20.5,388,0.17,32,31.29999924,33,0.2446,0,0,0,0,11,5,0,2,1,0,11,7,0
"150",2012,6,"Lower",1420,"STN","5202",20.5,388,0.17,32,31.29999924,29,0.1582,0,0,0,0,0,1,0,0,0,0,5,2,2
"151",2012,6,"Middle",1289,"STN","5156",23.1,694,0.32,24,40.70000076,36,0.3631,0,0,0,0,6,0,0,16,0,0,6,0,21
"152",2012,6,"Middle",1290,"STN","5157",23.1,694,0.32,24,40.70000076,28,0.1509,0,0,0,0,67,0,0,0,0,0,2,0,3
"153",2012,6,"Middle",1291,"STN","5161",23.1,694,0.32,24,40.70000076,29,0.1653,0,0,0,0,0,5,0,0,0,0,20,3,0
"154",2012,6,"Middle",1292,"STN","5162",23.1,694,0.32,24,40.70000076,37,0.3999,0,0,0,1,63,5,0,3,1,0,67,0,4
"155",2012,6,"Middle",1293,"STN","5163",23.1,694,0.32,24,40.70000076,38,0.4507,0,0,0,0,0,0,0,3,0,0,1,0,2
"156",2012,6,"Middle",1376,"STN","5217",20.4,732,0.34,33,33.79999924,41,0.4907,0,0,0,0,9,2,5,5,0,0,22,2,17
"157",2012,6,"Middle",1377,"STN","5220",20.4,732,0.34,33,33.79999924,29,0.2157,0,1,0,0,3,0,0,0,0,0,0,0,0
"158",2012,6,"Middle",1378,"STN","5241",20.4,732,0.34,33,33.79999924,33,0.2025,0,0,0,0,5,0,0,0,0,0,0,0,0
"159",2012,6,"Middle",1379,"STN","5218",20.4,732,0.34,33,33.79999924,34,0.2468,0,0,0,0,0,0,0,4,0,0,1,0,3
"160",2012,6,"Middle",1380,"STN","5214",20.4,732,0.34,33,33.79999924,45,0.639,0,0,0,0,34,0,3,1,29,0,2,0,5
"161",2012,6,"Middle",1382,"STN","5221",20.4,732,0.34,33,33.79999924,36,0.2728,0,0,0,0,1,0,0,4,0,0,0,0,5
"162",2012,6,"Middle",1383,"STN","5213",20.39999962,732,0.339467723,33,33.79999924,37,0.3137,0,0,0,0,0,0,0,0,0,0,0,0,0
"163",2012,6,"Middle",1385,"STN","5215",20.4,732,0.34,33,33.79999924,41,0.4129,0,0,0,0,37,0,1,5,0,0,10,2,2
"164",2012,6,"Middle",1398,"STN","5212",20.4,732,0.34,33,33.79999924,32,0.2036,0,0,0,0,0,0,0,0,0,0,0,0,1
"165",2012,6,"Middle",1401,"STN","5160",23.1,694,0.32,24,40.70000076,28,0.2098,0,0,0,0,0,0,0,0,0,0,0,0,4
"166",2012,6,"Middle",1403,"STN","5176",23.1,694,0.32,24,40.70000076,34,0.3043,0,0,0,0,30,0,0,12,7,0,1,0,4
"167",2012,6,"Middle",1419,"STN","5158",23.1,694,0.32,24,40.70000076,30,0.1753,0,0,0,0,3,0,0,16,0,0,9,0,4
"168",2012,6,"Middle",1421,"STN","5216",20.4,732,0.34,33,33.79999924,39,0.3841,0,1,0,0,45,1,1,0,0,0,37,3,2
"169",2012,6,"Middle",1423,"STN","5219",20.4,732,0.34,33,33.79999924,31,0.2536,0,0,0,0,0,0,0,4,1,0,0,0,0
"170",2012,8,"Middle",1298,"STN","5285",23.7,767,0.36,30,34.20000076,49,0.5308,0,0,0,0,2,0,1,0,0,0,2,1,13
"171",2012,8,"Middle",1299,"STN","5286",23.7,767,0.36,30,34.20000076,57,1.244,0,0,0,0,3,3,1,2,1,0,6,1,12
"172",2012,8,"Middle",1300,"STN","5287",23.7,767,0.36,30,34.20000076,54,1.0973,0,1,0,0,8,10,9,0,0,1,79,3,11
"173",2012,8,"Middle",1301,"STN","5288",23.7,767,0.36,30,34.20000076,58,1.3935,0,5,0,0,9,5,5,1,1,1,64,14,1
"174",2012,8,"Middle",1302,"STN","5289",23.7,767,0.36,30,34.20000076,60,1.6974,0,0,0,0,3,2,0,1,0,0,6,4,35
"175",2012,8,"Middle",1387,"STN","5336",22.9,752,0.35,50,29.39999962,55,1.2243,0,1,0,0,6,4,1,1,1,0,47,12,5
"176",2012,8,"Middle",1389,"STN","5338",22.9,752,0.35,50,29.39999962,47,0.7799,0,1,0,0,2,3,5,0,0,0,64,11,4
"177",2012,8,"Middle",1390,"STN","5337",22.9,752,0.35,50,29.39999962,47,0.8119,0,0,0,0,5,6,2,0,0,0,60,8,1
"178",2012,8,"Middle",1391,"STN","5341",22.9,752,0.35,50,29.39999962,47,1.2024,0,0,0,0,2,0,9,3,0,2,109,11,33
"179",2012,8,"Middle",1393,"STN","5339",22.9,752,0.35,50,29.39999962,49,1.0192,0,1,0,0,0,4,1,1,1,0,55,15,7
"180",2012,8,"Middle",1395,"STN","5340",22.9,752,0.35,50,29.39999962,59,1.0374,0,0,0,0,5,6,0,0,1,0,48,19,1
"181",2012,8,"Middle",1399,"STN","5335",22.9,752,0.35,50,29.39999962,55,1.1279,0,1,0,0,12,5,0,0,2,0,109,28,2
"182",2012,8,"Middle",1413,"STN","5342",22.9,752,0.35,50,29.39999962,52,1.0492,0,0,0,0,0,4,0,1,0,0,15,7,8
"183",2012,10,"Lower",1018,"FMWT","5804",18.6,327,0.14,38.99999857,25.89999962,59,1.317,0,0,0,0,0,0,0,0,0,0,3,0,0
"184",2012,10,"Middle",1019,"FMWT","5835",19.2,592,0.27,30.00000119,35.40000153,63,2.0543,0,57,0,0,14,3,0,0,0,19,16,3,0
"185",2012,11,"Lower",1029,"FMWT","5987",14.5,361,0.16,33.00000131,27.70000076,63,2.1164,0,0,0,0,0,2,1,0,2,0,24,9,30
"186",2012,11,"Middle",1030,"FMWT","6017",14.9,611,0.28,27.00000107,39.20000076,72,2.6416,0,0,0,0,0,0,0,0,1,1,19,4,4
"187",2012,12,"Lower",1039,"FMWT","6132",12.9,331,0.15,21.99999988,70.90000153,72,2.6364,0,0,31,1,0,1,1,395,17,0,3,1,0
"188",2012,12,"Middle",1040,"FMWT","6148",13.4,777,0.36,27.00000107,44.29999924,69,2.3387,0,0,0,0,2,61,4,0,1,1,11,5,58
"189",2012,12,"Middle",1041,"FMWT","6141",13.3,589,0.27,18.99999976,71.30000305,63,1.8953,0,0,0,0,0,45,0,0,1,2,8,0,15
"190",2013,1,"Lower",1045,"SKT","6212",8.1,469,0.21,22,74,66,2.2518,0,0,14,0,0,2,0,5,12,0,4,0,5
"191",2013,1,"Lower",1046,"SKT","6213",8.1,469,0.21,22,74,68,2.5312,0,0,3,0,0,1,0,2,2,0,1,0,0
"192",2013,1,"Lower",1047,"SKT","6215",8.1,469,0.21,22,74,68,2.285,0,0,1,0,0,0,0,1,1,0,0,0,0
"193",2013,1,"Lower",1048,"SKT","6216",8.1,469,0.21,22,74,80,3.4932,0,1,9,1,0,2,0,1,30,0,5,0,18
"194",2013,1,"Lower",1049,"SKT","6217",8.1,469,0.21,22,74,64,1.6482,0,0,5,0,0,1,1,1,7,0,1,0,0
"195",2013,1,"Lower",1050,"SKT","6218",8.1,469,0.21,22,74,70,2.5856,0,0,4,0,0,3,0,2,4,0,6,0,11
"196",2013,1,"Lower",1051,"SKT","6219",8.1,469,0.21,22,74,65,1.9368,0,0,2,0,0,2,0,0,1,0,0,0,0
"197",2013,1,"Lower",1052,"SKT","6220",8.1,469,0.21,22,74,55,1.1492,0,0,1,0,0,1,0,0,7,0,6,0,15
"198",2013,1,"Lower",1053,"SKT","6221",8.1,469,0.21,22,74,66,2.1721,0,0,1,0,1,2,0,0,0,1,1,0,21
"199",2013,1,"Lower",1054,"SKT","6222",8.1,469,0.21,22,74,73,2.6075,0,0,3,0,0,5,0,0,1,0,4,0,63
"200",2013,1,"Lower",1055,"SKT","6223",8.1,469,0.21,22,74,60,1.4599,0,0,9,1,0,25,0,31,71,1,0,0,1
"201",2013,1,"Lower",1056,"SKT","6224",8.1,469,0.21,22,74,65,1.9546,0,0,3,0,0,0,0,4,29,0,0,0,13
"202",2013,1,"Lower",1057,"SKT","6225",8.1,469,0.21,22,74,62,1.6166,0,0,4,0,0,4,0,9,10,0,12,0,12
"203",2013,1,"Lower",1058,"SKT","6226",8.1,469,0.21,22,74,74,3.0752,0,0,1,0,0,11,0,14,12,0,2,0,14
"204",2013,1,"Lower",1059,"SKT","6227",8.1,469,0.21,22,74,62,1.0987,0,0,0,0,0,1,0,2,1,0,6,0,18
"205",2013,1,"Lower",1060,"SKT","6230",8.1,469,0.21,22,74,66,2.0066,0,0,3,1,0,22,1,11,18,0,6,0,9
"206",2013,1,"Lower",1061,"SKT","6232",8.1,469,0.21,22,74,75,2.7585,0,0,7,1,0,22,0,7,22,0,2,0,0
"207",2013,1,"Lower",1062,"SKT","6233",8.1,469,0.21,22,74,54,1.2976,0,0,12,0,0,1,0,5,8,1,2,0,1
"208",2013,1,"Lower",1063,"SKT","6234",8.1,469,0.21,22,74,85,4.2496,0,0,0,0,0,3,0,1,8,0,5,0,5
"209",2013,1,"Lower",1064,"SKT","6235",8.1,469,0.21,22,74,65,1.8197,0,0,4,0,0,3,0,4,22,0,5,0,16
"210",2013,1,"Lower",1065,"SKT","6236",8.1,469,0.21,22,74,77,2.1201,0,0,12,2,0,11,0,19,170,2,13,0,5
"211",2013,1,"Lower",1066,"SKT","6237",8.1,469,0.21,22,74,74,2.7319,0,0,5,0,0,0,0,0,6,0,1,0,0
"212",2013,1,"Lower",1067,"SKT","6238",8.1,469,0.21,22,74,54,1.1076,0,0,1,0,0,1,1,3,21,0,7,0,10
"213",2013,1,"Lower",1068,"SKT","6239",8.1,469,0.21,22,74,66,2.1132,0,0,5,0,0,6,0,8,6,0,0,0,1
"214",2013,1,"Lower",1069,"SKT","6242",8.1,469,0.21,22,74,64,2.114,0,0,12,1,0,2,0,7,5,0,1,0,2
"215",2013,1,"Lower",1070,"SKT","6244",8.1,469,0.21,22,74,72,2.7681,0,0,4,1,0,2,0,23,12,1,5,0,13
"216",2013,1,"Lower",1071,"SKT","6245",8.1,469,0.21,22,74,64,1.958,0,0,11,1,0,4,0,6,18,0,0,0,0
"217",2013,1,"Lower",1072,"SKT","6249",8.1,469,0.21,22,74,65,2.0586,0,0,2,0,0,2,0,4,10,0,5,0,3
"218",2013,1,"Lower",1073,"SKT","6251",8.1,469,0.21,22,74,69,2.0974,0,0,4,1,0,5,0,0,1,1,2,0,5
"219",2013,1,"Lower",1074,"SKT","6252",8.1,469,0.21,22,74,65,1.976,0,0,2,0,0,7,0,8,17,1,6,0,7
"220",2013,1,"Lower",1075,"SKT","6253",8.1,469,0.21,22,74,61,1.641,0,0,3,0,0,21,2,0,6,0,6,0,96
"221",2013,1,"Lower",1077,"SKT","6256",7.8,237,0.1,42,34,67,2.2235,0,0,97,0,0,51,0,32,32,0,0,0,0
"222",2013,1,"Lower",1078,"SKT","6257",7.8,237,0.1,42,34,73,3.1216,0,0,124,0,0,32,0,43,4,0,0,0,0
"223",2013,1,"Lower",1079,"SKT","6258",7.8,237,0.1,42,34,64,1.9403,0,0,68,0,0,26,2,55,6,0,0,0,0
"224",2013,1,"Lower",1080,"SKT","6259",7.8,237,0.1,42,34,63,1.6571,0,0,46,1,0,64,1,54,38,0,0,0,0
"225",2013,2,"Lower",1171,"SKT","6294",9.5,529,0.24,30,42,63,1.8196,0,0,0,0,0,0,1,0,0,0,2,0,28
"226",2013,2,"Lower",1172,"SKT","6299",9.5,529,0.24,30,42,70,2.5341,0,0,1,0,0,1,0,0,3,6,1,0,20
"227",2013,2,"Lower",1173,"SKT","6308",9.5,529,0.24,30,42,56,1.2794,0,0,0,0,0,0,0,0,1,0,10,1,14
"228",2013,2,"Lower",1174,"SKT","6309",10.3,250,0.11,75,11,67,1.9831,0,0,0,0,0,0,1,1,3,0,5,0,38
"229",2013,2,"Lower",1175,"SKT","6320",9.5,529,0.24,30,42,65,1.8321,0,0,1,0,0,1,0,0,4,0,2,0,4
"230",2013,2,"Lower",1176,"SKT","6322",9.5,529,0.24,30,42,60,1.5038,0,0,0,0,0,0,0,0,3,0,0,0,18
"231",2013,2,"Lower",1177,"SKT","6327",9.5,529,0.24,30,42,70,2.6837,0,0,0,0,0,3,0,1,33,1,8,1,2
"232",2013,2,"Lower",1178,"SKT","6328",9.5,529,0.24,30,42,63,2.1237,0,0,1,0,0,1,3,1,8,0,11,0,28
"233",2013,2,"Lower",1179,"SKT","6329",9.5,529,0.24,30,42,70,2.7214,0,0,0,0,0,2,0,0,5,0,7,0,16
"234",2013,2,"Lower",1180,"SKT","6348",9.5,529,0.24,30,42,61,1.5794,0,0,1,1,0,5,1,1,28,0,5,1,13
"235",2013,3,"Lower",1181,"SKT","6416",12.2,428,0.19,70,17,67,2.2042,0,0,0,3,0,13,5,2,20,0,4,0,36
"236",2013,3,"Lower",1182,"SKT","6417",12.2,428,0.19,70,17,62,1.5316,0,0,0,2,0,46,5,1,13,0,8,0,141
"237",2013,3,"Lower",1183,"SKT","6418",12.2,428,0.19,70,17,63,1.9162,0,0,1,1,0,7,3,0,16,0,1,0,178
"238",2013,3,"Lower",1184,"SKT","6421",12.2,428,0.19,70,17,68,1.9462,0,0,1,1,0,10,14,1,9,0,0,0,228
"239",2013,3,"Lower",1185,"SKT","6422",12.2,428,0.19,70,17,79,3.5939,0,0,0,1,0,5,7,1,8,0,2,0,185
"240",2013,3,"Lower",1186,"SKT","6423",12.2,428,0.19,70,17,68,2.3803,0,0,1,2,0,4,3,0,16,0,3,0,80
"241",2013,3,"Lower",1187,"SKT","6424",12.2,428,0.19,70,17,73,2.2715,0,0,0,6,0,16,4,2,23,0,7,0,50
"242",2013,3,"Lower",1188,"SKT","6427",12.2,428,0.19,70,17,70,2.0702,0,0,0,0,0,42,0,0,11,0,2,0,52
"243",2013,3,"Lower",1189,"SKT","6436",12.2,428,0.19,70,17,68,2.4087,0,0,3,1,0,150,1,0,25,1,4,0,105
"244",2013,3,"Lower",1190,"SKT","6431",12.2,428,0.19,70,17,69,2.2655,0,0,0,1,0,134,2,0,12,0,2,0,184
"245",2013,3,"Lower",1358,"SKT","6439",12.2,428,0.19,70,17,64,2.3361,0,0,0,0,0,23,3,1,19,1,1,0,38
"246",2013,4,"Lower",1155,"SKT","6476",16.4,476,0.21,62,15,68,2.5726,0,0,1,15,0,8,4,0,1,0,3,0,146
"247",2013,6,"Lower",1226,"STN","44",21,408,0.18,28,NA,41,0.4318,0,0,0,0,0,6,0,0,0,0,50,18,0
"248",2013,6,"Lower",1227,"STN","47",21,408,0.18,28,NA,30,0.1641,0,1,0,0,0,1,0,0,0,0,27,14,0
"249",2013,6,"Lower",1228,"STN","48",21,408,0.18,28,NA,30,0.1852,0,0,0,0,0,8,0,0,0,0,31,2,6
"250",2013,6,"Lower",1229,"STN","49",21,408,0.18,28,NA,26,0.1012,0,0,0,0,0,2,0,0,0,0,24,3,0
"251",2013,6,"Lower",1230,"STN","50",21,408,0.181581225,28,NA,28,0.1458,0,0,0,0,0,0,0,0,0,0,0,0,0
"252",2013,6,"Lower",1231,"STN","51",21,408,0.181581225,28,NA,32,0.2121,0,0,0,0,0,0,0,0,0,0,0,0,0
"253",2013,6,"Lower",1232,"STN","53",21,408,0.18,28,NA,24,0.1103,0,0,0,0,0,0,0,0,0,0,2,1,0
"254",2013,6,"Lower",1233,"STN","100",20.9,432,0.19,31,NA,33,0.2255,0,0,0,0,0,1,0,0,0,0,20,2,1
"255",2013,6,"Lower",1234,"STN","101",20.9,432,0.19,31,NA,28,0.1456,0,0,0,0,0,1,0,0,0,0,0,0,3
"256",2013,6,"Lower",1312,"STN","43",21.10000038,169,0.07070142,43,NA,23,0.1009,0,0,0,0,0,0,0,0,0,0,0,0,0
"257",2013,6,"Middle",1313,"STN","57",21.1,682,0.31,23,NA,40,0.4483,0,0,0,0,1,1,3,0,0,0,13,7,3
"258",2013,6,"Middle",1314,"STN","58",21.1,682,0.31,23,NA,34,0.2855,0,4,0,0,19,4,22,1,0,0,6,3,8
"259",2013,6,"Middle",1315,"STN","59",21.1,682,0.31,23,NA,36,0.3636,0,2,0,0,5,0,11,1,0,0,15,28,7
"260",2013,6,"Middle",1316,"STN","60",21.1,682,0.31,23,NA,37,0.3705,0,0,0,0,2,0,10,0,0,0,16,6,2
"261",2013,6,"Middle",1317,"STN","65",21.1,682,0.31,23,NA,39,0.445,0,0,0,0,1,0,11,6,0,0,32,12,10
"262",2013,6,"Middle",1318,"STN","102",21,709,0.33,33,NA,53,1.0719,0,1,0,0,1,0,4,1,0,0,1,2,1
"263",2013,6,"Middle",1319,"STN","103",21,709,0.33,33,NA,44,0.6479,0,0,0,0,10,0,15,4,0,0,20,6,11
"264",2013,6,"Middle",1320,"STN","104",21,709,0.33,33,NA,47,0.714,0,0,0,0,1,1,4,3,0,0,11,4,0
"265",2013,6,"Middle",1321,"STN","106",21,709,0.33,33,NA,51,1.0454,0,0,0,0,2,13,45,3,1,0,51,8,96
"266",2013,7,"Lower",1341,"STN","196",23.3,512,0.23,25,NA,50,0.9359,0,1,0,0,11,0,4,7,0,0,106,10,25
"267",2013,7,"Lower",1342,"STN","198",23.3,512,0.23,25,NA,49,0.749,0,4,0,0,21,18,5,0,0,0,296,10,9
"268",2013,7,"Lower",1343,"STN","200",23.3,512,0.23,25,NA,41,0.5065,0,1,0,0,1,7,0,0,0,0,147,9,4
"269",2013,7,"Lower",1344,"STN","202",23.3,512,0.23,25,NA,42,0.5058,0,0,0,0,9,9,1,1,0,0,114,9,4
"270",2013,7,"Lower",1371,"STN","201",23.3,512,0.23,25,NA,36,0.3097,0,0,0,0,6,8,0,0,1,0,133,12,0
"271",2013,7,"Lower",1374,"STN","199",23.3,512,0.23,25,NA,54,0.9589,0,1,0,0,9,6,1,0,0,0,199,9,2
"272",2013,8,"Lower",1350,"STN","294",25.8,507,0.23,38,NA,32,0.2646,0,364,0,0,36,46,15,1,0,56,21,5,0
"273",2013,8,"Lower",1351,"STN","295",25.8,507,0.23,38,NA,42,0.507,0,149,0,0,25,3,0,0,0,70,9,93,2
"274",2013,8,"Lower",1352,"STN","304",25.8,507,0.23,38,NA,48,0.7427,0,189,0,0,32,69,7,4,4,88,13,30,7
"275",2013,8,"Lower",1356,"STN","305",25.8,507,0.23,38,NA,44,0.5746,0,130,0,0,33,35,0,2,0,137,13,0,2
"276",2013,8,"Lower",1357,"STN","306",25.8,507,0.23,38,NA,40,0.5079,0,319,0,0,33,20,3,0,0,48,4,3,1
"277",2013,8,"Middle",1354,"STN","249",20.9,756,0.35,31,NA,46,0.5453,0,4,0,0,5,0,3,0,0,0,1,9,0
"278",2013,11,"Middle",1455,"FMWT","749",13.6,575,0.26,25,37.70000076,59,1.3516,0,4,0,0,2,1,0,0,2,15,1,3,0
"279",2013,11,"Middle",1456,"FMWT","750",13.6,575,0.26,25,37.70000076,51,0.855,0,15,0,0,16,0,0,0,13,10,0,0,3
"280",2014,1,"Lower",1467,"SKT","143",9.3,231,0.1,98,8,71,2.5605,0,0,24,0,0,15,0,32,94,0,23,0,0
"281",2014,1,"Lower",1468,"SKT","144",9.3,231,0.1,98,8,65,1.7515,0,0,3,1,0,4,0,9,13,0,4,0,0
"282",2014,1,"Lower",1469,"SKT","145",9.2,236,0.1,89,10,56,1.3061,0,0,4,0,0,5,0,36,38,0,10,0,0
"283",2014,1,"Lower",1470,"SKT","146",9.2,236,0.1,89,10,66,2.0584,0,0,5,0,0,1,0,9,38,0,6,0,0
"284",2014,1,"Lower",1471,"SKT","147",9.2,236,0.1,89,10,73,2.3801,0,0,10,2,0,6,2,22,102,0,9,0,1
"285",2014,1,"Lower",1472,"SKT","148",9.2,236,0.1,89,10,66,1.9452,0,0,6,3,0,7,0,20,112,0,9,0,3
"286",2014,1,"Lower",1473,"SKT","149",9.2,236,0.1,89,10,68,2.3482,0,0,18,0,0,7,0,23,59,0,9,0,0
"287",2014,1,"Lower",1474,"SKT","150",8.8,405,0.18,23,45,62,2.0832,0,0,2,2,0,8,0,2,16,0,207,1,13
"288",2014,2,"Lower",1488,"SKT","360",11.7,291,0.13,51,21,70,2.6698,0,0,112,0,0,2,0,74,6,1,0,0,0
"289",2014,2,"Lower",1489,"SKT","361",11.7,291,0.13,51,21,68,2.1969,0,0,73,1,0,5,0,48,7,0,0,0,0
"290",2014,2,"Lower",1490,"SKT","362",11.8,269,0.12,45,24,59,1.6339,0,0,33,0,0,4,0,11,1,0,1,0,0
"291",2014,2,"Lower",1491,"SKT","363",11.8,269,0.12,45,24,63,1.8004,0,0,24,0,0,2,0,31,4,0,1,0,0
"292",2014,3,"Lower",1505,"SKT","559",14.5,254,0.11,35,38,70,2.1643,0,0,16,0,0,4,0,15,6,0,0,0,0
"293",2014,3,"Lower",1506,"SKT","555",14.5,255,0.11,28,40,65,2.1574,0,0,19,0,0,6,0,9,9,0,0,0,0
"294",2014,3,"Lower",1507,"SKT","556",14.5,255,0.11,28,40,78,2.8096,0,0,43,0,0,27,0,41,9,0,0,0,0
"295",2014,3,"Lower",1508,"SKT","557",14.5,255,0.11,28,40,62,1.8243,0,0,16,0,0,5,0,9,6,0,0,0,0
"296",2014,3,"Lower",1573,"SKT","507",13.8,533,0.24,32,26,62,1.4775,0,0,0,0,0,0,3,0,2,0,0,0,15
"297",2014,3,"Lower",1574,"SKT","514",13.8,533,0.24,32,26,62,1.7122,0,0,0,0,0,0,5,0,2,0,1,0,14
"298",2014,3,"Lower",1575,"SKT","515",13.8,533,0.24,32,26,69,2.3979,0,0,0,0,0,0,3,0,2,0,1,0,35
"299",2014,3,"Lower",1576,"SKT","519",13.8,533,0.24,32,26,74,2.9707,0,0,0,0,0,0,0,1,0,0,0,0,1
"300",2014,3,"Lower",1577,"SKT","526",13.8,533,0.24,32,26,65,2.2305,0,0,0,0,0,1,4,0,3,0,2,0,20
"301",2014,3,"Lower",1578,"SKT","528",13.8,533,0.24,32,26,57,1.4438,0,0,0,0,0,0,12,0,0,0,2,0,16
"302",2014,3,"Lower",1579,"SKT","537",13.8,533,0.24,32,26,66,2.247,0,0,0,0,0,0,0,0,0,0,1,0,1
"303",2014,3,"Lower",1580,"SKT","545",13.8,533,0.24,32,26,61,1.6629,0,0,0,0,0,2,12,0,1,1,0,0,45
"304",2014,3,"Lower",1581,"SKT","547",13.8,533,0.24,32,26,56,1.4732,0,0,0,0,0,2,0,0,1,0,0,0,13
"305",2014,3,"Lower",1582,"SKT","548",13.8,533,0.24,32,26,54,1.1229,0,0,0,0,0,0,0,0,1,0,0,0,0
"306",2014,3,"Lower",1595,"SKT","558",14.5,255,0.11,28,40,65,2.6298,0,0,57,1,0,65,0,32,12,0,0,0,0
"307",2014,4,"Lower",1601,"SKT","582",15.8,253,0.11,72,11,74,2.8719,0,0,4,0,0,4,0,3,3,0,3,0,2
"308",2014,4,"Lower",1602,"SKT","1",16.6,486,0.22,53,18,74,3.3796,0,0,0,4,0,31,0,3,1,0,4,0,133
"309",2014,4,"Lower",1603,"SKT","2",16.6,486,0.22,53,18,73,2.9603,0,0,0,2,0,11,1,0,0,0,3,1,188
"310",2014,4,"Lower",1604,"SKT","3",16.6,486,0.22,53,18,69,2.8095,0,0,0,13,1,2,18,0,5,0,3,1,138
"311",2014,4,"Lower",1605,"SKT","583",16.6,486,0.22,53,18,68,2.065,0,0,0,3,1,2,19,1,3,0,3,0,235
"312",2014,4,"Lower",1606,"SKT","584",16.6,486,0.22,53,18,60,1.5325,0,0,0,0,0,4,2,0,0,0,7,1,122
"313",2014,4,"Lower",1607,"SKT","588",16.6,486,0.22,53,18,68,2.2599,0,0,0,2,0,19,4,4,1,0,10,0,133
"314",2014,4,"Lower",1608,"SKT","589",16.6,486,0.22,53,18,69,NA,0,0,0,3,0,3,49,0,1,0,9,7,445
"315",2014,4,"Lower",1609,"SKT","592",16.6,486,0.22,53,18,68,2.3124,0,0,0,0,0,26,22,1,0,0,8,1,390
"316",2014,4,"Lower",1610,"SKT","593",16.6,486,0.22,53,18,60,1.6706,0,0,0,3,0,34,36,1,1,1,4,0,236
"317",2014,4,"Lower",1611,"SKT","599",16.6,486,0.22,53,18,61,1.903,0,0,0,1,0,3,2,0,0,0,2,0,204
"318",2014,5,"Lower",1617,"SKT","13",19.2,426,0.19,25,33,78,3.9693,0,0,0,1,0,0,2,0,0,0,10,0,66
"319",2014,5,"Lower",1618,"SKT","16",19.2,426,0.19,25,33,71,2.3383,0,0,0,0,0,0,0,0,0,0,54,0,217
"320",2014,5,"Lower",1619,"SKT","17",19.2,426,0.19,25,33,76,3.3431,0,1,0,0,0,0,3,0,0,0,35,4,118
"321",2014,5,"Lower",1620,"SKT","19",19.2,426,0.19,25,33,75,3.5607,0,0,0,3,1,0,12,1,3,0,62,2,79
"322",2014,5,"Lower",1621,"SKT","20",19.2,426,0.19,25,33,75,2.957,0,0,0,0,0,0,1,0,0,0,4,0,42
"323",2014,5,"Lower",1622,"SKT","21",19.2,426,0.19,25,33,75,3.4432,0,0,0,2,0,0,2,0,1,0,10,0,104
"324",2014,5,"Lower",1623,"SKT","22",19.2,426,0.19,25,33,74,3.3634,0,0,0,0,0,0,1,0,0,0,5,0,25
"325",2014,5,"Lower",1624,"SKT","25",19.2,426,0.19,25,33,73,2.9235,0,0,0,3,0,2,1,0,1,0,17,2,74
"326",2014,5,"Lower",1625,"SKT","27",19.2,426,0.19,25,33,74,2.9654,0,0,0,0,0,9,0,0,1,1,31,0,81
"327",2014,5,"Lower",1626,"SKT","30",19.2,426,0.19,25,33,71,2.6331,0,0,0,0,0,1,8,0,2,0,35,0,246
"328",2014,6,"Lower",1651,"STN","1",21.4,424,0.19,39,34.79999924,82,4.6015,0,1,0,0,0,50,0,1,0,0,559,63,16
"329",2014,6,"Lower",1652,"STN","2",21.4,424,0.19,39,34.79999924,41,0.4862,0,0,0,0,0,9,0,0,0,0,103,0,0
"330",2014,6,"Lower",1653,"STN","3",21.4,424,0.19,39,34.79999924,38,NA,0,0,0,0,0,1,0,0,0,0,36,0,0
"331",2014,6,"Lower",1654,"STN","4",21.4,424,0.19,39,34.79999924,36,0.3494,0,0,0,0,1,29,12,0,0,0,42,18,2
"332",2014,6,"Lower",1655,"STN","6",21.4,424,0.19,39,34.79999924,33,0.2653,0,0,0,0,0,0,0,0,0,0,9,1,1
"333",2014,6,"Lower",1656,"STN","7",21.39999962,424,0.189213104,39,34.79999924,31,0.1797,0,0,0,0,0,0,0,0,0,0,0,0,0
"334",2014,6,"Lower",1657,"STN","8",21.39999962,424,0.189213104,39,34.79999924,27,0.121,0,0,0,0,0,0,0,0,0,0,0,0,0
"335",2014,6,"Middle",1658,"STN","14",21.2,773,0.36,32,36.40000153,26,0.1594,0,0,0,0,0,0,0,0,0,0,3,1,0
"336",2014,6,"Middle",1659,"STN","15",21.2,773,0.36,32,36.40000153,27,0.1366,0,0,0,0,0,0,0,0,0,0,6,11,0
"337",2014,6,"Middle",1660,"STN","16",21.2,773,0.36,32,36.40000153,26,0.1143,0,0,0,0,0,0,0,0,0,0,6,3,1
"338",2014,6,"Middle",1661,"STN","18",21.2,773,0.36,32,36.40000153,28,0.1402,0,0,0,0,0,0,0,0,0,0,3,0,0
"339",2014,6,"Middle",1662,"STN","19",21.2,773,0.36,32,36.40000153,33,0.2618,0,0,0,0,28,0,1,0,10,0,17,1,13
"340",2014,6,"Middle",1663,"STN","20",21.2,773,0.36,32,36.40000153,27,0.1453,0,1,0,0,2,0,0,0,1,0,9,2,2
"341",2014,6,"Middle",1664,"STN","21",21.2,773,0.36,32,36.40000153,33,0.2566,0,0,0,0,6,1,0,0,4,0,40,11,0
"342",2014,6,"Middle",1665,"STN","23",21.2,773,0.36,32,36.40000153,27,0.7423,0,0,0,0,1,0,0,0,1,0,2,0,0
"343",2014,6,"Middle",1666,"STN","25",21.2,773,0.36,32,36.40000153,38,0.3821,0,0,0,0,192,6,2,1,18,0,13,4,36
"344",2014,6,"Middle",1667,"STN","133",21.3,655,0.3,21,40.59999847,41,0.5379,0,0,0,0,0,0,1,3,0,0,24,6,6
"345",2014,6,"Middle",1668,"STN","135",21.3,655,0.3,21,40.59999847,38,0.314,0,0,0,0,2,0,1,2,1,0,5,3,2
"346",2014,6,"Middle",1669,"STN","136",21.3,655,0.3,21,40.59999847,39,0.325,0,1,0,0,1,0,23,65,0,0,24,20,45
"347",2014,7,"Lower",1687,"STN","147",23.7,419,0.19,37,29.89999962,37,0.398,0,0,0,0,1,1,26,4,0,0,43,36,22
"348",2014,7,"Lower",1688,"STN","148",23.7,419,0.19,37,29.89999962,34,0.2917,0,0,0,0,0,0,29,2,0,0,55,25,17
"349",2014,8,"Middle",1697,"STN","180",23.7,723,0.34,42,39.40000153,58,NA,0,4,0,0,11,15,17,1,1,0,76,22,2
"350",2014,8,"Middle",1969,"GES","153",23.3,541,0.25,45,28.2,50,0.7733,0,19,0,0,9,0,4,16,6,1,6,3,0
"351",2014,8,"Middle",1970,"GES","162",23.3,541,0.25,45,28.2,53,1.0377,0,49,0,0,22,11,0,20,7,0,1,14,12
"352",2014,8,"Middle",1971,"GES","168",23.3,541,0.25,45,28.2,41,0.5406,0,28,0,0,9,3,0,3,0,0,2,10,2
"353",2014,8,"Middle",1972,"GES","169",23.3,541,0.25,45,28.2,44,0.634,0,46,0,0,9,7,15,3,0,0,1,0,2
"354",2014,8,"Middle",1973,"GES","173",23.3,541,0.25,45,28.2,51,0.9619,0,4,0,0,2,0,0,0,0,0,1,7,0
"355",2014,8,"Middle",1974,"GES","177",23.3,541,0.25,0.45,28.2,44,0.7422,0,0,0,0,0,0,0,0,0,0,0,0,0
"356",2014,8,"Middle",1975,"GES","178",23.3,541,0.25,45,28.2,47,0.8859,11,75,0,0,15,0,1,16,0,1,4,21,0
"357",2014,8,"Middle",1976,"GES","182",23.3,541,0.25,45,28.2,42,0.5657,0,81,0,0,30,2,11,20,0,0,3,5,5
"358",2014,8,"Middle",1977,"GES","185",23.3,541,0.25,45,28.2,49,0.9003,0,75,0,0,24,0,3,8,1,3,6,0,4
"359",2014,8,"Middle",1978,"GES","188",23.3,541,0.25,45,28.2,47,0.7371,0,26,0,0,6,22,2,1,0,0,10,31,1
"360",2014,8,"Middle",1979,"GES","189",23.3,541,0.25,45,28.2,50,1.0059,0,21,0,0,24,18,8,18,0,2,5,18,8
"361",2014,8,"Middle",1980,"GES","195",23.3,541,0.25,45,28.2,42,0.5115,0,118,0,0,38,8,0,7,9,1,0,27,3
"362",2014,8,"Middle",1981,"GES","197",23.3,541,0.25,45,28.2,50,1.0199,0,140,0,0,27,18,2,16,6,0,3,10,6
"363",2014,8,"Middle",1982,"GES","200",23.3,541,0.25,45,28.2,47,0.7223,0,50,0,0,15,0,8,9,1,2,11,13,5
"364",2014,8,"Middle",1983,"GES","202",23.3,541,0.25,45,28.2,52,1.0057,0,119,0,0,31,36,0,14,0,2,7,3,12
"365",2014,8,"Middle",1984,"GES","203",23.3,541,0.25,45,28.2,48,0.8683,0,33,0,0,16,0,1,18,0,0,1,27,1
"366",2014,8,"Middle",1985,"GES","206",23.3,541,0.25,45,28.2,45,0.7225,0,47,0,0,17,3,25,3,0,0,3,15,7
"367",2014,8,"Middle",1986,"GES","207",23.3,541,0.25,45,28.2,49,0.9793,0,141,0,0,21,7,19,9,0,2,5,15,7
"368",2014,8,"Middle",1987,"GES","219",23.3,541,0.25,45,28.2,47,0.9737,0,157,0,0,65,3,3,18,0,1,6,13,9
"369",2014,8,"Middle",1988,"GES","222",23.3,541,0.25,45,28.2,56,1.2316,0,25,0,0,10,3,2,2,0,1,2,8,0
"370",2014,8,"Middle",1989,"GES","226",23.3,541,0.25,45,28.2,48,0.8233,0,6,0,0,1,0,0,0,0,0,0,1,0
"371",2014,8,"Middle",1990,"GES","228",23.3,541,0.25,45,28.2,51,1.0045,0,7,0,0,14,4,4,17,0,3,7,30,10
"372",2014,8,"Middle",1991,"GES","229",23.3,541,0.25,0.45,28.2,52,1.1469,0,0,0,0,0,0,0,0,0,0,0,0,0
"373",2014,8,"Middle",1992,"GES","230",23.3,541,0.25,45,28.2,44,0.5018,0,73,0,0,9,6,0,2,0,1,3,6,1
"374",2014,8,"Middle",1993,"GES","233",23.3,541,0.25,45,28.2,46,0.698,0,0,0,0,0,0,0,0,0,0,0,1,0
"375",2014,8,"Middle",1994,"GES","237",23.3,541,0.25,45,28.2,44,0.655,0,118,0,0,43,6,6,8,4,1,0,1,13
"376",2014,8,"Middle",1995,"GES","238",23.3,541,0.25,45,28.2,52,1.0637,0,12,0,0,2,0,0,0,0,0,0,0,0
"377",2014,8,"Middle",1996,"GES","239",23.3,541,0.25,45,28.2,47,0.8347,0,1,0,0,0,0,0,0,0,0,3,2,0
"378",2014,8,"Middle",1997,"GES","242",23.3,541,0.25,45,28.2,43,0.6283,0,4,0,0,0,0,0,0,0,0,3,0,0
"379",2014,9,"Lower",1773,"FMWT","7006",22.1,400,0.18,50,17.2,83,3.7429,0,0,0,0,0,0,0,0,0,0,1,0,0
"380",2014,9,"Middle",2062,"GES","317",22.2,742,0.34,40,30,56,1.2347,0,42,0,0,3,1,1,2,1,0,3,2,3
"381",2014,12,"Lower",1817,"SKT","7082",11.7,182,0.08,10,150,61,1.5385,0,0,97,0,0,32,1,309,45,0,0,0,0
"382",2014,12,"Lower",1818,"SKT","7083",12.7,297,0.13,28,50,59,1.3726,0,0,0,0,0,1,2,10,7,0,15,0,36
"383",2014,12,"Lower",1819,"SKT","7084",12.7,297,0.13,28,50,57,1.1515,0,0,0,0,0,1,5,20,6,25,16,2,2
"384",2014,12,"Middle",1779,"FMWT","7037",13.2,553,0.25,29,97.8,61,1.616,0,0,0,0,2,4,0,0,3,7,4,0,9
"385",2014,12,"Middle",1907,"GES","338",13.7,492,0.22,30,55.3,61,1.3061,0,0,0,0,1,9,0,1,4,2,5,0,16
"386",2014,12,"Middle",1908,"GES","339",13.8,491,0.22,26,55.8,56,1.1927,0,0,0,0,0,2,0,0,0,0,1,0,7
"387",2015,1,"Lower",1830,"SKT","7095",9.4,401,0.18,28,43,61,1.5886,0,0,12,0,0,6,1,25,16,1,0,0,0
"388",2015,1,"Lower",1831,"SKT","7096",9.4,401,0.18,28,43,59,1.4234,0,0,20,0,0,6,3,22,64,0,0,0,0
"389",2015,1,"Lower",1832,"SKT","7097",9.4,401,0.18,28,43,59,1.4643,0,0,9,1,0,3,3,18,29,0,0,0,0
"390",2015,1,"Lower",1833,"SKT","7098",9.4,401,0.18,28,43,63,1.7113,0,0,10,1,0,5,1,19,22,0,0,0,0
"391",2015,2,"Lower",1861,"SKT","7139",13.1,231,0.1,8,360,68,2.2183,0,0,1,0,0,0,0,2,2,0,0,0,0
"392",2015,2,"Lower",1863,"SKT","7141",13.5,454,0.2,46,17,61,1.6042,0,0,0,2,0,6,2,1,6,14,4,0,0
"393",2015,3,"Lower",1802,"SKT","7162",15.3,451,0.2,49,16,71,2.0025,0,1,0,3,1,17,13,18,44,32,1,0,0
"394",2015,3,"Lower",1882,"SKT","7163",15.3,451,0.2,49,16,66,1.8604,0,2,2,6,4,8,11,16,32,51,13,0,5
"395",2015,4,"Lower",1884,"SKT","7165",15.9,428,0.19,52,18,65,2.0325,0,0,0,0,0,0,0,0,0,0,0,0,0
"396",2015,5,"Lower",1885,"SKT","7166",18.5,363,0.16,41,20,77,3.5538,0,0,0,0,0,5,3,0,1,1,210,39,72
"397",2015,5,"Lower",1886,"SKT","7167",18.5,363,0.16,41,20,71,3.1416,0,0,0,0,0,5,21,0,0,0,196,36,0
"398",2015,5,"Lower",1887,"SKT","7168",18.5,363,0.16,41,20,73,2.9888,0,0,0,2,0,4,5,0,1,1,562,60,28
"399",2015,5,"Lower",1888,"SKT","7169",18.5,363,0.16,41,20,75,3.6197,0,0,0,0,0,0,0,0,2,0,125,18,22
"400",2015,6,"Lower",2064,"STN","7170",22.3,434,0.19,78,9.899999619,29,0.1516,0,0,0,1,1,0,0,0,0,0,20,0,0
"401",2015,6,"Lower",2065,"STN","7171",22.6,185,0.08,44,34.20000076,32,0.1935,0,0,0,0,0,1,4,0,0,0,22,4,6
"402",2015,6,"Lower",2066,"STN","7172",22.6,185,0.08,44,34.20000076,34,0.2852,0,1,0,0,0,0,0,0,0,0,0,0,0
"403",2015,6,"Lower",2067,"STN","7173",22.6,185,0.08,44,34.20000076,29,0.1607,0,0,0,0,0,0,1,1,0,0,0,0,0
"404",2015,7,"Lower",2068,"STN","7174",24,482,0.22,33,NA,43,NA,0,3,0,0,3,11,3,16,2,0,43,17,18
"405",2015,7,"Lower",2069,"STN","7175",24,482,0.22,33,NA,47,0.7784,0,1,0,0,0,0,1,1,4,0,20,11,1
"406",2015,7,"Lower",2070,"STN","7176",24,482,0.22,33,NA,52,1.0085,0,2,0,0,2,0,0,1,2,0,54,17,0
"407",2015,7,"Lower",2071,"STN","7177",24,482,0.22,33,NA,53,1.1596,0,7,0,0,1,0,0,0,0,0,1,0,0
"408",2015,7,"Lower",2072,"STN","7178",24,482,0.22,33,NA,47,0.6716,0,0,0,0,0,0,1,0,5,0,23,1,1
"409",2015,7,"Lower",2073,"STN","7179",24,482,0.22,33,NA,44,0.6308,0,1,0,0,0,3,1,2,2,1,39,7,0
"410",2015,7,"Lower",2074,"STN","7180",24,482,0.22,33,NA,54,1.2216,0,11,0,0,9,6,1,1,12,1,57,14,7
"411",2015,7,"Lower",2075,"STN","7181",24,482,0.22,33,NA,55,1.3855,0,4,0,0,1,0,0,2,7,0,53,5,7
"412",2015,7,"Lower",2076,"STN","7182",24,482,0.22,33,NA,44,0.6898,0,30,0,0,4,29,12,0,4,0,70,22,2
"413",2015,7,"Lower",2077,"STN","7183",24,482,0.22,33,NA,38,0.3586,0,0,0,0,0,1,2,0,1,0,10,10,0
"414",2015,8,"Middle",2078,"STN","7255",22.6,662,0.3,25,35.09999847,47,0.6773,0,8,0,0,69,11,6,38,6,0,4,14,6
"415",2015,10,"Middle",2217,"FMWT","7260",20.1,502,0.23,35,40.5,49,0.7891,0,2,0,0,5,7,20,0,0,0,49,15,2
"416",2016,1,"Lower",2170,"SKT","7271",9.3,195,0.08,36,40,68,2.2912,0,0,34,21,0,143,2,20,23,0,0,0,0
"417",2016,2,"Lower",2173,"SKT","7274",10.9,271,0.12,58,23,67,2.1038,0,0,23,1,0,6,1,4,8,1,0,0,0
"418",2016,2,"Lower",2174,"SKT","7275",11.4,474,0.21,29,43,70,2.9061,0,0,2,1,0,6,2,0,11,0,9,0,5
"419",2016,3,"Lower",2177,"SKT","7278",14.8,483,0.22,30,53,69,2.436,0,4,0,18,0,2,0,1,3,6,12,3,1
"420",2016,3,"Lower",2178,"SKT","7279",14.8,483,0.22,30,53,63,1.4657,0,0,2,40,0,11,9,5,4,1,26,13,13
"421",2016,3,"Lower",2179,"SKT","7280",14.8,483,0.22,30,53,60,1.5542,0,0,0,121,0,50,195,38,57,0,28,0,7
"422",2016,3,"Lower",2180,"SKT","7281",14.8,483,0.22,30,53,73,2.543,0,0,0,73,0,5,77,15,12,7,25,13,94
"423",2016,3,"Lower",2181,"SKT","7282",14.8,483,0.22,30,53,55,1.3114,0,1,2,52,0,2,87,7,15,2,9,6,14
"424",2016,3,"Lower",2182,"SKT","7283",14.8,483,0.22,30,53,60,1.656,0,1,0,52,0,12,55,2,11,14,69,63,44
"425",2016,4,"Lower",2184,"SKT","7285",16.9,616,0.28,37,NA,74,2.9634,0,0,10,10,2,48,1,12,30,0,5,0,119
"426",2016,4,"Lower",2185,"SKT","7286",16.9,616,0.28,37,NA,69,2.3711,0,1,1,3,0,10,2,6,16,0,2,0,117
"427",2016,4,"Lower",2186,"SKT","7287",16.9,616,0.28,37,NA,65,2.0337,0,1,6,0,0,6,2,2,15,0,4,0,185
"428",2016,4,"Lower",2187,"SKT","7288",16.9,616,0.28,37,NA,70,2.6997,0,1,1,5,0,18,3,11,26,1,1,0,173
"429",2016,4,"Lower",2188,"SKT","7289",16.9,616,0.28,37,NA,67,2.2569,0,0,2,0,0,4,1,7,10,0,3,0,390
"430",2016,4,"Lower",2189,"SKT","7290",16.9,616,0.28,37,NA,68,1.8596,0,1,5,6,0,17,0,3,18,0,2,0,105
"431",2016,4,"Lower",2190,"SKT","7291",16.9,616,0.28,37,NA,72,3.0267,0,0,5,2,0,7,1,5,6,0,0,0,147
"432",2016,4,"Lower",2191,"SKT","7292",16.9,616,0.28,37,NA,70,2.1748,0,0,6,4,0,26,5,4,40,0,13,0,629
"433",2016,4,"Lower",2192,"SKT","7293",16.9,616,0.28,37,NA,70,2.3577,0,2,4,2,0,10,0,5,16,0,2,0,119
"434",2016,4,"Lower",2193,"SKT","7294",16.9,616,0.28,37,NA,71,3.0697,0,0,4,8,1,8,1,7,9,0,2,0,198
"435",2016,4,"Lower",2202,"SKT","7295",16.9,616,0.28,37,NA,78,3.2368,0,0,4,5,4,9,3,8,21,0,3,1,187
"436",2016,4,"Lower",2203,"SKT","7296",16.9,616,0.28,37,NA,69,2.4812,0,0,0,0,2,9,8,2,5,0,0,0,307
"437",2016,4,"Lower",2204,"SKT","7297",16.9,616,0.28,37,NA,69,2.6515,0,0,6,9,1,26,1,9,45,1,3,0,235
"438",2017,1,"Lower",2132,"SKT","A2",9.7,222,0.09,37,34,50,1.1777,0,0,142,0,0,17,5,67,33,0,4,0,8
"439",2017,1,"Lower",2133,"SKT","A3",9.7,222,0.09,37,34,63,1.8809,0,0,52,0,0,10,2,39,15,0,3,0,0
"440",2017,1,"Lower",2134,"SKT","A4",9.7,222,0.09,37,34,67,1.8208,0,0,28,0,0,4,1,17,21,0,2,0,9
"441",2017,1,"Lower",2135,"SKT","A5",9.7,222,0.09,37,34,68,2.1892,0,0,89,0,0,13,16,113,79,0,3,0,0
"442",2017,1,"Lower",2136,"SKT","A6",9.7,222,0.09,37,34,69,2.3166,0,0,160,0,0,7,7,56,34,0,6,0,5
"443",2017,1,"Lower",2137,"SKT","A7",9.7,222,0.09,37,34,70,2.5576,0,0,85,1,0,8,5,50,21,0,4,0,0
"444",2017,2,"Lower",2146,"SKT","A21",12.1,513,0.23,41,73,66,2.0763,0,0,24,0,0,11,0,6,6,0,1,0,0
"445",2017,2,"Lower",2147,"SKT","A22",12.1,513,0.23,41,73,69,2.4799,0,0,51,2,0,27,0,29,13,1,4,0,5
"446",2017,2,"Lower",2148,"SKT","A23",12.1,513,0.23,41,73,68,2.2259,0,0,91,0,0,17,0,24,17,0,10,0,1
"447",2017,3,"Lower",2155,"SKT","A30",10.7,236,0.1,22,63,77,4.2105,0,0,15,0,0,1,0,1,0,0,0,0,0
"448",2017,3,"Lower",2156,"SKT","A31",10.7,236,0.1,22,63,70,2.7893,0,0,3,0,0,0,0,0,1,0,0,0,0
"449",2017,3,"Lower",2157,"SKT","A32",10.7,236,0.1,22,63,74,3.0681,0,0,33,0,0,2,0,4,5,0,0,0,0
"450",2017,3,"Lower",2158,"SKT","A33",10.7,236,0.1,22,63,58,1.3354,0,0,33,0,0,0,0,1,0,0,0,0,0
"451",2017,3,"Lower",2159,"SKT","A34",12.8,799,0.37,51,19,67,2.1814,0,5,9,23,1,16,4,16,4,1,0,0,0
"452",2017,4,"Lower",2161,"SKT","A36",17,710,0.33,48,22,80,4.3314,0,0,0,0,1,1,0,1,10,0,0,0,2
"453",2017,4,"Lower",2162,"SKT","A37",17,710,0.33,48,22,74,2.8173,0,1,34,1,1,14,2,15,7,0,0,0,226
"454",2017,4,"Lower",2163,"SKT","A38",17,710,0.33,48,22,74,3.2853,0,0,79,0,7,19,5,67,17,0,0,0,108
"455",2017,4,"Lower",2164,"SKT","A39",17,710,0.33,48,22,70,3.1433,0,0,40,0,0,6,0,28,9,0,0,1,217
"456",2017,8,"Lower",1,"EDSM","1",NA,246,0.1,50,21.2,42,0.38,0,6,0,0,2,4,0,0,4,0,8,6,0
"457",2017,8,"Middle",2,"EDSM","2",NA,418.79,0.18,28,39.7,52,0.75,0,1,0,0,2,1,2,6,4,0,5,2,8
"458",2017,8,"Middle",4,"EDSM","4",NA,1420,0.69,30,56.29,47,0.5,0,0,0,0,0,0,0,0,1,0,0,0,0
"459",2018,3,"Lower",2322,"SKT","A57",12.6,283,0.12,38,24,65,1.8585,0,0,0,4,0,5,6,7,17,3,1,0,0
"460",2018,6,"Middle",2300,"STN","7617",24.3,681,0.31,46,20.7,40,0.3806,0,0,0,0,0,0,0,0,0,0,14,3,1
"461",2018,7,"Lower",106,"EDSM","73",NA,266,0.11,49,28.29,50,1.08,0,2,0,0,0,0,0,0,2,0,28,22,18
"462",2018,7,"Lower",107,"EDSM","74",NA,266,0.11,49,28.29,45,0.81,0,0,0,0,0,0,0,0,3,0,18,5,21
"463",2018,7,"Lower",108,"EDSM","75",NA,266,0.11,49,28.29,44,0.74,0,0,0,0,0,0,0,0,0,0,1,2,0
"464",2018,7,"Lower",109,"EDSM","76",NA,275.29,0.11,44.99,29.2,47,0.83,0,0,0,0,5,0,7,0,0,0,14,8,13
"465",2018,7,"Middle",97,"EDSM","64",NA,507,0.22,34,38.29,44,0.47,0,0,0,0,0,0,0,0,0,0,1,1,1
"466",2018,7,"Middle",98,"EDSM","65",NA,507,0.22,34,38.29,35,0.35,0,0,0,0,0,0,0,1,1,0,5,1,5
"467",2018,7,"Middle",99,"EDSM","66",NA,515,0.23,31.99,40.2,42,0.42,0,0,0,0,1,0,0,0,0,1,2,0,1
"468",2018,7,"Middle",100,"EDSM","67",NA,515,0.23,31.99,40.2,43,0.49,0,0,0,0,0,0,0,0,1,0,7,0,10
"469",2018,7,"Middle",101,"EDSM","68",NA,690,0.31,31,39.2,44,0.47,0,0,0,0,0,2,0,0,1,0,0,1,5
"470",2018,7,"Middle",102,"EDSM","69",NA,683,0.31,23.99,44.29,46,0.71,0,1,0,0,1,0,0,0,0,0,0,0,0
"471",2018,7,"Middle",103,"EDSM","70",NA,539,0.24,31,48.29,48,0.84,0,4,0,0,0,0,17,6,3,0,8,30,62
"472",2018,7,"Middle",104,"EDSM","71",NA,713,0.33,38.99,34,48,0.87,0,0,0,0,49,0,0,0,0,0,0,1,0
"473",2018,7,"Middle",105,"EDSM","72",NA,708,0.32,36,33.09,48,0.7,0,0,0,0,0,0,0,0,0,0,1,0,0
"474",2018,7,"Middle",133,"EDSM","150",NA,681,0.31,36,36.59,49,1.13,0,0,0,0,1,0,0,0,1,0,0,0,1
"475",2018,8,"Lower",122,"EDSM","89",NA,406.7,0.18,40,34.29,43,0.51,0,30,0,0,27,0,2,0,1,0,1,34,0
"476",2018,8,"Lower",123,"EDSM","90",NA,394.79,0.17,37.99,31.79,47,0.67,0,33,0,0,21,0,1,3,2,1,1,28,5
"477",2018,8,"Lower",124,"EDSM","91",NA,325.1,0.14,31,30.6,50,0.84,0,498,0,0,32,24,166,4,4,6,20,406,6
"478",2018,8,"Lower",125,"EDSM","92",NA,321,0.14,40,29.39,48,0.9,0,123,0,0,25,42,30,26,0,0,29,238,17
"479",2018,8,"Lower",126,"EDSM","93",NA,321,0.14,40,29.39,50,0.92,0,360,0,0,38,134,0,2,2,2,26,138,0
"480",2018,8,"Lower",127,"EDSM","94",NA,321,0.14,40,29.39,47,0.79,0,78,0,0,2,34,0,1,0,1,49,99,0
"481",2018,8,"Lower",128,"EDSM","95",NA,321,0.14,40,29.39,44,0.51,0,156,0,0,58,9,12,61,1,2,4,44,21
"482",2018,8,"Lower",129,"EDSM","96",NA,321,0.14,40,29.39,47,0.78,0,5,0,0,4,23,11,92,1,0,28,46,47
"483",2018,8,"Lower",130,"EDSM","97",NA,321,0.14,40,29.39,48,0.7,0,512,0,0,23,61,25,8,0,2,9,19,1
"484",2018,8,"Middle",110,"EDSM","77",NA,755,0.35,43,28.79,47,0.82,0,2,0,0,922,2,4,11,11,0,1,1,20
"485",2018,8,"Middle",111,"EDSM","78",NA,755,0.35,43,28.79,52,0.96,0,0,0,0,5,0,0,0,0,0,0,0,0
"486",2018,8,"Middle",114,"EDSM","81",NA,567,0.25,38.99,31.79,46,0.75,0,3,0,0,5,1,0,2,1,0,11,1,6
"487",2018,8,"Middle",115,"EDSM","82",NA,567,0.25,38.99,31.79,45,0.63,0,1,0,0,1,0,0,0,0,0,8,3,0
"488",2018,8,"Middle",116,"EDSM","83",NA,329.89,0.14,64.99,19.1,48,0.73,0,1,0,0,3,0,0,0,0,0,3,5,0
"489",2018,8,"Middle",117,"EDSM","84",NA,329.89,0.14,64.99,19.1,40,0.46,0,16,0,0,58,0,22,2,3,0,6,18,0
"490",2018,8,"Middle",118,"EDSM","85",NA,329.89,0.14,64.99,19.1,48,0.68,0,0,0,0,9,0,5,4,0,0,40,82,0
"491",2018,8,"Middle",119,"EDSM","86",NA,329.89,0.14,64.99,19.1,47,0.74,0,2,0,0,3,0,0,0,0,0,7,31,0
"492",2018,8,"Middle",120,"EDSM","87",NA,329.89,0.14,64.99,19.1,44,0.52,0,4,0,0,11,0,2,1,3,0,15,30,1
"493",2018,8,"Middle",121,"EDSM","88",NA,580,0.26,21.99,49.9,44,0.63,0,7,0,0,16,0,1,3,1,0,0,6,0
"494",2018,8,"Top",112,"EDSM","79",NA,828,0.38,50,23.79,47,0.57,0,7,0,0,76,0,8,7,3,0,1,8,3
"495",2018,8,"Top",113,"EDSM","80",NA,836,0.39,51.99,20.6,50,0.79,0,15,0,0,2,0,2,0,0,1,0,8,0
"496",2018,9,"Lower",131,"EDSM","98",NA,395.79,0.17,36,29.6,55,0.93,0,68,0,0,25,6,24,2,0,3,8,16,15
"497",2018,9,"Lower",132,"EDSM","99",NA,395.79,0.17,36,29.6,52,0.91,0,5,0,0,15,12,18,15,0,0,5,15,44
"498",2018,9,"Lower",151,"EDSM","100",NA,395.79,0.17,36,29.6,50,0.88,0,15,0,0,16,12,5,10,0,0,34,21,12
"499",2018,9,"Lower",152,"EDSM","101",NA,395.79,0.17,36,29.6,55,0.91,0,33,0,0,18,6,0,1,0,0,14,13,22
"500",2018,9,"Lower",153,"EDSM","102",NA,395.79,0.17,36,29.6,55,1.25,0,1,0,0,5,17,1,7,9,0,60,40,19
"501",2018,9,"Lower",154,"EDSM","103",NA,406.2,0.18,33,32.09,43,0.54,0,36,0,0,57,7,1,5,3,0,41,43,13
"502",2018,9,"Lower",155,"EDSM","104",NA,406.2,0.18,33,32.09,54,0.84,0,16,0,0,14,24,4,9,1,0,38,41,20
"503",2018,9,"Lower",156,"EDSM","105",NA,406.2,0.18,33,32.09,47,0.66,1,1,0,0,31,19,2,11,7,0,21,9,49
"504",2018,9,"Lower",157,"EDSM","106",NA,406.2,0.18,33,32.09,52,0.94,0,18,0,0,15,5,1,2,4,0,25,12,14
"505",2018,9,"Lower",158,"EDSM","107",NA,406.2,0.18,33,32.09,53,1.02,0,2,0,0,2,27,4,6,2,0,25,13,32
"506",2018,9,"Lower",159,"EDSM","108",NA,406.2,0.18,33,32.09,47,0.72,0,8,0,0,26,32,4,10,0,0,25,22,45
"507",2018,9,"Lower",160,"EDSM","109",NA,406.2,0.18,33,32.09,50,0.82,0,29,0,0,24,14,4,2,0,0,8,16,39
"508",2018,9,"Lower",161,"EDSM","110",NA,406.2,0.18,33,32.09,47,0.75,0,42,0,0,14,11,5,3,1,0,22,10,14
"509",2018,9,"Lower",162,"EDSM","111",NA,406.2,0.18,33,32.09,49,0.76,0,20,0,0,8,4,1,5,2,1,16,4,31
"510",2018,9,"Lower",163,"EDSM","112",NA,406.2,0.18,33,32.09,52,0.86,0,2,0,0,1,21,0,6,0,0,20,16,13
"511",2018,9,"Lower",168,"EDSM","122",NA,417.5,0.18,44.99,18.79,48,0.65,0,0,0,0,1,3,0,0,0,0,5,5,0
"512",2018,9,"Lower",169,"EDSM","123",NA,417.5,0.18,44.99,18.79,51,0.91,0,0,0,0,1,2,0,0,0,0,9,4,3
"513",2018,9,"Lower",240,"EDSM","113",NA,406.2,0.18,33,32.09,48,0.74,0,1,0,0,7,3,11,14,1,0,22,8,60
"514",2018,9,"Lower",241,"EDSM","114",NA,406.2,0.18,33,32.09,45,0.61,0,1,0,0,13,1,5,4,0,0,16,18,11
"515",2018,9,"Lower",242,"EDSM","115",NA,406.2,0.18,33,32.09,40,0.37,0,18,0,0,326,24,1,1,3,0,12,1,21
"516",2018,9,"Lower",243,"EDSM","116",NA,406.2,0.18,33,32.09,51,0.44,0,10,0,0,10,3,1,6,2,1,8,5,20
"517",2018,9,"Middle",164,"EDSM","118",NA,351.39,0.15,55,23.29,47,0.67,0,2,0,0,20,9,9,2,4,0,11,12,15
"518",2018,9,"Middle",165,"EDSM","119",NA,351.39,0.15,55,23.29,54,0.87,0,1,0,0,5,15,0,3,4,0,14,7,4
"519",2018,9,"Middle",166,"EDSM","120",NA,351.39,0.15,55,23.29,51,0.83,0,3,0,0,1,2,0,2,2,0,8,11,9
"520",2018,9,"Middle",167,"EDSM","121",NA,351.39,0.15,55,23.29,42,0.56,0,0,0,0,2,3,0,0,2,0,9,4,6
"521",2018,9,"Middle",170,"EDSM","124",NA,388.29,0.17,31.99,40.5,50,1.04,0,16,0,0,9,4,5,4,1,1,11,15,16
"522",2018,9,"Middle",171,"EDSM","125",NA,388.29,0.17,31.99,40.5,48,0.89,0,17,0,0,32,16,2,17,3,1,23,19,19
"523",2018,9,"Middle",172,"EDSM","126",NA,388.29,0.17,31.99,40.5,45,0.75,0,12,0,0,22,21,0,5,0,1,33,24,9
"524",2018,9,"Middle",173,"EDSM","127",NA,388.29,0.17,31.99,40.5,42,0.56,0,32,0,0,44,3,0,1,0,3,1,2,1
"525",2018,9,"Middle",174,"EDSM","128",NA,388.29,0.17,31.99,40.5,49,0.89,0,23,0,0,18,18,2,5,3,3,31,16,15
"526",2018,9,"Middle",175,"EDSM","129",NA,431.29,0.19,38.99,33.4,51,1.03,0,22,0,0,58,35,0,5,0,5,9,4,2
"527",2018,9,"Middle",176,"EDSM","130",NA,431.29,0.19,38.99,33.4,56,1.45,0,15,0,0,6,1,0,5,0,2,6,43,8
"528",2018,9,"Middle",177,"EDSM","131",NA,431.29,0.19,38.99,33.4,48,0.93,0,22,0,0,29,20,0,3,0,1,12,14,3
"529",2018,9,"Middle",178,"EDSM","132",NA,431.29,0.19,38.99,33.4,44,0.61,0,1,0,0,21,20,0,10,3,0,15,40,14
"530",2018,9,"Middle",179,"EDSM","133",NA,431.29,0.19,38.99,33.4,44,0.5,0,13,0,0,52,22,0,3,0,0,8,18,5
"531",2018,9,"Middle",180,"EDSM","134",NA,431.29,0.19,38.99,33.4,51,0.84,0,3,0,0,1,0,0,0,0,0,0,7,2
"532",2018,9,"Middle",181,"EDSM","135",NA,431.29,0.19,38.99,33.4,49,0.98,0,7,0,0,17,1,7,24,0,1,27,50,22
"533",2018,10,"Middle",183,"EDSM","137",NA,509,0.23,37.99,21.89,49,0.86,0,5,0,0,8,30,1,1,0,0,3,39,0
"534",2018,10,"Middle",184,"EDSM","138",NA,509,0.23,37.99,21.89,52,0.92,0,0,0,0,0,0,0,1,0,0,0,0,0
"535",2018,10,"Middle",185,"EDSM","139",NA,509,0.23,37.99,21.89,52,1.1,0,4,0,0,7,1,1,0,0,0,0,15,0
"536",2018,10,"Middle",186,"EDSM","140",NA,560,0.25,18.99,65.19,53,0.87,0,0,0,0,0,0,0,0,1,0,1,0,0
"537",2018,10,"Middle",187,"EDSM","141",NA,531,0.24,18.99,78.19,55,1,0,0,0,0,3,0,1,0,3,4,11,0,3
"538",2018,10,"Middle",188,"EDSM","142",NA,543,0.24,18.99,71,55,1.11,0,0,0,0,0,0,0,1,1,0,0,1,0
"539",2018,10,"Middle",189,"EDSM","143",NA,538,0.24,37,36.2,53,1.09,0,4,0,0,15,1,5,11,6,0,4,3,9
"540",2018,10,"Middle",190,"EDSM","144",NA,347.89,0.15,34,42.4,54,0.98,0,60,0,0,78,18,0,3,6,2,4,4,6
"541",2018,10,"Middle",191,"EDSM","145",NA,347.89,0.15,34,42.4,55,1.17,0,0,0,0,2,6,1,1,1,0,2,0,33
"542",2018,10,"Middle",192,"EDSM","146",NA,347.89,0.15,34,42.4,51,0.88,0,43,0,1,26,0,1,0,2,0,21,5,0
"543",2018,10,"Middle",193,"EDSM","147",NA,347.89,0.15,34,42.4,57,1.17,0,50,0,0,52,1,6,0,2,0,6,3,27
"544",2018,10,"Middle",194,"EDSM","148",NA,347.89,0.15,34,42.4,48,0.78,0,5,0,0,2,6,0,0,1,0,18,12,13
"545",2018,10,"Middle",195,"EDSM","149",NA,347.89,0.15,34,42.4,51,0.8,0,4,0,0,17,14,6,3,1,1,2,1,21
"546",2018,10,"Middle",207,"EDSM","397",NA,347.89,0.15,34,42.4,53,1.05,0,38,0,0,35,0,4,9,1,3,1,0,16
"547",2018,10,"Middle",208,"EDSM","398",NA,337.7,0.14,28.99,49.2,56,1.27,0,33,0,0,89,0,4,2,3,1,17,3,14
"548",2018,10,"Middle",209,"EDSM","399",NA,337.7,0.14,28.99,49.2,48,0.82,0,10,0,0,18,8,9,2,1,2,23,8,9
"549",2018,10,"Middle",210,"EDSM","400",NA,337.7,0.14,28.99,49.2,52,0.85,0,18,0,0,18,6,0,1,3,0,13,1,3
"550",2018,10,"Middle",211,"EDSM","401",NA,337.7,0.14,28.99,49.2,53,0.91,0,52,0,0,177,5,1,0,5,1,12,0,1
"551",2018,10,"Middle",212,"EDSM","402",NA,337.7,0.14,28.99,49.2,52,0.78,0,57,0,0,96,0,0,3,0,2,0,3,0
"552",2018,10,"Middle",213,"EDSM","403",NA,337.7,0.14,28.99,49.2,48,0.76,1,17,0,0,8,7,3,0,1,6,3,2,17
"553",2018,10,"Middle",214,"EDSM","404",NA,337.7,0.14,28.99,49.2,56,0.99,0,3,0,0,6,5,1,0,5,1,14,1,3
"554",2018,10,"Middle",215,"EDSM","405",NA,337.7,0.14,28.99,49.2,55,1.17,0,22,0,1,59,3,0,1,3,4,8,1,7
"555",2018,10,"Middle",216,"EDSM","406",NA,337.7,0.14,28.99,49.2,52,1.12,0,39,0,0,47,1,1,1,5,2,7,8,11
"556",2018,10,"Middle",217,"EDSM","407",NA,678,0.31,40,32.4,55,1.25,0,2,0,0,2,6,0,1,5,0,9,21,6
"557",2018,10,"Top",218,"EDSM","408",NA,739,0.34,50.99,20.7,53,0.92,0,2,0,0,2,2,1,0,1,0,0,0,0
"558",2018,11,"Middle",219,"EDSM","409",NA,580,0.26,34,20.7,55,0.94,0,1,0,0,50,0,0,0,0,0,1,0,0
"559",2018,11,"Middle",220,"EDSM","410",NA,580,0.26,34,20.7,48,0.73,0,0,0,0,127,0,0,0,0,0,0,0,0
"560",2018,11,"Middle",221,"EDSM","411",NA,580,0.26,34,20.7,54,1.08,0,0,0,0,0,0,0,0,0,0,0,2,0
"561",2018,11,"Middle",222,"EDSM","412",NA,580,0.26,34,20.7,55,0.94,0,0,0,0,4,0,0,0,0,0,2,0,0
"562",2018,11,"Middle",223,"EDSM","413",NA,494,0.22,36,26.7,55,0.99,0,2,0,0,35,12,0,0,13,1,6,6,5
"563",2018,11,"Middle",224,"EDSM","414",NA,519,0.23,37,31.39,47,0.86,0,7,0,0,52,1,2,0,11,0,1,8,1
"564",2018,11,"Middle",225,"EDSM","416",NA,488,0.21,34.99,40.2,54,1.12,0,1,0,0,2,4,0,2,2,10,0,11,0
"565",2019,4,"Middle",360,"ELS","L0493",NA,786,0.36,28,17.4,16.5,0.01,0,0,0,0,0,1,1,0,0,0,1,0,2
"566",2019,4,"Middle",363,"ELS","L0510",NA,884,0.41,30,128,14.8,0.0089,0,0,0,0,0,0,0,0,0,0,0,0,0
"567",2019,4,"Middle",365,"ELS","L0443",NA,830,0.38,24,53.7,16,0.01,0,0,0,0,5,0,0,0,0,0,0,0,0
"568",2019,4,"Middle",366,"ELS","L0053",NA,880,0.41,25,288,15,0.01,0,0,0,0,0,0,0,0,0,0,0,0,1
"569",2019,4,"Middle",367,"ELS","L0055",NA,880,0.41,25,288,17,0.01,0,0,0,1,0,0,2,0,0,0,0,0,1
"570",2019,4,"Middle",372,"ELS","L0268",NA,890,0.41,28,212,19,0.02,0,0,0,0,0,0,0,0,0,0,0,0,2
"571",2019,4,"Middle",373,"ELS","L0287",NA,736,0.34,NA,129,21,0.06,0,0,0,1,0,5,0,0,0,1,0,0,8
"572",2019,4,"Middle",374,"ELS","L0368",NA,880,0.41,25,288,19,0.03,0,0,0,1,0,0,2,0,0,0,0,0,0
"573",2019,4,"Middle",375,"ELS","L0374",NA,890,0.41,28,212,20,0.04,0,0,0,0,1,0,2,0,0,0,0,0,4
"574",2019,4,"Middle",377,"ELS","L0491",NA,766,0.35,30,161,14,0.0086,0,0,0,0,0,0,0,0,0,0,0,0,0
"575",2019,4,"Middle",413,"ELS","L0437",NA,890,0.41,28,212,18,0.02,0,0,0,0,0,0,0,0,0,0,0,0,4
"576",2019,4,"Middle",414,"ELS","L0490",NA,766,0.35,30,161,16,0.01,0,0,0,0,0,0,0,0,0,0,0,0,2
"577",2019,5,"Lower",357,"ELS","L0544",NA,849,0.39,NA,30.6,20.1,0.03,0,0,0,0,8,0,0,0,0,0,0,0,1
"578",2019,5,"Lower",370,"ELS","L0153",NA,517,0.23,45,31.5,12.5,0.0061,0,0,0,0,0,0,3,0,0,0,0,0,0
"579",2019,5,"Middle",358,"ELS","L1481",NA,789,0.36,26,55.7,16.5,0.01,0,0,0,0,1,0,0,0,0,0,0,2,0
"580",2019,5,"Middle",359,"ELS","L0230",NA,796,0.37,49,20.4,9.4,0.0012,0,1,0,0,1,0,0,0,0,0,0,0,0
"581",2019,5,"Middle",361,"ELS","L0207",NA,873,0.4,35,60.7,12.3,0.0038,0,0,0,0,0,0,0,0,0,0,0,0,1
"582",2019,5,"Middle",364,"ELS","L0061",NA,752,0.34,25,57.9,13.6,0.0054,0,0,0,0,0,0,0,0,0,0,0,2,0
"583",2019,5,"Middle",368,"ELS","L0091",NA,730,0.33,35,47.7,15,0.01,0,0,0,0,0,0,0,0,0,0,0,0,0
"584",2019,5,"Middle",369,"ELS","L0131",NA,789,0.36,26,55.7,11,0.003,0,0,0,0,0,0,1,0,0,0,0,0,0
"585",2019,5,"Middle",371,"ELS","L0231",NA,796,0.37,49,20.4,22,0.05,0,6,0,0,13,0,1,0,4,0,0,0,13
"586",2019,5,"Middle",378,"ELS","L0526",NA,734,0.34,39,48.7,25,0.1,0,0,0,0,0,0,0,0,1,0,0,0,0
"587",2019,5,"Middle",379,"ELS","L0530",NA,864,0.4,29,31.6,13,0.0084,0,0,0,0,0,0,1,0,0,0,0,0,1
"588",2019,5,"Middle",380,"ELS","L0537",NA,734,0.34,39,48.7,18,0.02,0,0,0,2,0,0,3,1,0,0,1,3,0
"589",2019,5,"Middle",382,"ELS","L0713",NA,786,0.36,29,46.9,13,0.0055,0,0,0,0,0,0,0,0,0,0,0,0,0
"590",2019,5,"Middle",383,"ELS","L0828",NA,730,0.33,35,47.7,13,0.0069,0,0,0,0,0,0,0,0,0,0,1,2,0
"591",2019,5,"Middle",384,"ELS","L0771",NA,773,0.35,32,56.5,32,0.24,0,0,0,0,0,3,7,0,0,0,0,0,36
"592",2019,5,"Middle",385,"ELS","L0860",NA,724,0.33,47,29.9,14,0.01,0,0,0,0,0,0,4,0,0,0,0,0,0
"593",2019,5,"Middle",386,"ELS","L0886",NA,864,0.4,29,31.6,27,0.12,0,0,0,0,0,0,0,0,0,0,1,0,5
"594",2019,5,"Middle",387,"ELS","L0982",NA,786,0.36,30,140,14,0.0081,0,0,0,0,0,1,0,0,0,0,0,2,1
"595",2019,5,"Middle",388,"ELS","L0991",NA,786,0.36,30,140,15,0.0089,0,0,0,0,0,0,0,0,0,0,0,0,0
"596",2019,5,"Middle",389,"ELS","L1018",NA,863,0.4,24,30,13,0.0086,0,0,0,0,0,0,1,0,0,0,0,0,0
"597",2019,5,"Middle",390,"ELS","L1032",NA,786,0.36,30,140,27,0.13,0,0,0,0,0,0,5,0,0,0,1,0,4
"598",2019,5,"Middle",391,"ELS","L1049",NA,863,0.4,24,30,24,0.1,0,0,0,0,4,2,0,0,1,0,0,1,0
"599",2019,5,"Middle",392,"ELS","L1067",NA,789,0.36,26,55.7,26,0.11,0,0,0,0,0,0,1,0,0,0,1,0,1
"600",2019,5,"Middle",393,"ELS","L1072",NA,789,0.36,26,55.7,21,0.04,0,0,0,0,1,1,3,0,1,0,1,0,2
"601",2019,5,"Middle",394,"ELS","L1102",NA,789,0.36,26,55.7,29,0.17,0,0,0,0,1,0,3,0,1,0,1,2,4
"602",2019,5,"Middle",395,"ELS","L1236",NA,730,0.33,35,47.7,26,0.12,0,0,0,0,2,0,3,0,0,0,1,2,2
"603",2019,5,"Middle",396,"ELS","L1361",NA,730,0.33,35,47.7,25,0.13,0,0,0,1,0,0,9,0,0,0,5,1,6
"604",2019,5,"Middle",397,"ELS","L1374",NA,854,0.4,37,40.3,31,0.21,0,0,0,0,0,0,1,0,0,0,0,0,21
"605",2019,5,"Middle",398,"ELS","L1378",NA,864,0.4,29,31.6,16,0.01,0,0,0,1,0,0,1,0,0,0,0,0,0
"606",2019,5,"Middle",399,"ELS","L1382",NA,856,0.4,36,42.6,26,0.08,0,0,0,2,1,0,10,0,0,0,0,3,6
"607",2019,5,"Middle",400,"ELS","L1386",NA,789,0.36,26,55.7,17,0.01,0,0,0,2,0,0,1,0,0,0,1,0,0
"608",2019,5,"Middle",402,"ELS","L1730",NA,751,0.34,NA,40,24,0.08,0,1,0,0,0,0,0,3,0,0,0,0,0
"609",2019,5,"Middle",416,"ELS","L2142",NA,789,0.36,26,55.7,21,0.05,0,0,0,0,2,2,6,0,1,0,1,2,8
"610",2019,6,"Lower",403,"ELS","L2256",NA,442.8,0.19,42,25.7,20,0.04,0,0,0,0,0,0,0,0,0,0,3,0,0
"611",2019,6,"Top",2469,"STN","7531",26,954,0.45,58,19.7,47,0.7689,0,1,0,0,2,0,0,4,7,0,0,0,9
"612",2019,7,"Lower",258,"EDSM","571",NA,210,0.08,70.99,57.9,46,0.61,0,2,0,0,1,72,0,0,2,1,52,27,0
"613",2019,7,"Lower",278,"EDSM","419",NA,566,0.25,56.99,36.5,50,0.86,0,0,0,0,0,0,0,0,3,0,2,1,0
"614",2019,7,"Lower",279,"EDSM","420",NA,566,0.25,56.99,36.5,49,0.72,0,0,0,0,0,0,0,0,0,0,0,0,0
"615",2019,7,"Lower",280,"EDSM","421",NA,566,0.25,56.99,36.5,49,0.52,0,0,0,0,0,0,0,0,0,0,0,0,0
"616",2019,7,"Lower",281,"EDSM","422",NA,576,0.26,49,37.7,48,0.88,0,0,0,0,0,0,0,0,0,0,0,0,0
"617",2019,7,"Lower",282,"EDSM","423",NA,576,0.26,49,37.7,48,0.7,0,0,0,0,0,0,0,0,0,0,1,1,0
"618",2019,7,"Lower",283,"EDSM","424",NA,576,0.26,49,37.7,47,0.76,0,0,0,0,0,0,0,0,0,0,0,0,0
"619",2019,7,"Lower",284,"EDSM","425",NA,576,0.26,49,37.7,42.5,0.53,0,0,0,0,0,0,0,0,0,0,0,0,0
"620",2019,7,"Lower",285,"EDSM","426",NA,576,0.26,49,37.7,44.5,0.55,0,0,0,0,0,0,0,0,0,0,0,0,0
"621",2019,7,"Lower",286,"EDSM","427",NA,576,0.26,49,37.7,47,0.65,0,0,0,0,1,0,0,0,0,0,1,0,0
"622",2019,7,"Lower",287,"EDSM","428",NA,576,0.26,49,37.7,49,0.86,0,0,0,0,0,0,0,0,0,0,0,0,0
"623",2019,7,"Lower",288,"EDSM","429",NA,576,0.26,49,37.7,50,0.96,0,0,0,0,0,0,0,0,0,0,0,0,0
"624",2019,7,"Lower",289,"EDSM","430",NA,576,0.26,49,37.7,54,1.2,0,0,0,0,0,0,0,0,0,0,1,0,0
"625",2019,7,"Lower",290,"EDSM","431",NA,576,0.26,49,37.7,46,0.52,0,0,0,0,0,0,0,0,0,0,0,0,0
"626",2019,7,"Lower",291,"EDSM","432",NA,576,0.26,49,37.7,42,0.54,0,0,0,0,0,0,0,0,1,0,1,0,5
"627",2019,7,"Lower",292,"EDSM","433",NA,576,0.26,49,37.7,43,0.48,0,0,0,0,0,0,0,0,0,0,1,0,4
"628",2019,7,"Lower",293,"EDSM","434",NA,576,0.26,49,37.7,46.5,0.73,0,0,0,0,0,0,0,0,0,0,0,0,0
"629",2019,7,"Lower",294,"EDSM","435",NA,576,0.26,49,37.7,47,0.73,0,0,0,0,0,0,0,0,0,0,0,0,0
"630",2019,7,"Lower",295,"EDSM","436",NA,576,0.26,49,37.7,46,0.71,0,0,0,0,0,0,0,0,0,0,3,0,0
"631",2019,7,"Lower",296,"EDSM","437",NA,576,0.26,49,37.7,37,0.36,0,0,0,0,0,0,0,0,0,0,0,0,0
"632",2019,7,"Lower",297,"EDSM","440",NA,576,0.26,49,37.7,41,0.44,0,0,0,0,0,0,0,0,0,0,0,0,0
"633",2019,7,"Lower",298,"EDSM","441",NA,576,0.26,49,37.7,44,0.45,0,0,0,0,0,0,0,0,0,0,2,0,3
"634",2019,7,"Lower",299,"EDSM","442",NA,576,0.26,49,37.7,44,0.68,0,0,0,0,0,0,0,0,0,0,0,0,0
"635",2019,7,"Lower",300,"EDSM","443",NA,576,0.26,49,37.7,51,1.12,0,0,0,0,0,0,0,0,0,0,0,0,0
"636",2019,7,"Lower",301,"EDSM","444",NA,576,0.26,49,37.7,42,0.59,0,0,0,0,0,0,0,0,0,0,1,0,0
"637",2019,7,"Lower",302,"EDSM","445",NA,576,0.26,49,37.7,42,0.47,0,0,0,0,0,0,0,0,0,0,0,0,0
"638",2019,7,"Lower",303,"EDSM","446",NA,576,0.26,49,37.7,40,0.48,0,0,0,0,0,0,0,0,0,0,0,0,0
"639",2019,7,"Lower",304,"EDSM","447",NA,576,0.26,49,37.7,45,0.68,0,0,0,0,0,0,0,0,0,0,0,0,0
"640",2019,7,"Lower",305,"EDSM","448",NA,464.5,0.2,56,38.2,53,1.08,0,1,0,0,0,0,0,3,2,0,14,10,40
"641",2019,7,"Lower",306,"EDSM","449",NA,464.5,0.2,56,38.2,43,0.62,0,1,0,0,0,0,1,2,1,0,3,1,35
"642",2019,7,"Lower",307,"EDSM","450",NA,464.5,0.2,56,38.2,42,0.62,0,0,0,0,0,3,0,2,0,0,1,2,11
"643",2019,7,"Lower",308,"EDSM","451",NA,464.5,0.2,56,38.2,46,0.71,0,0,0,0,1,0,0,5,0,0,15,8,60
"644",2019,7,"Lower",309,"EDSM","452",NA,464.5,0.2,56,38.2,46,0.8,0,0,0,0,0,0,0,1,1,0,8,1,67
"645",2019,7,"Lower",310,"EDSM","453",NA,507.39,0.22,51.99,40.2,48,0.9,0,0,0,0,2,1,1,2,0,0,10,5,86
"646",2019,7,"Lower",311,"EDSM","454",NA,507.39,0.22,51.99,40.2,41,0.53,0,1,0,0,1,0,0,0,0,0,1,0,4
"647",2019,7,"Lower",312,"EDSM","455",NA,507.39,0.22,51.99,40.2,44,0.68,0,0,0,0,0,2,1,2,2,0,2,7,45
"648",2019,7,"Lower",313,"EDSM","456",NA,507.39,0.22,51.99,40.2,43,0.67,0,0,0,0,1,0,1,0,0,0,3,0,70
"649",2019,7,"Lower",314,"EDSM","459",NA,507.39,0.22,51.99,40.2,53,1.14,0,0,0,0,2,2,2,3,3,0,43,15,74
"650",2019,7,"Lower",328,"EDSM","555",NA,238.8,0.1,81,23.6,46,0.69,0,0,0,0,0,0,0,0,4,0,192,1,0
"651",2019,7,"Lower",329,"EDSM","556",NA,238.8,0.1,81,23.6,41,0.52,0,0,0,0,0,3,0,1,0,0,61,0,0
"652",2019,7,"Lower",330,"EDSM","557",NA,238.8,0.1,81,23.6,50,0.84,0,1,0,0,1,0,0,1,2,0,17,1,27
"653",2019,7,"Lower",331,"EDSM","558",NA,238.8,0.1,81,23.6,49,0.97,0,0,0,1,0,0,0,4,5,0,173,2,1
"654",2019,7,"Lower",341,"EDSM","570",NA,NA,NA,NA,NA,51,0.87,0,0,0,0,2,2,1,0,0,1,29,3,0
"655",2019,7,"Middle",253,"EDSM","464",NA,787,0.36,49,18.2,45,0.49,1,0,0,0,0,0,0,0,0,0,2,0,0
"656",2019,7,"Middle",260,"EDSM","568",NA,706,0.32,47.99,23.79,40,0.33,0,8,0,0,739,39,11,23,18,0,3,2,33
"657",2019,7,"Middle",276,"EDSM","417",NA,835,0.39,68.99,28,38,0.38,0,0,0,0,1,0,0,0,0,0,0,0,6
"658",2019,7,"Middle",277,"EDSM","418",NA,849,0.39,67,26.39,39,0.39,0,0,0,0,1,0,0,1,0,0,0,1,1
"659",2019,7,"Middle",316,"EDSM","461",NA,544,0.24,34.99,33.4,52,0.83,0,1,0,0,1,0,1,0,1,0,2,11,1
"660",2019,7,"Middle",317,"EDSM","462",NA,507,0.22,36,34.59,44,0.7,0,4,0,0,3,0,0,0,0,1,0,3,2
"661",2019,7,"Middle",318,"EDSM","463",NA,507,0.22,36,34.59,45,0.61,0,1,0,0,1,10,0,0,0,0,11,7,8
"662",2019,7,"Middle",319,"EDSM","465",NA,787,0.36,49,18.2,41,0.48,0,0,0,0,0,0,0,0,0,1,5,0,0
"663",2019,7,"Middle",320,"EDSM","466",NA,787,0.36,49,18.2,43,0.53,0,5,0,0,4,0,0,1,0,0,1,0,0
"664",2019,7,"Middle",321,"EDSM","467",NA,787,0.36,49,18.2,40,0.42,0,0,0,0,0,0,0,1,1,2,1,0,1
"665",2019,7,"Middle",322,"EDSM","549",NA,507,0.22,36,34.59,46,0.68,0,1,0,0,2,1,0,0,1,1,0,2,1
"666",2019,7,"Middle",323,"EDSM","550",NA,507,0.22,36,34.59,51,0.84,0,1,0,0,17,5,0,4,0,0,0,1,14
"667",2019,7,"Middle",324,"EDSM","551",NA,507,0.22,36,34.59,41,0.46,0,1,0,0,6,9,0,0,2,0,2,2,4
"668",2019,7,"Middle",325,"EDSM","552",NA,507,0.22,36,34.59,51,0.87,0,0,0,0,1,0,1,2,0,0,0,1,3
"669",2019,7,"Middle",326,"EDSM","553",NA,845,0.39,50.99,16.1,45,0.45,0,0,0,0,7,0,1,1,1,0,10,0,26
"670",2019,7,"Middle",327,"EDSM","554",NA,504,0.22,36,39,50,0.83,0,0,0,0,0,1,0,4,1,0,24,0,78
"671",2019,7,"Middle",332,"EDSM","559",NA,522,0.23,52.99,50.4,38,0.38,0,0,0,0,0,1,0,0,0,0,2,0,1
"672",2019,7,"Middle",333,"EDSM","560",NA,522,0.23,52.99,50.4,43,0.51,0,0,0,0,0,0,0,0,0,0,0,1,0
"673",2019,7,"Middle",334,"EDSM","561",NA,522,0.23,52.99,50.4,48,0.83,0,0,0,0,1,0,0,0,0,0,4,2,26
"674",2019,7,"Middle",335,"EDSM","562",NA,522,0.23,52.99,50.4,39,0.41,0,0,0,0,0,0,0,1,1,0,7,0,15
"675",2019,7,"Middle",336,"EDSM","563",NA,522,0.23,52.99,50.4,46,0.66,0,0,0,0,1,0,0,0,0,0,5,1,0
"676",2019,7,"Middle",337,"EDSM","564",NA,522,0.23,52.99,50.4,46,0.68,0,0,0,0,1,0,0,0,0,0,17,2,32
"677",2019,7,"Middle",338,"EDSM","565",NA,694,0.32,44.99,25.2,47,0.64,0,2,0,0,3,2,0,3,0,0,2,18,0
"678",2019,7,"Middle",339,"EDSM","566",NA,694,0.32,44.99,25.2,47,0.66,0,2,0,0,4,5,0,1,1,0,0,12,2
"679",2019,7,"Middle",340,"EDSM","567",NA,694,0.32,44.99,25.2,46,0.66,0,5,0,0,22,0,0,22,1,0,1,73,6
"680",2019,7,"Middle",349,"EDSM","340",NA,522,0.23,52.99,50.4,42,0.67,0,0,0,0,0,0,0,0,0,0,14,0,20
"681",2019,7,"Middle",351,"EDSM","342",NA,709,0.32,27,54.9,47,0.76,0,12,0,0,11,0,0,0,5,1,3,78,0
"682",2019,8,"Lower",257,"EDSM","573",NA,311.7,0.13,60,20.6,52,0.92,0,2,0,0,2,3,0,0,1,0,13,11,6
"683",2019,8,"Middle",246,"EDSM","472",NA,NA,NA,NA,NA,50,0.65,0,0,0,0,0,0,0,0,0,0,0,0,0
"684",2019,8,"Middle",247,"EDSM","574",NA,518,0.23,56.99,20.2,51,0.67,0,13,0,0,0,0,0,0,0,1,4,42,0
"685",2019,8,"Middle",248,"EDSM","468",NA,584,0.26,47.99,25.6,51,0.72,0,0,0,0,0,0,0,0,0,0,0,0,0
"686",2019,8,"Middle",249,"EDSM","473",NA,NA,NA,NA,NA,47,0.59,0,0,0,0,0,0,0,0,0,0,0,0,0
"687",2019,8,"Middle",250,"EDSM","471",NA,584,0.26,47.99,25.6,40,0.41,0,5,0,0,38,0,2,2,1,2,1,3,0
"688",2019,8,"Middle",254,"EDSM","470",NA,584,0.26,47.99,25.6,49,0.67,0,0,0,0,0,0,0,0,0,0,0,0,0
"689",2019,8,"Middle",255,"EDSM","469",NA,584,0.26,47.99,25.6,48,0.74,0,3,0,0,1,0,0,0,1,0,0,2,0
"690",2019,9,"Lower",353,"EDSM","475",NA,438.79,0.19,54,25.29,51,0.74,0,2,0,0,2,5,0,0,7,0,3,13,2
"691",2019,9,"Middle",352,"EDSM","474",NA,598,0.27,46.99,23,38,0.27,0,5,0,0,7,0,0,3,0,0,0,5,0
"692",2019,10,"Lower",355,"EDSM","577",NA,439.6,0.19,25.99,51,47,0.43,0,0,0,0,1,1,0,0,0,0,5,0,0
"693",2019,10,"Middle",354,"EDSM","476",NA,627,0.28,21.99,69.59,43,0.44,0,0,0,0,0,9,0,1,7,0,3,3,0
"694",2020,4,"Middle",419,"EDSM","L0474",NA,524,0.23,22,69.6,18,0.01,0,0,0,1,0,0,0,0,0,0,0,0,3
"695",2020,4,"Top",404,"EDSM","L0357",NA,1125,0.53,76,8.05,15,0.0059,0,0,0,1,0,0,0,0,0,0,0,0,0
"696",2020,4,"Top",417,"EDSM","L0130",NA,1080,0.51,79,10.8,13.1,0.0032,0,0,0,0,1,2,0,0,0,0,0,0,0
"697",2020,4,"Top",418,"EDSM","L0543",NA,950,0.44,44,32.5,17.3,0.0061,0,0,0,1,1,0,0,0,0,0,0,0,0
"698",2020,5,"Lower",407,"EDSM","L0032",NA,358.1,0.15,30,52.3,30,0.18,0,0,0,0,0,0,0,0,0,0,8,0,4
"699",2020,5,"Lower",409,"EDSM","L0202",NA,460,0.2,20,55.5,27.6,0.12,0,0,0,0,0,0,0,0,0,0,4,0,0
"700",2020,5,"Lower",410,"EDSM","L0007",NA,459,0.2,20,58.1,18.5,0.02,0,0,0,0,0,0,0,0,0,0,6,0,0
"701",2020,5,"Lower",411,"EDSM","L0107",NA,400.8,0.17,29,49.4,33,0.23,0,0,0,0,0,3,0,1,0,0,46,5,4
"702",2020,5,"Middle",405,"EDSM","L0082",NA,578,0.26,45,45.2,17.6,0.01,0,0,0,0,0,0,1,0,0,0,0,0,2
"703",2020,5,"Middle",406,"EDSM","L0767",NA,735,0.34,40,36.4,15.5,0.0092,0,0,0,2,0,0,1,0,0,0,0,1,0
"704",2020,5,"Middle",408,"EDSM","L0624",NA,678,0.31,18,80.2,27,0.12,0,0,0,0,0,0,0,0,0,0,0,0,4
"705",2020,6,"Middle",412,"EDSM","Vial 1",NA,506,0.22,27,48.2,38,0.44,0,1,0,0,0,11,1,0,0,0,8,37,23
"706",2020,7,"Lower",425,"EDSM","224",NA,336.2,0.14,41.99,28.2,43,0.62,0,1,0,0,1,0,0,0,0,0,5,1,96
"707",2020,7,"Lower",426,"EDSM","225",NA,205.5,0.08,60,21,47,0.66,0,1,0,0,0,0,0,1,1,0,1,1,1
"708",2020,7,"Lower",428,"EDSM","227",NA,343.5,0.15,30,43.2,45,0.56,0,0,0,0,1,0,0,0,0,0,0,1,0
"709",2020,7,"Middle",427,"EDSM","226",NA,452.1,0.2,27,74.59,50,0.7,0,0,0,0,0,0,0,0,4,0,5,0,0
"710",2020,7,"Middle",429,"EDSM","228",NA,711,0.32,57.99,22.6,43,0.47,0,0,0,0,0,0,0,0,0,0,0,0,0
"711",2020,7,"Middle",440,"EDSM","482",NA,458,0.2,28,72,44,0.52,0,0,0,0,0,0,0,0,0,0,0,0,0
"712",2020,8,"Lower",430,"EDSM","229",NA,285.5,0.12,25,58.09,45,0.48,0,21,0,0,3,0,29,3,16,2,11,17,0
"713",2020,8,"Lower",432,"EDSM","231",NA,307.39,0.13,28.99,38.7,56,1.14,0,4,0,0,2,1,10,2,2,1,4,1,2
"714",2020,8,"Middle",431,"EDSM","230",NA,464,0.2,15.99,82.19,36,0.24,0,29,0,0,69,13,0,13,0,1,0,1,1
"715",2021,4,"Middle",445,"EDSM","L0017",NA,763,0.35,0.3,33.5,13,0.0037,0,0,0,0,0,0,1,0,0,0,0,1,0
"716",2021,5,"Middle",444,"EDSM","L0147",NA,791,0.36,0.26,29,26,0.08,0,0,0,0,1,0,0,0,0,0,0,0,0
"717",2021,5,"Middle",447,"EDSM","L0372",NA,791,0.36,0.26,29,22,0.04,0,1,0,1,44,0,2,0,0,0,0,0,0
"718",2021,5,"Middle",448,"EDSM","L0134",NA,791,0.36,0.26,29,23,0.05,0,0,0,0,0,0,0,0,0,0,0,0,0
"719",2021,8,"Lower",473,"EDSM","E487",NA,323.6,0.14,0.49,25.5,48,0.81,0,18,0,0,3,13,5,12,0,0,12,3,15
"720",2021,12,"Top",458,"EDSM","S107",NA,1113,0.53,NA,15.5,60,1.85,0,0,1,0,0,2,0,29,5,0,0,0,0
"721",2022,1,"Lower",464,"EDSM","S114",NA,229.7,0.09,0.475,31.09,67,2.55,0,0,1,0,0,6,2,17,3,0,0,0,0
"722",2022,1,"Lower",469,"EDSM","S119",NA,229.7,0.09,0.475,31.09,86,6.63,0,0,0,0,0,0,0,0,1,0,0,0,0
"723",2022,1,"Middle",466,"EDSM","S116",NA,639,0.29,0.21,75.09,73,2.58,0,0,0,0,0,0,0,0,0,0,0,0,0
"724",2022,1,"Middle",467,"EDSM","S117",NA,639,0.29,0.21,75.09,67,2.28,0,0,0,0,0,0,0,0,0,0,0,0,0
"725",2022,2,"Lower",488,"EDSM","S120",NA,391.645,0.17,0.42,27.85,84,3.89,0,0,0,0,0,3,2,3,2,0,1,0,3
"726",2022,2,"Lower",489,"EDSM","S121",NA,391.645,0.17,0.42,27.85,55,1.33,0,0,0,9,0,0,38,0,8,0,1,0,0
"727",2022,2,"Lower",490,"EDSM","S122",NA,391.645,0.17,0.42,27.85,67,1.89,0,0,1,6,0,1,17,5,23,0,1,0,0
"728",2022,2,"Lower",491,"EDSM","S123",NA,391.645,0.17,0.42,27.85,66,1.73,0,0,0,0,0,0,1,0,0,0,0,0,0
"729",2022,3,"Lower",2569,"SKT","S307",13.7,348,0.15,31,44.1,80,3.48,0,0,0,208,0,0,24,8,0,0,2,0,4
"730",2022,3,"Lower",2570,"SKT","S308",13.7,348,0.15,31,44.1,61,1.71,0,0,0,244,0,0,12,0,6,0,4,0,2
"731",2022,3,"Middle",493,"EDSM","S125",NA,695,0.32,0.38,96.19,72,2.81,0,0,0,0,0,1,0,0,0,0,0,0,0
"732",2022,3,"Middle",494,"EDSM","S126",NA,599.5,0.27,0.245,87.35,64,1.81,0,0,0,1,0,1,0,1,2,2,3,0,6
"733",2022,3,"Middle",495,"EDSM","S127",NA,599.5,0.27,0.245,87.35,69,2.22,0,0,0,0,0,0,0,0,0,0,0,0,0
"734",2022,3,"Middle",496,"EDSM","S128",NA,433.89,0.19,0.37,27.2,65,2.1,0,0,2,4,0,0,1,0,1,0,0,0,0
"735",2022,3,"Middle",497,"EDSM","S129",NA,433.89,0.19,0.37,27.2,53,1.01,0,0,1,68,0,5,1,1,3,1,5,0,2
"736",2022,3,"Middle",498,"EDSM","S130",NA,433.89,0.19,0.37,27.2,68,2.76,0,0,0,22,0,3,0,0,1,1,0,0,0
"737",2022,3,"Middle",499,"EDSM","S131",NA,433.89,0.19,0.37,27.2,64,1.8,0,0,1,13,0,5,1,1,3,0,1,0,0
"738",2022,3,"Middle",500,"EDSM","S132",NA,433.89,0.19,0.37,27.2,78,3.59,0,0,0,3,0,0,1,2,2,1,0,0,3
"739",2022,3,"Middle",501,"EDSM","S133",NA,618,0.28,0.25,65.9,62,1.15,0,0,0,17,0,0,0,0,0,0,0,0,0
"740",2022,3,"Middle",503,"EDSM","S135",NA,736,0.34,0.36,45.2,63,1.59,0,0,0,84,1,0,3,0,0,0,0,0,0
"741",2022,3,"Middle",505,"EDSM","S137",NA,589.5,0.265,0.355,45.84,66,2.12,0,0,0,124,0,0,27,0,0,3,2,0,6
"742",2022,3,"Middle",506,"EDSM","S138",NA,589.5,0.265,0.355,45.84,73,2.69,0,0,0,25,0,2,21,0,1,1,1,0,19
"743",2022,3,"Middle",507,"EDSM","S139",NA,NA,NA,NA,NA,72,2.41,0,0,0,48,0,0,34,0,0,0,0,0,66
"744",2022,3,"Middle",508,"EDSM","S140",NA,589.5,0.265,0.355,45.84,66,2.25,0,0,0,94,0,3,10,0,0,0,1,0,17
"745",2022,3,"Middle",509,"EDSM","S141",NA,814,0.38,0.28,41.9,71,3,0,0,0,225,18,0,10,0,1,3,1,0,4
"746",2022,3,"Top",492,"EDSM","S124",NA,927,0.43,0.35,40.59,82,3.99,0,0,0,0,0,3,17,0,0,0,0,0,10
"747",2022,3,"Top",504,"EDSM","S136",NA,905,0.42,0.43,26.7,68,2.43,0,0,0,17,0,0,10,1,0,0,0,0,3
"748",2022,4,"Lower",2579,"SKT","S317",15.8,421,0.18,76,13.3,75,3.67,0,0,0,426,0,1,10,2,0,0,0,0,57
"749",2022,4,"Middle",522,"EDSM","1180",NA,826,0.38,0.36,36.2,12,0.0047,0,6,0,0,0,0,1,0,0,0,0,0,0
"750",2022,4,"Top",517,"EDSM","710",NA,1028,0.48,0.41,27.8,26.5,0.09,0,18,0,0,4,2,35,0,2,0,0,2,0
"751",2022,5,"Middle",536,"EDSM","434",NA,656,0.3,0.21,68.4,32,0.15,0,0,0,0,0,0,0,0,0,0,0,0,5
"752",2022,6,"Middle",519,"EDSM","1015",NA,634,0.29,0.27,53.1,27,0.0084,0,0,0,0,0,0,0,0,0,0,2,0,0
"753",2022,8,"Middle",530,"EDSM","S204",NA,586,0.26,0.18,46.5,51.5,0.78,0,4,0,0,13,3,1,3,1,0,0,0,3
"754",2022,8,"Middle",531,"EDSM","S205",NA,536,0.24,0.27,47.79,53,1.24,0,11,0,0,33,2,8,16,2,0,4,3,40
