"Month","Year","Region","amphipod","mysid","acartela","allcopnaup","daphnia","eurytem","limno","othcalad","othcaladjuv","othclad","othcyc","other","pdiapfor","pdiapjuv","sino"
3,2021,"Lower",0,0,0,11.2985952595,102.520085086,1928.70504495,0,8.240544336,3585.81274953,113.264974061,57.93208773576,7.42883753568,112.16581361664,54.7455270955,1790.87279174375
3,2021,"Middle",0,0,0,22.0201729674,3.216815608,340.491176955,1.00322491243,22.056048672,1660.7288901405,4.9998783469,4.77193842384,5.1326109009,24.16844802456,59.17076138275,2248.553876558
3,2021,"Top",0,0,0,15.1517027735,24.487600444,206.61412875,11.3408199554,33.670450609,1526.64884025,21.120555384,51.4239609408,0.8570660154,16.28425429526,44.0011570435,1576.113793144
4,2019,"Lower",0,0,0,9.1954760134897,379.787233691867,1563.14677821459,3.77903682806926,57.4348063857596,1072.99835600068,596.873728603206,189.742056254657,24.9980783700046,23.9788116044048,23.0480459464955,5514.1738513911
4,2019,"Middle",0,0,0,9.23153008572751,10437.7864105887,37.1245566965,7.02320828084158,24.471007093,4263.63189912625,615.222858733223,7.9724154286,9.89304284972301,9.81330069386333,15.08143848295,29137.2122751642
4,2019,"Top",0,0,0,66.1410382484997,91049.0832991639,852.331808667409,61.7693377020982,318.937557556171,19400.1509625944,4484.28848230118,1018.55374739392,49.2936526426433,553.072770435678,460.747400033793,30034.2921288451
4,2020,"Lower",0,0,0.338395895503846,29.0042830763077,119.026973348923,387.360698582308,0.08718390787,9.25262588576923,631.208142917885,221.115818591615,130.0490992752,7.62731526879231,384.441943391466,482.763286236308,2916.87117696294
4,2020,"Middle",0,0,0,26.8592492525,31.760252294,133.12427166,12.36879231835,59.93112324,2674.60456584188,4.36172181905,24.97511909256,7.67765091334,115.26010068454,333.00686277875,8998.352993245
4,2020,"Top",0,0,0,64.5187068046,56608.592987308,1573.51916145,126.769896986616,220.0102633864,12231.3906432855,8625.9528624106,120.71988584544,10.82052444724,112.800569684768,935.152268072,14554.5256566292
4,2021,"Lower",0,0,0,13.854445588325,80.582773771,1812.32571075,0.022001371998125,6.6064924916875,3129.21078680653,277.635686952075,111.9705738291,6.34578246727625,100.466935123616,137.100468721847,1394.52093548852
4,2021,"Middle",0,0,0,33.98221175595,10.779596528,1003.3134498975,3.792230791895,0,3634.27458204,15.0684668941,54.6523407486,2.51147556673,12.88689102085,161.548089830375,5418.32293787675
4,2021,"Top",0,0,0,63.7198442986667,194835.72162448,693.59627474,229.355981491,1882.40076104133,15652.0466491355,848.092330176333,4.66205842032,29.63157280644,91.2181038029333,387.8264499605,22813.2304199067
4,2022,"Lower",0,0,15.5807001385,10.8456402335333,3.890312144,1848.0707066,0.367552639956667,0,2066.016296792,23.4097833093333,77.1019616024,3.43018559488,385.864324089067,420.320190355,12353.5549676293
4,2022,"Middle",0,0,0,42.7417883028333,0,713.1623612,1.51482927765,2.26311415333333,3415.3196990375,1.96408248693333,88.7158547912,0.8643092078,156.521233003567,379.054082022167,12463.213564285
4,2022,"Top",0,0,0,109.79174648,519.58705736,389.208233955,44.51739718946,197.403020226,7716.850980375,170.917325472,42.73375922592,3.9184645094,96.7860733609,338.33714242,13386.493687589
5,2019,"Lower",0,0,0,70.4093744333836,962.47640247696,12.71831116925,0.808860478594199,34.1664737074167,1013.084548286,500.560790617991,568.028431209406,39.9283683806123,1282.26273971422,405.375256995292,3716.8864702688
5,2019,"Middle",0,0,0,20.6444094024294,187.827505487636,48.9048730426267,12.2000434947071,176.233136886991,4559.37101880402,50.6080524982464,104.768774604736,18.1510981498321,251.432214115553,198.66750061975,22559.5025603479
5,2019,"Top",0,0,0,84.6746128399419,119181.290020151,0,9.45618807533224,1540.19645494748,5918.67519701322,11562.0174466512,406.888118828309,15.016467374308,657.122674263123,503.84526164165,17984.3924950411
5,2020,"Lower",0,0,0,23.012144501025,22.6349279076667,65.184653722,0.477040178105833,22.4350843306667,590.183466082875,66.2732307757167,63.63568941212,3.04858952616333,3297.761562494,1611.64687535375,3891.45608335944
5,2020,"Middle",0,0,0,25.2525470071667,6.28981256066667,204.874086544,40.5309270649833,61.5064014553333,6612.53611554575,27.9621980845,67.1982526656,2.68381313811333,1569.14051041207,784.813335485833,21850.6241672033
5,2020,"Top",0,0,0,85.4030174678857,354150.503219773,1558.54018481571,182.485847535086,630.731952068571,8505.17508569614,7000.98333288171,290.0338130304,18.9927883993943,2233.0466052544,2548.60088586071,16132.9781234286
5,2021,"Lower",0,0,0,44.6140230928714,102.929273183429,699.779316907714,0.409693072712857,2.09417486342857,1046.66798572993,283.221635869743,309.946758888,7.32882124473143,3236.551959772,2359.53285976429,3386.98503623621
5,2021,"Top",0,0,0,101.182824657718,50053.8454833935,81.8481766257273,142.191383935427,4895.11560065636,7350.46314512782,1343.34294956575,74.5088210957236,9.33256863783636,265.853581257116,2107.28142685645,10758.136122255
5,2022,"Lower",0,0,0,37.8274879301429,53.9832156382857,131.051314885714,0.0351851886471429,21.055043368,304.133264871429,125.600394185657,78.0616280544,2.48767827997714,1577.5993767018,1044.43816431,2919.95826072816
5,2022,"Top",0,0,0,50.426663472,86805.816858173,74.4302082285,17.73343109005,1851.970128727,2524.503518958,8435.24984715355,77.48810516748,3.423398391,95.092535605095,502.865048137875,26624.9834061282
6,2019,"Lower",2.58303695633015,1.31483847451005,0,77.530234168658,152.686448842545,20.0977294431818,5.61940196085606,26.2818965492727,2348.34717799132,314.972130997444,236.395748250864,34.9140787800548,6575.65243225048,1510.07322973455,1620.65283716774
6,2019,"Middle",9.62537617155676,28.7153907206975,0,69.3027041917425,69.4787962178182,21.3468474829091,72.5342492155717,443.756211890071,4879.23789104783,2575.99766846797,57.4166744989091,34.7798091207412,2996.42862306017,1471.06898961877,13805.2609838233
6,2019,"Top",23.2159322165215,16.8625744991657,0.060643849285,68.1796784494383,62105.2362252816,2.19473246666667,6.08539120537601,1109.96559271339,4544.27919582462,30182.1551777842,1086.5527802533,398.55624801173,3436.39334255713,4366.24105012461,12485.9971725464
6,2020,"Lower",8.25023116195705,4.93459097753532,1.37950920508263,27.8175510048421,15.2258158012632,12.6808141018421,1.06029776649105,14.2210735587368,395.080668752289,69.121982826621,45.3192803743326,9.10503558986737,4617.5745599956,3355.87169301776,2053.89383336248
6,2020,"Middle",7.02155465674004,6.33991795462809,0,56.853094389725,6.6,0,10.527804598025,142.9056401,2142.223017651,1200.7135529585,6.59212972572,25.75445234363,2093.72479681155,2480.0070755125,4922.869154676
6,2020,"Top",4.35053011590127,0.0496869570879879,0,77.643024519,243927.69261422,8.98336662375,18.8144768313125,2089.65396245,2867.53808084437,8640.1265367385,132.8067164718,11.596377235495,3296.27420360185,7458.43409776875,9511.40403545338
6,2021,"Lower",27.5675485530508,16.6256202992293,18.9531532115175,80.15993223905,19.1116267212,33.13760657145,1.4213722312855,9.0263981018,319.175001124425,55.27369695155,55.490794327584,8.105381279592,4352.51171638543,8529.5793234245,2394.38097417818
6,2021,"Middle",60.2936088237664,18.9379495171942,0,29.9691934380182,1.85454545454545,71.9475620882727,47.2183135819909,1940.03300848364,3714.44192375345,1850.42906629827,198.120933836509,16.1909824684691,3397.22875440378,2974.96150918318,9702.5456051651
6,2021,"Top",37.2594893483841,18.0772725487347,156.074817089348,113.697649372622,221154.855026015,13.6273070407826,63.0476238614978,3487.69508408835,5130.42067424198,4863.60693241904,97.0492440756939,84.352474198087,2669.12916613863,6131.12627563865,6329.09495314293
6,2022,"Lower",75.2498163887904,18.2754827420413,1.41553440992069,23.2982597654241,2.92998887062069,28.4620624304483,1.83882326116517,4.01303241727586,372.805638254017,56.0183872875862,38.7287133278234,3.41176261088966,2448.97122873369,2166.45461621879,2241.29011748134
6,2022,"Middle",45.0483637014201,31.764460709323,0,36.03848574719,2.24,85.0133410761,24.43459909904,192.2904415326,2451.428191317,1123.4104812603,83.620060973568,8.776757334448,1685.19754965996,1396.5653700285,11161.7879015764
6,2022,"Top",111.082487492364,12.7359224143499,0,50.8826811329778,24501.6239294547,37.040591313,23.5741179007967,5053.68646005711,3488.18482582033,2718.01450305916,21.6316384360533,3.99393424948222,1619.56010921952,3445.88285640461,7728.34709176176
7,2019,"Lower",3.10259882771392,8.18823878162802,0.932044528688823,35.0929229885991,2.87286921270588,0.250084943823529,0.837971021381765,2.09157516094118,3648.41904288707,209.733287694396,65.6609322886588,2.72582115633176,3706.5867312151,2278.61543438588,398.332413869781
7,2019,"Middle",14.325552767575,65.8794470437731,0,51.2976575943852,4.4190035305,0,3.49171733849556,590.527362020469,5165.90974131936,2993.22400945176,9.92276805324,4.7657617641625,3326.73088997126,2168.43962789903,3686.13754802795
7,2019,"Top",0.049436013337823,2.1499253140718,0,47.5978301656877,6895.17650378831,0,1.24815424175,620.138806771603,6598.66020047226,9842.14731745591,6.98054287182,155.37318211757,3301.17695004172,1615.84927985219,1172.63313660982
7,2020,"Lower",20.8304612995872,0.686202296057172,7.46604599672192,20.6638052627808,22.2403472507692,1.50130613503846,0.584053969665,7.06898377969231,177.425363528827,276.670698556854,33.3520056298154,5.29571686576769,1618.74895595014,3477.58422211942,436.462224878583
7,2020,"Middle",5.89980762294961,6.08807755135605,0,24.927844606325,0.722127756666667,0,2.09879388716833,278.699150283333,1152.2862565325,1735.87879670083,18.59342673664,3.73570295753,2396.0656818392,3869.186430425,1597.2418493758
7,2020,"Top",25.4654054234649,1.57000507785876,0,51.5297374741571,52541.1371240449,0,3.27306613996143,1754.006828926,2696.63160627921,9363.04060243066,30.83527777464,20.9764413667929,2375.31890615873,5148.61696430228,1219.29145283435
7,2021,"Lower",73.3472468045241,10.6617984394505,39.2683779605241,59.0879168289647,3.57860521294118,0.989050119705882,1.18383280044824,38.9274238447059,181.653412244118,361.387130332988,29.0786742288,9.49234810060706,1930.47580309451,4261.26396109824,574.302342667266
7,2021,"Middle",58.2250465988314,19.0696151510558,0,15.1636036325,118.42039618,0,5.60055917317,4104.27760682,1815.66457507095,6216.5602335227,67.67024601792,16.161146247044,6429.4671371287,3788.222815032,2672.15551687953
7,2021,"Top",7.73408372390676,8.49999326467641,0,61.607509891875,125199.6006185,2.325,10.7701307891125,4336.630995825,4553.71446803831,12420.818056139,70.9870051842,244.493015967,2947.61372328413,6809.9928120575,2105.05383885005
7,2022,"Lower",31.6317106549148,4.3174424126146,12.9334773757714,9.49649548453571,2.02466826857143,0.0168932138571429,2.47477556114286,8.257875228,200.905520110607,92.2522714553857,28.768598058,2.66116125766857,2085.59066993939,1407.52012076261,755.677039587957
7,2022,"Middle",70.0811131122845,15.4925336875516,2.78686404373385,10.4234340943462,2.40272572861538,0,22.3702230677,847.441659972308,1273.64814005908,1055.84700952991,40.3991529425723,12.3334294426154,4063.65127968926,2788.82046682765,3485.26669658902
7,2022,"Top",3.04840710041286,0,0,17.1577077853667,749.550815026667,0,4.29174297829333,1818.20946498667,2932.051701976,5270.99634720333,19.43044797792,5.70054543649333,1009.65193855764,3910.45253672272,790.533098306197
8,2019,"Lower",48.2728813729015,3.34848976748325,0,36.5297368495534,60.8424498550091,0.311306199,0.0437894736842105,3.35234708231579,2129.16027644742,322.167947994515,23.61700336128,7.88695274749561,2401.78005685903,5073.98341586053,65.6767414858834
8,2019,"Middle",1.86384849487651,37.5738006275295,0,46.108149634574,0,0,0.283943914031818,159.054545454545,4585.68779396155,3274.21431493317,20.65554486912,20.2654303543611,6142.5457360231,5326.32553985818,1763.28378709996
8,2019,"Top",1.4005239937488,10.5225177359855,1.74763636363636,30.6999269296976,1190.47941943392,0,0.26483834702,572.45100443619,4490.98241236494,6414.9934514735,1.65086228068364,188.626139719513,2088.9993525203,5338.19834217455,1074.81651427677
8,2020,"Lower",16.2368589152449,0.241439686488513,14.484011141402,16.99134802624,35.7938843352,2.8,0.197869006781333,0.933333333333333,134.9369732707,438.745776355933,77.480004358848,8.84630786572133,3553.89895037762,2870.19907658467,320.814871566589
8,2020,"Middle",16.624243932818,1.75330427193311,0,17.7945188963444,0,0,1.9294587676,481.735908811333,1091.656267742,2620.057019244,36.97580728576,9.67650846746667,4260.63841600833,4004.52722338889,1985.70838376436
8,2020,"Top",43.6456695999877,2.72075681633692,0,24.5910872133333,5618.68116601467,0,1.36756244984667,2635.36320229267,1919.35487717,6418.36930478867,287.91421654296,233.884675887307,3601.27525237667,5127.10225432167,1117.13468345252
8,2021,"Lower",56.5798154844572,22.1471304711936,33.0640675314917,33.3383175860056,12.3741481864444,1.31716240583333,0.732652257992778,330.641882648,911.723898228333,1327.04877981901,40.0665628169333,3.38563736589556,4486.77578759114,5257.93070348,1559.77877862377
8,2021,"Middle",37.0568742188173,377.142804736302,1.36466666666667,33.0396086810889,0,0,3.13371955736667,1459.03170562889,2309.56381382767,2768.62296681404,42.2032244498667,18.80883835236,4960.28696079467,4714.65113612778,3899.19380286504
8,2021,"Top",2.45834880071965,13.3942779574158,0,90.7542178525,226855.431401608,0,8.65966864413625,3780.05406421663,5116.56387045581,12074.5116852351,135.4512270678,573.980310256305,3297.57068085743,9039.613043725,2686.98685842157
8,2022,"Lower",31.8645494437468,34.7841590158877,5.9028358620945,0.147210681095,12.5836372836,0.41853125865,0.0078925117895,2.532361215,190.07494901085,353.50592503484,25.09727234112,0.76342954687,1718.87106031069,1023.18848543895,654.592976196016
8,2022,"Middle",4.46817819969114,54.5486708088179,0,0.0478602907857143,2080.20265028571,0,0.200476800661429,70.9402782428571,615.869569197,799.670614744286,19.4535634272,0.27505830888,2670.44082751744,854.937865298921,2169.99976889531
8,2022,"Top",1.48239739430443,33.9418673234544,0.0332695548342857,0.0368448103142857,23.27141936,0.207730876285714,0.133001565078571,354.256282244,948.392224159071,672.660424596771,11.72230869312,2.76516805017714,1411.88471454314,793.419847347643,473.505382053
9,2011,"Lower",0,79.9160309164144,0,47.18,0,3.3,1.443,0,585.675,191.23,31.416,1.278,2350.11,3150.1375,2064.9255
9,2011,"Middle",0,129.14399884702,0,27.775,0,0,0.299,9.8,1217.25,1680.8,0,3.964,1698.011,1778.7625,1670.0475
9,2011,"Top",0,0.207078152403171,0,8.89,0,0,0.39,106.8,1959.6,3157.18,69.552,3,299.516,1301.34,949.685
9,2012,"Lower",0,74.5228878692368,0,53.5182728269084,0,0,1.86743632018896,2.16,4685.309237806,207.957872876064,53.5421484135629,5.77807824890855,5206.84220870133,1279.536,848.518289665674
9,2012,"Middle",0,81.0138367835735,0,38.469471351482,0,0,1.29025,465.7,5934.26969858864,1647.05596423259,9.156,17.50485410495,8507.29022473967,1743.77375,3006.74388372409
9,2012,"Top",0,279.612508777196,0,48.3633308451592,377.957630718279,0,0.403,982.302772010064,7550.3278071501,2356.88484474914,88.872,126.146617507663,2111.46791558994,1410.50375,2031.58980034911
9,2013,"Lower",1.81277406104213,18.5336866535022,0,46.9646821867099,0,0,2.1788,66.9092810378412,4428.94670015787,538.530921840371,16.4623782909687,4.71194208182031,4439.29929379813,4363.353,659.72867812678
9,2013,"Middle",0.0854828193212429,76.6989642302349,0,145.770332754459,0,0,8.62225,1005.46527840234,8386.94414087858,2938.39034591948,0,3.325,6408.0430381933,3509.19625,3874.79343739712
9,2013,"Top",0,1.20863380990183,0,227.999087000362,763.345444994057,0,0.9425,561.908617482047,9228.5764479018,6223.50224681445,180.595106902127,362.436898276551,2395.22962167259,604.69875,1398.18400474316
9,2014,"Lower",3.09797882071363,58.1229797373813,0,20.225,0,0,0,0,483.975,552.46,37.8,15.74,9417.065,12491.645,1481.986
9,2014,"Middle",0.88266560283744,148.853304967682,0,60.59,0,0,3.835,399.6,2910.75,2972.5,34.44,1.12,2787.414,4524.3875,3424.8335
9,2014,"Top",0.3911870284948,28.7603840521235,0,81.13,27.6,0,4.511,2635.2,3599.1,4812.7,186.48,0,8411.452,20694.94,1844.469
9,2015,"Lower",3.35234609672116,10.2589012751723,0,17.065,15.2,0,2.4115,18.6,309.675,813.78,35.784,11.22,12524.078,7647.73,885.4065
9,2015,"Middle",4.58246516355552,60.1180971348793,0,16.955,0,0,2.067,699,2463,4242.1,9.744,1.798,8441.643,7556.4775,4191.7425
9,2015,"Top",5.84665650164131,4.03963847283801,0,14.5,0,0,2.353,6528,2951.4,9404.18,0,0,24913.826,11334.055,2257.079
9,2016,"Lower",0.0297326556112598,93.3709978038009,0,515.329152962636,166.020646278374,0,72.1790398693829,2.72,9532.92133117465,729.675308474579,11.6928,86.1866323139187,6386.18512347962,5113.015,1768.44804677706
9,2016,"Middle",0,46.1493608062641,0,228.344133796039,0,0,10.0270144348237,636.257934498382,8141.33607456364,2016.29541910266,89.4762216595472,28.2728802678749,5723.89207890708,2159.47,2780.82895794816
9,2016,"Top",0,0,0,188.440010096907,3.8,0,6.82171730383133,1940.09019023431,5580.73881391386,3867.26695829033,0,67.2211302444479,339.582195056366,85.35875,1198.16621540943
9,2017,"Lower",0.320912719893575,327.279954874389,1.4952,50.4976491308566,29.3530731389001,0,1.6094,6.4,3959.26266087905,383.046133944724,18.9504,5.21385671743708,14125.7363166543,3368.534,914.903
9,2017,"Middle",0,138.914287784721,0.5607,70.877894660976,58.279305428,0,23.59623260111,46.7057156659634,2885.70200019234,677.899738845995,14.2552632516,9.08605816716267,3355.43864342534,1084.6213763764,1202.3200850174
9,2017,"Top",0,0.298308458584566,0,74.3237167369241,885.227274101485,0,1.83625,578.985858903455,11796.9076925309,2775.47827176954,0,23.1184100271523,2345.76406478097,1783.1325,1658.76640294676
9,2018,"Lower",1.22692761865083,0.872430526172814,3.92871428571429,60.6187425148244,43.9448669265999,28.3023820542857,1.05180415701816,12.3632048313281,3059.09401916291,230.135401786037,12.4921214352,7.03945135726067,2151.28533215074,1589.70720300714,75.0840811835886
9,2018,"Middle",4.87176687422669,24.7649137707,0,223.196599778638,151.664032851855,0,17.6735916822491,340.4,10403.8414425661,2848.87262196808,1.72569376704,20.421510206487,8018.97307920892,3734.86897512857,8537.16571509546
9,2018,"Top",3.52281650514738,7.45788639961107,0,159.58222850566,478.353108109136,0,3.23653985502605,2051.63458374153,8665.34960973114,5193.38123474223,98.1634224564926,714.596698722962,1030.83874621235,1600.890899427,1811.0296914002
9,2019,"Lower",31.0666663683623,230.273250494476,1.98690281285625,11.0233117171375,383.941560342,1.1162375355,0.83692171641,3.0480270785,67.6975647560625,84.251430531375,20.61068477076,3.99758990566,3828.09855020793,2996.68525574187,167.413334219643
9,2019,"Middle",1.09823098627491,92.7764226320684,3.07629918960375,22.2387585427375,0,0,1.11127545147125,139.226769318,1493.89957605225,2340.1865777677,57.5337004914,10.5529220853,5871.78287457139,5220.68111883881,3214.91753946444
9,2019,"Top",5.26366241727302,40.3938360693049,0,24.2045302447308,484.238665802154,1.11348304684615,1.80362166399,160.945481096,1244.24361700454,3353.00977599392,55.5209520240738,35.7340666868477,2109.72849594274,5311.75278609461,1137.56765180325
9,2020,"Lower",232.866878301823,0.906068857099376,7.68584902685143,15.5086437130143,200.250693031429,1.98161832942857,0.0788513553007143,0.977079090428572,105.29233302975,325.000105538357,45.52810061424,4.30768130489571,1953.7174968915,2087.23608565714,232.111104505107
9,2020,"Top",30.4753570740349,0.762100649932796,0,41.9449424217267,31041.8446476525,0,8.99667186242933,2491.39787996827,2197.9609497026,6006.67851940389,305.760347893952,97.1460419780853,3723.6906115547,6481.13495348765,2658.08597820165
9,2021,"Lower",7.35665895833653,20.513394805147,44.484586226259,65.319491340615,32.064440445,3.23962996425,1.914221024534,6.7208034994,283.1314966422,422.50563869022,56.745155034792,6.074306061397,2373.42434887526,4092.65075268475,841.740369013291
9,2021,"Middle",1.73896060790927,318.166242940392,3.67212825225429,98.1547283870286,0,2.01428571428571,17.4593259165,174.608624682857,3313.71922752471,1639.29318207814,70.02656259696,19.6,6229.59574492898,3268.26957988786,4993.74759574303
9,2021,"Top",1.3849769242825,25.2130632211805,0,19.7819282164,140.3074110664,0,8.39441970224,2643.386654948,5830.3107063804,3879.077734161,72.577491504,5.672649613736,1856.19810524268,3476.65747219,5676.84506730396
9,2022,"Lower",51.0789508408992,0.362900740580317,71.3078173823018,0.220682617218182,48.4383034381818,2.95840102254545,0.00762555259818182,1.53314590563636,12.5009129180455,66.5048912625091,42.3879656430109,3.1906238821,965.557787399164,509.851308233045,16.04088633623
9,2022,"Middle",21.1334253595712,40.0234317002319,1.76969447494364,0.598476147018182,8.02456136,0.167178361636364,0.143401733256364,109.942125443091,1038.43652297973,1730.76473444398,36.5199146307927,0,3839.9339650308,1369.05015311882,3143.83964247616
9,2022,"Top",15.8723915347927,23.7340862673744,0,0,327.3448618,0,0.081272586005,423.79475026,633.2712357975,691.80194215,31.5669290328,0,7738.0146370331,1831.1719688225,3546.3761486186
10,2011,"Lower",0,71.6899939539339,0,31.345,0,0,9.88,5.2,528.825,122.68,30.912,25.635,4080.839,1242.8625,3122.3665
10,2011,"Middle",0,49.1445879826495,0,7.485,0,0,0.182,27.8,1084.875,842.74,37.464,4.71,3333.379,1864.84,2675.145
10,2011,"Top",0,1.20049137309664,0,1.03,20.8,69.9,0,10.4,1082.7,1052.92,52.08,32.98,41.23,383.755,1676.356
10,2012,"Lower",0,544.376204432593,0,170.152762759058,0,0,195.925594453111,107.771991466325,2434.54909330286,75.288,43.7472,20.0771597439897,14138.4995891586,909.236,3205.8382268998
10,2012,"Middle",0,836.711391265727,0,95.2604689932101,0,0,5.48038267211531,754.662954852057,6425.32659118515,1141.13560944015,27.552,7.51870130121414,4387.55212634634,2349.0475,3468.4546075329
10,2012,"Top",0,107.675700250722,0,68.6929142053478,274.188600697636,0,2.48509005702952,1823.2160747389,9208.29774120447,1721.70196481491,328.631271946318,15.9140024127642,4877.92312151411,2025.58125,3322.60379675024
10,2013,"Lower",0,14.0581014269546,9.2115,103.2,0,0,26.2665,0,341.175,51.76,17.976,5.2,1759.191,4251.9525,1435.269
10,2013,"Middle",0.837168080770457,62.5453039279702,0,88.625,0,0,55.8285,129,2188.725,825.5,34.944,3.35,4130.581,6280.725,5014.2345
10,2013,"Top",1.68393082205883,32.0553111315304,0,28.98,0,0,4.381,202.4,1415.55,957.82,101.808,16.9,914.508,2751.95,2137.729
10,2014,"Lower",1.09347872714891,77.3599126652648,13.3257272727273,62.2392765794594,64.610891605505,0,8.47176978045035,61.4312326434804,8347.28928895337,339.084226090168,28.2919543776174,15.2416716820466,7160.14636747571,1765.18727272727,2189.56670027522
10,2014,"Middle",0,422.694019069564,0,42.9174712783956,0,0,23.2867012235738,638.645184541703,7967.96813374288,1917.46958290559,53.269271610869,0.0735,5225.30116743115,1596.444375,4168.39815353275
10,2014,"Top",0,128.830466156284,0.8811,69.2731158656952,23.4811608509459,0.99,10.9689602420359,1890.00085905128,12682.6734013325,2240.98780400754,215.444248618877,18.3074158991791,3817.27743481948,570.8485,3811.41080839286
10,2015,"Lower",5.51941062905836,159.37813872318,47.0454,51.1914032237196,525.086224027286,0,3.38666022298655,0,6251.57559870719,253.430614373484,9.9456,5.74676364151191,6148.99853094184,3917.705,1533.10059718509
10,2015,"Middle",4.65363179516545,47.2391074202066,0,26.2091378834653,0,0,3.90805648074992,49.9,5979.19204712263,1168.69360374659,24.528,4.025,6591.14500969393,2752.5825,4925.11270144644
10,2015,"Top",0,7.30715196334007,0,72.9581164785604,0,0,6.4889953602928,1109.10444612852,9574.53929425096,4509.77759345091,20.58,22.1335499477922,3839.80696340646,584.7175,2771.68092123068
10,2016,"Lower",0,39.7149812233893,7.2624,54.1037869041386,59.4781147738421,2.16,7.92370682048478,26.5050505461966,2070.43051864218,115.148770892329,29.8628579837408,20.4860473382178,3638.85528866956,2124.625,1019.35642968886
10,2016,"Middle",0,106.316804058771,0,30.7364165775363,3.5,0,15.1116073913729,486.102693887716,2612.78607708256,683.538122045037,264.836848514165,10.8204588755059,1556.33858817414,2377.05,2115.11195961878
10,2016,"Top",0,0.108486818881658,0,79.520189179547,27.1789988159129,0,10.4758777355069,354.92310523269,3376.05385562982,1081.20409287456,74.2732028774256,11.1241299595515,463.585086546937,755.63625,1228.87663772631
10,2017,"Lower",0,12.4146002131851,0,265.88420340975,2.9,0,391.419881515,0,216.0606198,51.56291609475,113.9983097274,7.418038001325,3747.7282124625,4115.712219075,1009.14756083625
10,2017,"Middle",0,8.19597117417457,1.47243774852545,313.771981200755,22.9836624472727,0,615.244511557,23.7234821581818,392.281368228,280.243661612745,28.9199320505455,12.1430553225673,4016.58853689927,2947.94428048591,602.71078938319
10,2017,"Top",0,0.0986243808015077,0,30.97,96,0,7.631,74.8,1469.7,852.2,9.072,1.59,63.84,1572.05,582.769
10,2018,"Lower",25.2588540054474,27.9033296750034,10.2344958289662,25.3682239455691,56.1996665422687,4.84605305123077,2.00451434706595,3.39527299169231,728.404114350654,67.5845544841164,41.4195194011635,8.53103006318239,4147.2037566746,1414.57341375662,523.183748596794
10,2018,"Middle",20.4750326613774,90.5142919203901,0.580089709909091,18.1707443660964,0,0,2.8168369687297,153.264801539414,1741.96670704283,545.03352158119,86.3885389098221,24.9788964652552,3414.34537837774,1969.81235134591,2925.86863222595
10,2018,"Top",0.544141712991596,66.758724994253,0,43.9301199038838,195.039667659541,4.0330167775,2.28149417969722,1151.15157128888,4916.25660334177,2824.50724145084,814.545640062909,15.9018638691112,1472.2737956198,1735.79025901854,4565.91479201665
10,2019,"Lower",112.370133402735,15.8693005097701,0.4005,30.8077678237071,96.3656135045714,23.3705051950714,2.17971307476,13.4493268471429,166.611279162536,123.968788828286,193.88261851872,5.58061930979429,1640.8395112782,2089.10997626393,180.342536542512
10,2019,"Middle",3.84878767703044,470.469870835427,0,30.5845135231,0,15.1035082296,11.974297329826,19.2999887664,946.1692057248,413.09180209164,369.31281137856,19.556380827072,3881.4366306716,4120.654159362,2010.81614415792
10,2019,"Top",2.01240482904841,18.7759900627478,0,34.4889739924529,163.155581435059,40.2647073278824,5.87220107572647,39.9363472414118,1512.36033015097,1021.50543488359,104.471419442682,8.30544288157882,1573.0561483717,3293.95727634065,1311.25258485752
10,2020,"Lower",105.55025877415,2.77619648034047,9.898545202335,30.55413849315,888.6250792248,51.238503459,0.424587896408,21.701672528,369.1426015488,398.3209850409,110.460618140544,5.965232491288,3765.57512352476,3217.26469694,334.725070810966
10,2020,"Middle",11.6067781349781,218.65798498069,1.73352621585,18.2115662163778,1.37869944711111,67.6710373716667,2.57860221489,394.247321036,1946.71498027833,1399.04159379204,88.7224257251733,17.4137642417333,4399.50174972156,2790.17034470889,4318.50071939244
10,2020,"Top",51.237356103316,112.094189028894,0,20.690537130075,3061.87279261467,2.6586063415,4.03294994122583,1687.88528880033,2510.7599975965,2830.00859352917,355.36067000392,92.66801604878,2831.76846130347,3829.7033805015,3342.67383666525
10,2021,"Lower",52.9446762849643,33.9937248924593,73.9488803589682,35.3707227002455,44.8898450123636,52.5982344572727,2.73787309242909,12.8947225861818,390.461606865818,219.923753802927,53.0600850228655,2.34254568842182,3455.32396303653,2351.81760488273,655.28000605495
10,2021,"Middle",11.9302279663615,765.06557064571,4.2275,46.8898858233167,0,23.4372172695,17.2894178149333,338.815992214667,2851.896806465,863.613986340333,67.5694850628,7.55913523830667,2136.43713304093,2722.68223415833,3765.25618889823
10,2021,"Top",10.7766704848577,3.01053939189661,0,102.616926573356,675.48237272,10.7034026203333,7.39529764962445,1589.65122497289,3840.3305987525,2587.06275850844,31.8764183345067,25.2442569445689,1766.8135345431,4204.97269106833,4822.82461790433
10,2022,"Lower",47.9316888973613,199.600316303046,31.245958961976,0.38621661431,17.1277137716,31.4159860041,0.052468044603,2.5009245652,118.7148598389,145.76901553048,26.591861841552,0.910295406086,921.301466122184,690.2174102485,387.689152336618
10,2022,"Middle",22.9039189494825,1871.50831236102,0.28905985739625,0.1670190049625,0,13.847601216,0.27037549511375,54.8155345445,1383.43503342544,1253.0400284125,12.9315204858,0.317167792025,3165.07163865743,2104.97872241687,5183.48959383654
10,2022,"Top",1.51381073764219,2185.16277615749,0,0.0703853547,13.44842442,0,1.0287032745275,618.328665774,1896.11994414375,1662.48556058695,76.50761549004,0,3021.96807892228,1906.037012005,2513.57936836875
11,2011,"Lower",0,293.659186183833,0,36.565,10.2,0,9.256,0,421.125,73.24,72.072,18.156,4502.582,394.7375,2039.18
11,2011,"Middle",0,127.727583197938,0,9.445,0,0,2.405,0,716.85,14.85,65.688,7.966,2673.034,653.7175,3154.7615
11,2011,"Top",0,10.5679561585766,0,35.7,74,0,1.196,49.2,2082.15,157.02,51.744,3.1,605.682,700.81,2151.369
11,2012,"Lower",0,87.7535882681231,0,8.45,9.8,0,1.989,5.2,661.125,13.4,59.808,3.186,971.432,1982.485,2305.501
11,2012,"Middle",0,124.878945227549,0,12.96,0,0,5.0505,603,1259.025,281.6,188.16,5.4,5508.461,4557.91,4282.278
11,2012,"Top",0,3.47117429301313,0,62.9,209.6,49.2,3.406,1454.4,4255.5,680.76,319.2,0.396,3076.024,7255.925,6210.974
11,2013,"Lower",2.93671738661994,15.6591956179734,0,63.1411876633708,0,0,6.21483069396296,0,2333.59400581446,19.0350291343031,6.8544,3.78966167921429,541.704347652434,395.738,687.523978605881
11,2013,"Middle",0,93.362789054536,0,42.6830549047975,0,0,35.9247140033333,12.7,1877.79578999091,30.8781477426028,69.6865220646158,2.557,1069.19822303561,745.43,1760.95924966243
11,2013,"Top",0.19011323367999,11.3941137114016,0,154.304843919723,708.264018770176,0,46.7291813385291,170.157065008319,9113.02210140297,228.270201824959,71.8332121769135,5.59657287820399,895.155538642082,290.49,2764.39139097724
11,2014,"Lower",1.88154206021279,96.3586234882948,2.67,40.2059944773255,17.3277311162315,0,7.62643427501746,0,1993.87769007698,41.452884024169,20.030642446992,5.86146576175494,3749.998332118,766.797,3470.98144842075
11,2014,"Middle",0.849363854983959,49.8959167526193,0,4.03932539994464,0,0,2.99207086283658,69.2,1234.10811275601,293.859924162865,92.6622280295824,7.1903854969752,2735.84419946855,532.6225,4145.48321534053
11,2014,"Top",0,55.379063594915,0,50.0621965956669,110.30773267104,11.3071046775988,3.19187647109936,951.004959754106,4007.97452447491,859.152115800127,72.7136482335081,0,336.706761828365,266.94375,1904.79528159426
11,2015,"Lower",2.69697616394467,0.996421799663223,120.5505,36.685,133.8,0,16.2955,0,59.85,367.09,55.44,1.958,2506.119,1749.15,1244.4795
11,2015,"Middle",0.341931277284972,29.5205394159827,0,10.365,0,0,6.7535,26,389.85,54.74,48.384,2.4,2237.858,845.595,1584.7975
11,2015,"Top",0,0.205121086851139,0,5.83,0,0,2.964,588,2561.85,440.36,59.472,0,754.908,909.19,2013.264
11,2016,"Lower",0,73.4905042689537,6.141,18.875,0,0,2.327,14.6,300.6,146.89,85.848,18.628,1290.632,1086.5775,908.424
11,2016,"Middle",0,120.686085316346,0,30.045,0,0,5.7265,262.2,1485,187.67,212.688,5.85,2180.801,1321.81,2460.8265
11,2016,"Top",0,0.493011746407556,0,11.48,48.4,0,0.78,712.8,5639.7,742.24,30.576,0.9,200.83,1066.165,2893.726
11,2017,"Lower",9.61912019166873,17.2087582565152,1.09612130207625,63.7200847109098,9.3226782055,0,7.45583086350375,0,3857.51066114736,122.067610717421,98.5139043062212,36.7887592082731,2660.99638643102,906.644595064312,457.161759754719
11,2017,"Middle",2.69932472231012,55.5025779307211,13.1432129245714,95.2592100414297,9.97008661914286,0,580.62883764077,5.47806517050457,2077.71872979679,100.039526696839,195.627979303637,25.0743841503623,5061.51598454599,2889.71924275786,2115.11395555763
11,2017,"Top",0,7.34525032941739,0,67.4320055460702,25988.9180161964,0,827.92859052413,831.0064553,6346.70471153986,927.296550720049,405.861643689561,5.07751709399733,651.106074751939,406.79932215,7602.65065769856
11,2018,"Lower",52.6663849691886,42.7260242190507,5.215689418032,4.64309980521,140.7744232828,5.6779512222,0.361263180772,2.7789786272,58.39764819975,61.34288446628,61.22253945192,3.404267353452,2221.10692198766,543.7114649392,613.05037011108
11,2018,"Middle",11.7735293517226,54.6750085998392,0,12.36858818212,4.7280591856,0,3.927347197618,1.229295388,646.3017189477,58.22273431496,69.503874980736,0.220295942288,1164.56774211355,1496.5127301802,1400.56929964072
11,2018,"Top",0.406912086930725,1.00542491484629,0,10.61313737874,2874.5545732952,0,4.947598701981,268.773666068,4683.757243629,2314.8522849577,81.249887694528,3.214838712244,257.134348733892,1025.67425647816,8201.78992917889
11,2019,"Lower",81.0255971618557,9.12916630553606,0,14.6528696281333,14.1264399486667,30.831402454,0.45183526102,1.69218509333333,108.91948987175,32.5939966123333,95.592304416,9.41874369217333,1812.7391982028,606.888149075833,385.494894884678
11,2019,"Middle",9.25157029715212,14.3566045682238,0,21.7570337965,0.1992258055,34.947864047625,3.2706681996625,4.77204844975,1122.18450558281,15.881067653,53.30541543894,5.47200173509,1106.8748519906,720.4693832275,1604.37910311689
11,2019,"Top",11.721159907354,0.0534013276531842,0,38.9842508016333,3973.3302778,51.3233284515,16.17268055455,111.894310743333,6579.109002406,3025.9919824745,83.09587901328,0.88753477472,327.236902436267,1304.52347607667,7800.56995117767
11,2020,"Lower",8.24217289099363,15.7989505703379,5.93311093339091,16.2630134162,258.255540455636,335.525710462091,0.980199503069091,5.73498104363636,1059.25683181609,74.8422931539818,61.5023751151855,4.07643123468364,1186.47110936097,793.612269847727,982.56738583873
11,2020,"Middle",5.99705338841611,69.0929029644021,0.901125,13.47032951125,2.4661219175,270.51969863625,2.3234556553,157.2978126195,1260.175749882,446.246538435025,89.60691696894,16.504325096245,3626.17782115802,1488.27197037612,5358.35687962978
11,2020,"Top",4.48283001984641,57.0020127010984,0,20.9230162001,2655.91623885621,238.400299706053,6.72408673897316,118.950499470526,1926.1527575925,1831.53385924838,45.2506673109474,8.22632693353474,2050.74552000934,1162.86333500318,8492.03082141277
11,2021,"Lower",105.765144204638,45.8330286271484,1.90308532165071,7.21399631337857,2.61924337114286,34.8575416341429,1.75092455352286,9.20743788771429,324.7834697385,39.0713092051,49.47989086872,7.42787451572286,1816.91645478862,293.145536136536,1338.54423622218
11,2021,"Middle",42.1408942533912,305.291828945354,2.67,8.54741881645714,1.409526796,10.498339416,7.57783268654286,70.6611214948571,1067.34456925093,91.3062556335143,60.05041869024,34.7519274459829,2021.4931746717,476.091306622643,3296.32477418137
11,2021,"Top",15.1769621272516,18.4270789978639,0.623,50.2132693277833,1315.75863885,47.476958246,26.13758497948,911.328968940667,2858.9267069075,2211.07236722658,454.792085643,10.68076308781,649.976596081843,1333.53214256175,3747.88640541384
11,2022,"Lower",0,0,NA,NA,NA,NA,NA,NA,NA,NA,NA,NA,NA,NA,NA
11,2022,"Middle",NA,NA,NA,NA,NA,NA,NA,NA,NA,NA,NA,NA,NA,NA,NA
11,2022,"Top",0,0,NA,NA,NA,NA,NA,NA,NA,NA,NA,NA,NA,NA,NA
12,2011,"Lower",0,3.40162400397083,0,2.12,10,0,0.0845,3.65,140.55,87.2,13.776,30.434,321.062,27.6,436.6505
12,2011,"Middle",0,45.5103792361979,0,2.26,0,0,0.169,0,275.025,3.1,6.888,1.1,1659.574,145.245,1845.833
12,2011,"Top",0,0.886129288336418,0,63.65,44.8,0,0.481,14.8,2919.9,95.98,37.632,5.624,39.634,102.695,2449.744
12,2012,"Lower",0,5.98243502723815,0,142.604372017404,30.08,0,13.8076405618107,10.72,344.683562591129,128.390579984366,69.3504,167.838348266441,546.392437020025,24.173,732.477718190532
12,2012,"Middle",0,55.1866673298676,0,205.504947042468,0,0,569.296457578413,0,789.619498766782,3.3,2.8,6.11624467062355,1515.15340634828,74.8266666666667,2154.50560982217
12,2012,"Top",0,1.82352031728134,0,1772.45330022886,21.4,0,2530.04266462453,107,2480.02045954759,161.959670880429,37.968,217.335656362884,292.5335,87.515,5713.35697891371
12,2013,"Lower",0,2.28395256303589,0,4.39,37.4,0,4.0495,6.55,134.7,150.73,55.104,16.953,1546.657,100.165,623.007
12,2013,"Middle",1.41886271133938,12.2698159366788,4.539,8.895,0,0,72.306,0,1019.475,27.12,10.08,9.45,5889.506,318.665,3233.703
12,2013,"Top",7.41789603759105,10.4104040203596,0,9.34,373.6,0,64.259,313.6,5578.8,50.66,141.792,7.68,3743.95,1050.18,12456.389
12,2014,"Lower",6.17542543804102,0.219174312352669,0,33.1296533815002,927.367917045368,4.5,3.00817256693363,24,490.645065479312,771.794491695142,123.450463449699,41.4900609022231,959.505771604198,15.49625,485.463703631841
12,2014,"Middle",1.66791593212828,23.1768942675076,0,5.8745801236973,0,0,10.1197234843781,541.933651917141,838.768287858511,8.19917064896427,5.04,3.12522918192931,2750.10942814559,109.211666666667,4559.26330588812
12,2014,"Top",0.38022646735998,0.0986023492815112,0,38.3154200818387,401.174427340964,47.775,55.754677410602,1192.96601857898,5653.22478929648,137.846376909846,65.9105554162613,6.45498958801752,76.8373620086669,167.555,5676.64089351662
12,2015,"Lower",0,2.92678840321939,32.7075,100.74,106,0,76.3035,0,655.725,236.81,59.976,51.26,562.457,893.1475,928.7135
12,2015,"Middle",2.72374157291126,5.36310500918829,18.69,36.005,5.6,4.2,10.218,50.2,959.475,7.84,18.816,5.992,1584.828,809.14,1348.996
12,2015,"Top",0,2.45037297785566,0,50.63,0,14.1,6.76,359.6,3115.65,141.9,143.136,4.7,3863.916,1104.575,2936.351
12,2016,"Lower",3.00202161835976,9.8217668679161,2.136,16.0835321046982,626.606899876455,0,0.54239826907883,2.4,108.303192370252,340.670453239567,96.3076389645248,58.5381867485774,435.205172046738,87.952,199.947835146756
12,2016,"Middle",1.99314522215395,8.82410395116389,0,3.93948511574332,7.83903881574854,1.32,5.37134082251843,8.16,954.494258938855,31.319097264801,78.4775692022195,13.2499202151331,1291.67708527112,123.602,2691.08488250434
12,2016,"Top",1.41019053817606,0,0,23.0246828368143,1187.03093794057,0,71.6285363610959,771.021969368932,3649.09735897079,719.680406549212,188.814231555767,0.749398750562103,786.378169738306,170.9475,8686.45717921413
12,2017,"Lower",0,12.7111472416046,0.9078,3.61473451280711,59.7810645354658,0,0.0813632929181712,4.08,137.511908703949,163.352467161325,120.502865496745,6.0120714040346,1503.98864526325,36.547,304.974607169354
12,2017,"Middle",1.83949175339953,41.5844362176366,0,5.92916753433937,1.52,0,3.20266207451652,3.2,284.546424117233,21.4113105583276,16.8128456225816,6.39131664327922,2550.00973355791,54.142,2212.66339590237
12,2017,"Top",0,43.5310216513594,0,30.2246803126831,6006.37346228426,3.675,13.1236852048924,1257.50599918793,2715.48275281109,697.808801565569,553.76996954998,14.1746042527806,2329.96246539965,244.7775,15322.9104448029
12,2018,"Lower",0,0,0,2.25258097965873,105.282558152487,0,0.1716,9.50003242624915,46.9043619431761,99.8704937339527,106.6687122051,13.3514984405846,1062.35405246945,43.608,510.283263693154
12,2018,"Middle",3.29989677950299,1.21444341730237,1.5486,2.26401360131916,0,0,1.3884,0,280.099992392877,8.58337384763598,24.2423302335013,12.3606799793184,4060.24838226363,171.856,2433.98630855146
12,2018,"Top",0,0,0,9.71460068336713,940.131918841051,0,1.76320729521701,240.21519296314,2434.58273402103,382.183163954876,98.8978804559894,3.95602377829938,371.065671250387,74.54875,6999.58883287521
12,2019,"Lower",0.248495370083074,1.16627579863696,0,1.035,77.6,23.7,0.2665,6,147.225,270.42,119.952,10.13,1590.281,115.9775,1135.0185
12,2019,"Middle",0.281428144402301,2.34264818229333,0,0.69,325.4,20.7,3.1265,0,1277.4,97.05,11.76,19.358,1971.326,358.34,4853.6235
12,2019,"Top",0,0.0394497523206031,0,6.51,6232,206.1,37.128,202.4,8469.45,1855.94,36.288,3.6,528.808,465.635,8369.504
1,2013,"Lower",NA,NA,0,292.041196891531,151.819370407993,0,4.29630303697255,40.6816464590856,11.0161616332629,0,0,167.583344676708,16.826646886886,0,212.868963293418
1,2014,"Lower",NA,NA,0,28.6602442615541,0,11.2409812584316,1.4613275635961,0,345.01656856353,9.11528287943329,184.996680374775,30.699801088368,188.754482763411,0,1950.61901503463
1,2015,"Lower",NA,NA,0,0.523154465531756,5.25326034447189,0,0.0453124825921274,0,13.2090866149742,2.54474680931,19.6572520635816,4.68715860835145,154.092668499269,0,252.046677389951
1,2018,"Lower",NA,NA,0,4.60371891105515,47.9002827892289,13.2767781417647,0,0,137.29244233907,93.4300498002187,63.7463191000591,5.5643161078484,366.963017654203,0,305.589588691768
1,2019,"Lower",NA,NA,0,3.58644183342816,733.049986833122,0,0,0,44.2651042223836,239.566304399926,213.357949562477,10.6633047218859,126.732514898285,0,146.624779187635
2,2013,"Lower",NA,NA,0,8.73782499765462,37.2915092541619,0,0,0,122.468706527873,40.4622846399435,11.390861008544,9.88870485755731,47.1524877573858,0,328.450451801509
2,2016,"Lower",NA,NA,0,14.442550139718,178.875717153401,122.538486955986,0.82710156040574,0,362.668381004108,149.589569174315,316.460855820003,35.539994097792,764.998874300991,0,638.75968075628
2,2017,"Lower",NA,NA,0,20.6883531323482,218.939981298325,0,1.48517371846451,0,300.789667447551,158.877726218039,37.7156131155709,33.0298013580336,13.3303543181263,0,932.360141476802
2,2019,"Lower",NA,NA,0,12.718171703174,682.260207810002,0,0.151632696699156,0,155.401555279711,236.902891990042,70.293096841809,36.4502679291442,6.20527651107316,0,475.976231096151
3,2013,"Lower",NA,NA,0,62.8542481693303,57.2044456030131,0,0.747423813095886,0,2430.5958378842,136.205356117809,83.1966739747159,0,307.862041251476,0,7216.91119247016
3,2014,"Lower",NA,NA,0,10.5019543707613,155.160872821097,0,0.317780755893121,0,645.331119482228,100.463294938208,25.63715812186,21.9160978339295,129.588591928043,0,1086.94803060377
3,2015,"Lower",NA,NA,0,10.9253880670122,11.6294655605624,54.009555863842,0.800520525794249,7.75297704037495,795.043137490631,40.1172607010249,34.010068035824,21.9574241925216,414.97534613277,0,1617.19557724872
3,2016,"Lower",NA,NA,0,43.2404649926124,86.9287525113181,34.7895179915765,1.02803234315205,0,783.214459965374,79.1153698581005,71.3022576645823,74.5215066841536,126.599428126626,0,829.075231411416
3,2017,"Lower",NA,NA,0,119.22192022031,2214.68417768932,0,169.581475706203,113.480382227976,6274.15247283716,246.652352079623,354.608676050073,127.803144192452,75.4644541816039,0,8294.56394585695
3,2018,"Lower",NA,NA,0,11.5885997696205,167.726902727112,44.2777407006608,0,14.0085551182684,300.046573590184,145.320429689524,66.50611682837,19.2669093123493,81.8463341785512,0,645.005991091642
3,2019,"Lower",NA,NA,0,27.7139100738716,444.949540899601,0,3.97863708315144,224.558634683459,500.98233473797,1170.01139965534,655.135568044658,87.7397083784279,0,0,4285.8455432956
4,2012,"Lower",NA,NA,0,16.7384207076056,22.6318422669756,13.6379552032442,0.938763543476715,0,571.765099488134,77.7429866255962,99.1195343190529,14.1065664238479,7.11622607092908,0,3545.3463929402
4,2014,"Lower",NA,NA,0,12.9433956378167,174.033758228656,5.62049062921578,0,0,871.296162852374,69.825228583624,40.9171717806909,17.9597842500303,419.632276818115,0,4507.98336017272
4,2015,"Lower",NA,NA,0,75.4822619642128,143.219025206062,21.9033825991497,3.85317433271915,0,1854.77932134653,53.9157158068849,73.5953655331431,1.97890011530546,4871.61955524818,0,5930.34667039938
4,2016,"Lower",NA,NA,0,342.50265958421,4122.41497092508,54.266806075187,8.3568202934049,0,6590.80365533226,3325.20496014151,2344.66585499386,15.6238513863292,10716.81662521,0,17733.0555278988
4,2017,"Lower",NA,NA,0,14.6368362784976,487.430899450205,0,99.2192212733484,0,374.936401022234,532.729783016379,719.468218645715,76.7698651718191,0,0,786.33640681099
4,2018,"Lower",NA,NA,0,16.4351261606858,186.721159656184,68.781509517317,0,12.7397787595558,576.777424794232,401.780608590593,205.452260555717,34.257336455755,47.0551262761954,0,2903.15420153377
5,2012,"Lower",NA,NA,0,11.0110574827251,57.5347217220768,19.9196800241324,0,0,1472.17298396065,82.5323129859248,26.0191246195162,17.8302446152208,771.129173450743,0,6639.51144189655
5,2013,"Lower",NA,NA,0,47.5665997060611,97.702393261472,125.635836931525,1.20622651198415,0,1450.21812209601,149.616541106506,84.2261336962835,9.85840702214853,7349.7499304313,0,5076.26552407782
5,2014,"Lower",NA,NA,0,68.6183339829205,82.4338625618315,0,8.64225978470812,0,3507.09549955598,72.1296297416025,0,16.3876584840662,3771.14433625505,0,10425.1014712102
5,2015,"Lower",NA,NA,0,181.83263228019,104.531518027124,0,0,0,4788.34082994928,314.604732616929,0,0,5991.90946032862,0,3936.69825445904
5,2017,"Lower",NA,NA,0,39.8403475545248,1808.67615538694,0,34.4809499895118,181.306149329541,1470.95752067835,2198.30985371004,684.080880024274,255.072956750937,114.609172162782,0,4434.54628981929
5,2018,"Lower",NA,NA,0,107.592276451928,202.052056239758,256.554653800851,0,78.2736059035651,1417.20182734196,99.1030923736817,7.88840790065373,7.40368401708214,827.307936861267,0,5092.82022458528
6,2011,"Lower",NA,NA,1.2905,31.5516666666667,81.7333333333333,3.35,4.46333333333333,11,1015.1,613.633333333333,95.536,14.7373333333333,4981.116,1188.62083333333,3439.61016666667
6,2012,"Lower",NA,NA,0,24.5079089112571,25.3485730440731,1.13333333333333,2.39739843226061,11.4666666666667,734.512469083531,140.000859072737,42.4853333333333,2.31173650014552,5785.09370457823,1045.89944444444,2978.98777250428
6,2013,"Lower",NA,NA,1.958,27.4377588516139,8.8,0,2.90864491845291,11.8444444444444,1423.86695417722,158.926838248224,17.1308821647846,8.55175120477493,4958.49790251272,1623.78722222222,1351.26752909552
6,2014,"Lower",NA,NA,4.628,28.8215486088056,37.0460502660957,2.76666666666667,1.32684528009039,8.35555555555556,1162.27444571025,704.323832914406,15.9413333333333,6.18533333333333,6120.75821651002,2462.89111111111,1488.97136875233
6,2015,"Lower",NA,NA,10.146,24.8416666666667,26,0,0.203666666666667,52.2,355.975,174.596666666667,1.736,5.03733333333333,4459.71166666667,4044.91416666667,883.985666666667
6,2016,"Lower",NA,NA,0,764.238478994082,1058.00253807932,0,14.3726535730428,283.478920282963,9971.56311806989,1048.15659035945,106.152359324351,279.036702176325,7522.0759502762,2013.075,2016.17809691407
6,2017,"Lower",NA,NA,5.99266666666667,202.167794943809,467.375071856796,1.63333333333333,3.58099780697226,70.8888888888889,3053.6417462788,552.361723840342,204.736655928484,32.5384038556297,15604.3060650176,13047.4911111111,1351.29660223565
6,2018,"Lower",NA,NA,1.18666666666667,66.972655624165,74.5592753982801,0,0,134.237763895134,3041.77816101887,95.724841328867,17.4850550052463,3.30933333333333,6189.94722233033,645.137222222222,2754.88335279662
7,2011,"Lower",NA,NA,0,84.9516666666667,110.466666666667,0,1.677,22.6,673.225,539.3,18.76,0.541333333333333,7206.56066666667,3773.265,1634.01516666667
7,2012,"Lower",NA,NA,0,38.2914311106207,3.15555555555556,0,3.54595062213612,4.8,1437.49279035187,81.1466240012547,6.832,12.059294550117,3837.93116094327,1579.89555555556,1555.88899657747
7,2013,"Lower",NA,NA,8.2325,30.0983333333333,0,0,5.46,9.06666666666667,340.55,1006.04333333333,18.088,3.17333333333333,3538.11033333333,4104.44583333333,1086.48283333333
7,2014,"Lower",NA,NA,46.03525,79.7439216682545,0.933333333333333,0,2.01921301898028,7.06666666666667,3128.97450487845,315.069440342851,17.108,13.4030072733208,3202.90783235507,3421.32666666667,1101.76157728221
7,2015,"Lower",NA,NA,38.7969044390344,65.2936553844272,75.6433262219373,0,5.33584187865367,94.426583370807,6290.93905236189,851.448113956409,58.2441970132137,10.2795892295617,6380.3845508446,4277.99041666667,1052.15293997991
7,2016,"Lower",NA,NA,3.32266666666667,1395.79075244175,376.252481349272,0,2.26055555555556,2082.17410530346,12808.9893626097,1192.3638079138,84.3032458726804,141.286925646984,7242.47388191441,2445.92222222222,2714.57940417677
7,2017,"Lower",NA,NA,0,231.455362124475,143.50863225937,0,0.154555555555556,17.3333333333333,4072.80498928172,180.08746792131,76.0106666666667,21.2629369440645,12183.9954720035,8632.60277777778,998.473365064355
7,2018,"Lower",NA,NA,3.70833333333333,80.3352935823474,82.6105915188799,0,0.864316033840174,57.9775346192542,3698.58732887358,313.819729520994,25.984,5.15771807571661,3669.85288770558,3483.32444444444,1152.13794161273
8,2011,"Lower",NA,NA,2.5632,32.9,0,0,0.5486,14.48,219.87,443.9,16.2624,29.9104,4880.6744,5694.593,487.6982
8,2012,"Lower",NA,NA,0,1138.71613015588,2.31111111111111,0,445.286595764332,8.66666666666667,1266.87700186562,851.934275665593,4.144,23.0179941226409,1886.79994703813,2019.04222222222,367.257
8,2013,"Lower",NA,NA,1.78,47.9638053535262,37.8075045328629,0,0.673594170881245,49.2399884269282,1904.14730223523,410.592150788379,12.544,2.54415154753909,896.748021684257,3101.74166666667,425.057433468821
8,2014,"Lower",NA,NA,7.921,125.149958689005,46.179166250854,0,3.09979093361514,23.3333333333333,8604.75923475879,938.481968020078,20.384,66.4245416375598,6455.64274530965,4818.2125,1652.6357958467
8,2015,"Lower",NA,NA,24.9645,77.8994713876287,281.024531460789,0,0.0585,1.8,9650.68719200875,432.729705816476,2.24,0.746666666666667,5758.49488725707,1818.97416666667,361.731590086064
8,2016,"Lower",NA,NA,16.4056666666667,334.027491064983,0,0,61.4728509946311,0,3431.8514536433,745.401691421981,32.816,1173.78249299652,7451.30179451493,2130.15777777778,1061.63739295306
8,2017,"Lower",NA,NA,0,100.992996881694,34.4632355795387,0,1.58549942640726,0,4023.79209303716,367.752250227139,82.9639822691011,8.45006926909496,4362.8958265486,7420.01722222222,308.637710283671
8,2018,"Lower",NA,NA,5.48833333333333,41.3586180541317,0,0,0.115555555555556,5.02222222222222,2167.74173612923,361.504446988256,54.8985642595482,6.02607274726912,1302.361523569,4635.40722222222,169.194613538638
12,2020,"Lower",NA,NA,8.1435,0.105,1.8,33,0.2665,2.85,80.025,2.9,21.504,2.05,902.671,20.01,797.7695
12,2021,"Lower",NA,NA,0,5.62,0,47.55,0.403,6.2,333.3,91.75,59.472,2.796,1228.521,67.275,334.3505
1,2013,"Middle",NA,NA,0,126.465499864203,0,0,160.503927131364,0,0,9.1489097464457,0,4.57445487322285,12.1680499627728,0,2184.11094915778
1,2014,"Middle",NA,NA,0,13.1093098675915,0,0,23.1593423862674,0,360.492869964439,16.991601473644,0,8.0212984294156,235.013838499877,0,6195.24100422213
1,2015,"Middle",NA,NA,0,2.73905243330449,0,0,0,0,136.409307571067,1.28646785513161,0,2.93314670970008,153.458628745522,0,2294.6235026803
1,2018,"Middle",NA,NA,0,9.99051173034122,0,10.3425792475238,0,0,356.143644356614,33.5145004043311,10.9911816749109,8.55228773177471,218.149114910754,0,3744.22722152352
1,2019,"Middle",NA,NA,0,9.14016735043059,3.72115241658424,7.9246764427257,0.375794495577432,0,177.99926662372,19.4453419606422,27.7460149817311,16.1396865709401,163.196132694937,0,1737.23574018486
2,2013,"Middle",NA,NA,0,86.5152633415164,24.6659245899298,0,0.451683065111522,0,1481.45329965179,6.94897023248495,20.719376655541,0,18.48426081841,0,465.914906515899
2,2016,"Middle",NA,NA,0,19.4417774613996,29.2684431275436,39.7181337797915,3.71423277016431,0,1115.81284773135,15.6791906289966,0,15.0928908363208,932.362609167095,0,4984.14546820814
2,2017,"Middle",NA,NA,0,225.362066204657,372.558235993732,0,65.3288217678231,186.279117996866,2842.79177676943,105.558166864891,52.1581530391224,0,41.2918711559719,0,7050.38626807401
2,2019,"Middle",NA,NA,0,24.090872620798,7.66042740937148,0,21.6908988619235,39.0985898020851,2146.13095607827,62.3860951734559,33.3232661391666,16.8971793033068,0,0,4097.71138872049
3,2013,"Middle",NA,NA,0,85.6920177450445,0,0,0,0,8309.21228951136,26.3488600697636,0,0,0,0,40623.0802714469
3,2014,"Middle",NA,NA,0,73.2761715465015,0,0,19.0476489323906,0,3657.52961116535,18.8383341089577,0,15.3765521411632,0,0,6523.24074113674
3,2015,"Middle",NA,NA,0,84.3073594382365,899.278500674524,37.6903489253294,90.6882693878756,0,7064.95672092424,223.364909946952,0,0,167.093880235626,0,16631.468186416
3,2016,"Middle",NA,NA,0,107.115102245275,279.588183855546,124.899791760351,80.8114142668648,0,3538.62967520631,44.9170876118162,0,18.3398690894507,585.699879322998,0,5128.91185026069
3,2017,"Middle",NA,NA,0,567.19877741262,17971.295751575,194.843675146147,1593.05045255205,1039.16626744612,15189.2009284947,1626.14587781314,1964.30094655029,7.79374700584588,172.761391962917,0,26398.919082786
3,2018,"Middle",NA,NA,0,23.0743385699693,1254.54901945952,85.108073607119,22.7549385961097,0,2501.90203336941,96.322093789452,69.7430522663692,13.808516610535,261.300370447183,0,5353.0859505861
3,2019,"Middle",NA,NA,0,128.882926824882,628.702922384248,68.5691518654067,143.989161197677,145.336172193609,10763.9841893675,159.052212069308,42.5329253928087,41.5100975309672,60.7979813206606,0,17027.3740613147
4,2012,"Middle",NA,NA,0,31.8589630734997,0,0,5.09686312128334,0,1083.40755797037,0,0,0,15.836460929934,0,11422.9820232758
4,2014,"Middle",NA,NA,0,67.8033196735533,0,0,85.8614121467758,0,4043.99480947771,10.6387858338728,124.513811113556,45.7316270717445,113.196681272406,0,16029.8239477869
4,2015,"Middle",NA,NA,0,109.172626154604,0,0,245.45385139114,0,8708.05851751425,26.9783550202358,0,14.8618742599455,1901.58924149123,0,10907.2246353693
4,2016,"Middle",NA,NA,0,103.905320465353,5797.54546194035,152.935363082455,283.881252835396,971.551549832183,21386.6918186859,1275.39808245091,0,24.3990562282566,1551.39656070921,0,52439.7516358675
4,2017,"Middle",NA,NA,0,118.630526977696,25487.6388097132,0,873.127694870165,0,4745.54996884164,785.257128394643,553.639822271069,41.0015868123634,0,0,9788.20028610336
4,2018,"Middle",NA,NA,0,126.299531314849,742.003584869744,79.0358444058501,0.384100434875917,260.247245222677,2545.06668601722,42.043125029283,16.2700233352806,24.7531097509625,41.4794419234755,0,14553.2874738007
5,2012,"Middle",NA,NA,0,22.217888671427,3662.41875096137,0,54.1039133664747,0,10234.3157010842,253.552524882643,279.675613709777,15.5974859950326,0,0,45719.8352267654
5,2013,"Middle",NA,NA,0,160.519447379352,177.995123926613,0,35.1033421089705,48.4611192030161,5231.27532511311,408.257990387054,40.7073401305335,12.115279800754,2058.47813522552,0,20544.5148332553
5,2014,"Middle",NA,NA,0,143.416401729477,0,0,615.390627098253,739.729089264528,6455.58351541784,36.9864544632264,0,54.197588210295,884.801204650561,0,27849.5812507163
5,2015,"Middle",NA,NA,0,111.626570019212,0,0,104.352406147089,2773.12993132736,3142.97835985747,2399.55868319769,109.166608185109,0,2979.21233147764,0,5385.12946162257
5,2017,"Middle",NA,NA,0,100.363443013498,1463.95955154508,0,253.83987643968,609.855534940195,4747.13960255496,2610.51666982845,531.444881302837,1.27675342688359,676.877911702631,0,22595.8218369924
5,2018,"Middle",NA,NA,0,52.9837520265766,0,201.761202074413,16.1328897690453,55.0096287150964,3272.28621548434,19.5035828671932,0,56.8146321573105,138.807078813242,0,23803.3731704029
6,2011,"Middle",NA,NA,0,24.53,138.3,10.2,51.558,122.6,3898.2375,6510.49,115.248,0.992,2222.7625,1237.88875,14400.2595
6,2012,"Middle",NA,NA,0,14.3214869911858,42.6666666666667,0,23.8223215257425,29.8,2021.96790258624,887.314608995912,0,3.56933333333333,1252.59035690735,604.4975,17187.0229315689
6,2013,"Middle",NA,NA,0,36.2694962216807,3,0,21.348474269676,161.417286248764,4745.93256267796,4282.68914673313,0,1.35666666666667,2260.54929763589,2442.69583333333,5933.98960722805
6,2014,"Middle",NA,NA,5.162,51.5143060111251,16.2,0,26.3866923142995,87.4666666666667,4619.2482684038,3316.65884607409,13.328,11.8110190827124,4528.0276244756,2999.64083333333,6925.58125520438
6,2015,"Middle",NA,NA,0,19.4925,13.2,0,0.65,1307.5,2223.525,958.42,0,1.518,578.683,1290.3,2437.9795
6,2016,"Middle",NA,NA,0,226.23990096778,94.3,0,49.9529342211877,771.04797900344,13245.1251441161,2444.00230427603,2.73,29.7920866383586,2799.45352803877,1959.14,4916.36436330628
6,2017,"Middle",NA,NA,0,107.854769181268,81.5620265737451,0,13.9419619510483,1432.06838593108,3417.00972862481,1292.38700424537,32.544,7.87485714285714,1821.24781140246,2431.28071428571,3951.36086616888
6,2018,"Middle",NA,NA,0,278.779677518798,127.828571428571,0,2.88745874139441,2149.39853045546,13787.0620419491,558.965506801935,1.872,1.17142857142857,5248.38703061866,976.465,12653.9012201645
7,2011,"Middle",NA,NA,0,58.68,49.4,0,4.5175,320.9,1521.375,4652.295,15.204,4.738,2584.988,5593.28375,2293.566
7,2012,"Middle",NA,NA,0,73.5675166817838,12.1333333333333,0,2.97623012487606,288.947442734096,2575.27500256978,2442.82122208476,2.016,6.948,1562.09062458478,917.661666666667,2849.70286594192
7,2013,"Middle",NA,NA,0,20.1875,0,0,4.979,1815.2,1271.0625,4466.455,19.824,6.499,2316.86,5215.73875,2360.5725
7,2014,"Middle",NA,NA,0,138.682507966586,2,0,1.490125,588.375317906929,6296.78972696916,4598.58150948006,13.86,7.3265,3759.72921922445,2757.1825,4542.3065685647
7,2015,"Middle",NA,NA,0,76.1989866501514,0,0,7.56515856981302,3290.45883787311,6145.91308716914,5005.5154465452,0,7.19142857142857,3513.29119204781,2117.08428571429,1448.43445291749
7,2016,"Middle",NA,NA,0,183.130802448023,2.33333333333333,0,0.160333333333333,491.760699111631,5447.19957933733,4641.5596416737,676.409791884675,9.07777850571331,12388.4745319624,2248.8825,9237.81759367468
7,2017,"Middle",NA,NA,0,153.918166015731,17.6666666666667,11.2,0.0975,888.012666966455,8246.17995395228,4410.44275798695,0,65.7451236807358,8055.41243584876,1647.58583333333,5365.24939122321
7,2018,"Middle",NA,NA,0,123.250777070656,21.6560945060396,6.34285714285714,0.0687142857142857,1847.61777751725,7272.4254653132,2874.86858306555,0,9.78514285714286,2263.52565053768,2335.61714285714,3498.81258463254
8,2011,"Middle",NA,NA,0,34.7725,0,23.55,2.1515,144.9,2392.0125,7667.01,2.94,8.831,3288.558,2903.8075,3247.59875
8,2012,"Middle",NA,NA,0,1698.39895402663,0,0,3589.23619468258,2840.13333333333,8158.18762345232,4180.46745494362,2.968,127.125690424619,3108.38959491148,4189.68,2533.45146341838
8,2013,"Middle",NA,NA,0,46.7197989364439,0,0,0.678166666666667,457.109826170814,2920.82453132022,2394.86264539555,4.144,7.6145127532602,3944.5589904546,2020.8375,1413.07542546198
8,2014,"Middle",NA,NA,0,109.278199098303,0,0,8.71237808883785,1272.09315454702,6616.75776593569,3544.58686628483,8.82,13.6162743952698,4958.45058452402,2073.45,2116.70024406643
8,2015,"Middle",NA,NA,2.46975,111.102858643073,0,0,3.30937391590971,312.8,5317.44222845919,4192.51663918422,0,1.875,4884.43746969625,1248.6125,863.892681982614
8,2016,"Middle",NA,NA,1.6465,49.6011842826572,4.86666666666667,3.95,2.90473654644609,1804.86071874956,4365.18648120544,2307.94367548778,2.184,20.5946666666667,3875.45191956281,3389.6825,1987.01848443449
8,2017,"Middle",NA,NA,0,81.001374409877,0,0,0.0947142857142857,258.438234646615,4157.17852099072,2230.9993443485,0,18.5883784750428,2157.35194791641,2631.10142857143,1227.87888581335
8,2018,"Middle",NA,NA,0,126.727947423948,23.8922995233385,0,0.603571428571429,2280.96226787598,7809.90075459971,3563.59280040573,2.208,26.1302172959285,2251.2616594591,3023.90857142857,3711.24295736188
9,2020,"Middle",NA,NA,8.811,2.14,0,0,2.067,182.2,1843.275,1352.45,0,24.95,7986.783,3488.9275,1282.842
12,2020,"Middle",NA,NA,0,0,0,33.6,0,8.8,180.975,2.6,0,3.7,460.446,13.225,2192.8005
12,2021,"Middle",NA,NA,8.277,3.37,0,32.4,3.406,36.75,1195.95,4.75,14.616,27.024,1683.381,126.2125,5190.702
1,2013,"Top",NA,NA,0,430.568147747665,149.353856252377,0,548.349922287838,0,540.303351808776,50.4428625656136,125.457239251997,847.100363668721,1283.05059682905,0,2433.28130889203
1,2014,"Top",NA,NA,0,72.0644728441874,1072.57696174201,0,275.928695501196,275.094309493135,5560.98538442411,522.682965248402,397.30523033329,0,168.796025025803,0,12284.0945544532
1,2015,"Top",NA,NA,0,46.7894873954559,600.966487766084,11.1316095488901,31.7844449964532,32.4280367450441,2531.16111829045,45.506192670169,263.140231548725,0,150.780108827511,0,10410.0826527018
1,2018,"Top",NA,NA,0,104.221779644935,11654.2931204722,0,35.7803839813834,465.691712210099,2212.36296270791,1495.55826760438,1210.15635327134,15.8963371331355,11.6800820888391,0,6920.04173753429
1,2019,"Top",NA,NA,0,76.2274974472321,1077.48846237682,0,61.7769064139843,0,2703.75276085548,2395.27845637892,0,5.32322912482615,45.8482155593896,0,5076.95566184668
2,2013,"Top",NA,NA,0,381.768975917183,452.060257206472,0,25.5791990077966,0,6502.47059756491,34.7927942912505,449.247672611744,36.9120517915756,0,0,6774.16121775508
2,2016,"Top",NA,NA,0,71.7415898936529,5043.5789733133,0,28.3352731092603,740.171389943795,3257.76792983822,717.058627063551,428.11165725625,0,968.326812659117,0,9218.31103909519
2,2017,"Top",NA,NA,0,232.350097188908,790.309143724558,0,89.1098638391055,370.143925600686,4571.24287202606,183.588372863271,296.428020766978,41.7512759810731,0,0,2950.981687322
2,2019,"Top",NA,NA,0,218.322181167087,590.262486840202,0,207.863638619605,322.237544285517,10271.5850231628,1594.71397678457,0,8.08206597559353,0,0,7653.19112974589
3,2013,"Top",NA,NA,0,27.2214032636613,0,0,306.600858187931,0,1430.03510225507,927.385579738817,1849.41709673255,0,279.568292407227,0,75017.0219693487
3,2014,"Top",NA,NA,0,264.203282843518,909.205880674787,0,319.425949178491,0,5870.35327790228,12413.4589802146,962.677634972079,0,0,0,11010.1226821861
3,2015,"Top",NA,NA,0,280.726475139543,114157.160671043,81.4971141236288,1486.63510003838,1124.09812584316,17057.8484238742,3317.75858663629,4812.48889635973,0,373.762626842849,0,35663.6242496879
3,2016,"Top",NA,NA,0,204.833711996714,7129.50720421129,303.506493977652,388.960376731616,202.337662651768,9295.0992754379,682.255055624565,475.930883593347,0,145.375863621542,0,5428.58834416559
3,2017,"Top",NA,NA,0,736.40158817095,14802.4028348695,0,518.745866665485,0,9034.40543308399,1768.29309450116,744.942174311133,125.832866675266,1423.08760818673,0,19062.5276517523
3,2018,"Top",NA,NA,0,28.9811975096876,24773.2721204728,0,153.357215949753,259.791566861529,10346.4709010865,7947.85584345683,5480.15850260662,0,117.889287319609,0,14670.9534984181
3,2019,"Top",NA,NA,0,261.728739201589,4234.38871430668,0,274.099692731431,0,13880.8015214437,1383.06036110696,166.464418226256,37.3566326305498,0,0,16881.5967644507
4,2012,"Top",NA,NA,0,11.0600919048476,0,0,115.919544587108,0,7421.11493746293,2142.37310858012,5749.43545147341,0,0,0,59608.3292390142
4,2014,"Top",NA,NA,0,40.78120132557,51748.708812679,0,885.534981770277,0,8383.91981165077,1612.66353173518,4826.60484373395,0,662.050648920829,0,22937.0005606992
4,2015,"Top",NA,NA,0,298.525641675936,16836.4919292952,0,1073.57880946562,831.605522593463,16900.7017767866,6120.34716552506,679.854546509941,9.14266475685768,2265.83210228287,0,18228.4876184852
4,2016,"Top",NA,NA,0,236.292017985686,69711.805406052,0,595.701623214317,26017.3784873498,17471.6882568207,6475.75748793388,407.568572207032,10.3380152400955,962.989879720427,0,52580.9220609288
4,2017,"Top",NA,NA,0,104.045833425743,38240.6984499477,0,2008.11415909052,0,2898.88109786402,1962.06374943146,6010.92910101438,15.7373737618042,0,0,6779.28505583208
4,2018,"Top",NA,NA,0,262.620675341169,17458.7785868002,0,0,2330.62278874716,5297.01848230893,949.759993048656,578.323102885397,0,119.604040589712,0,16801.8197471026
5,2012,"Top",NA,NA,0,14.0972464835412,6775.6264330686,0,417.423666797219,0,12873.2923300582,3447.21281384748,2388.97862637633,95.4999312601377,657.501446123059,0,18067.4017154931
5,2013,"Top",NA,NA,0,38.1879098794502,3924.09820407623,0,188.950087956584,315.818044879744,1823.83107856559,6480.73830182175,568.595810406488,0,5420.51574830207,0,30876.7231454382
5,2014,"Top",NA,NA,0,132.315716896122,31777.9133817903,0,1278.30182158737,505.84415662942,8016.22475991901,3453.02506111275,212.454545784357,37.9383117472065,2674.66800996785,0,39219.619679691
5,2015,"Top",NA,NA,0,87.1517991449332,205.289839547921,0,254.688382181731,7600.45842990842,5795.75480998455,2180.00316303545,0,0,559.037402957442,0,9679.13434242673
5,2017,"Top",NA,NA,0,56.4383281484806,48130.9525947109,0,351.908328947713,1760.91439129777,7846.75354608384,5715.06619570691,2926.61089772303,0,4945.76320084385,0,17514.8512468696
5,2018,"Top",NA,NA,0,219.20789430541,31696.9549218985,0,83.723940548994,7077.80440337422,11759.7238625872,2224.0637737529,0,36.8454385693033,0,0,28319.2758346187
6,2011,"Top",NA,NA,0,46.065,22704.4,7.65,85.9105,392,5145.15,6944.84,334.488,3.5,663.271,1089.9125,20464.092
6,2012,"Top",NA,NA,0,47.1892140461136,70785.6354812175,0,81.4992290716167,862.88,3638.71280301198,10566.7822220311,56.784,1.2656,6328.25894766825,1424.321,27811.0767433421
6,2013,"Top",NA,NA,0,39.0664728220285,12039.9068131966,0,42.5588469996365,3785.44621298587,5438.70365583046,8181.50012515925,279.545305578675,9.74978766948243,2221.66668570234,1245.197,4665.30350994655
6,2014,"Top",NA,NA,5.5002,63.1430871276776,22092.66483282,0,47.97138066614,1142.03210942269,6915.27329378324,8647.8323360107,31.92,10.4881545633865,1147.9185694341,2022.896,8358.74593595941
6,2015,"Top",NA,NA,0,76.06,16930.4,0,12.7985,10881.2,9415.65,1553.46,0,3.25,2815.61,3034.16,9318.3365
6,2016,"Top",NA,NA,0,161.947569182144,35436.6076152469,0,9.81053254673554,5686.3986615983,12139.3710767422,2969.36469219519,15.96,79.5507780351829,1257.43522756911,828.6325,8705.34388736439
6,2017,"Top",NA,NA,0,102.121426029385,67858.4273350153,0,21.6518245438967,8173.54504910637,13358.3479448871,6132.18527799079,1491.20519114506,4.296,1951.54081861887,2576.161,9455.23270945677
6,2018,"Top",NA,NA,0,451.170803619158,68252.3300172105,2.34,58.6654447444503,11400.2737345431,21322.8309848937,3588.5862247454,0,2276.80755541679,918.418510901107,446.407,7613.77128705325
7,2011,"Top",NA,NA,0,14.54,41592.6,0,12.1485,571.6,1279.8,13306.14,129.36,24.104,1008.805,1087.21,10298.541
7,2012,"Top",NA,NA,0,160.0219052336,76403.6734812852,0,30.3919804129313,4023.73385933199,15389.2999653701,17515.5696057123,71.5008,215.633305459116,10498.173608443,2442.646,9204.76126282804
7,2013,"Top",NA,NA,0,16.21,644.6,0,3.3865,945.8,2281.125,5980.96,0,3.398,40.565,724.5575,712.349
7,2014,"Top",NA,NA,0,139.380277785724,3354.99136734662,0,8.64635355183578,1665.99400391097,16657.0221669351,7051.78084648242,2.184,84.1699884046017,1864.05899021921,873.003333333333,4240.96784467604
7,2015,"Top",NA,NA,0,44.2007128341195,11940.1328374588,0,13.9777981907422,4600.22668295104,10325.4451710182,9424.19628573878,0,190.392391812984,1785.00165014042,1570.07583333333,538.934984405317
7,2016,"Top",NA,NA,0,501.896244067597,87323.7865291973,0,0,5890.02780107674,31264.7775126873,50201.0618750297,937.080898739243,17656.8255700939,12497.4466491448,2102.844,14221.437009324
7,2017,"Top",NA,NA,3.0972,62.3341348515493,41031.5375653875,0,1.7836,2886.81487066883,11532.1487732527,11103.3670746456,53.76,1122.4167723415,3585.29256166306,3425.919,4548.81917144972
7,2018,"Top",NA,NA,0,86.8584563455224,29940.0131451574,2.88,9.0825966465474,7587.00523622384,16648.6052493423,7280.99957459779,0,301.677185594403,896.122541510579,666.724,3600.32517536588
8,2011,"Top",NA,NA,0,3.16,7.4,0,0,114.2,705.975,3483.79,0,2.568,26.866,118.565,1021.636
8,2012,"Top",NA,NA,0,2945.59781120839,7742.00705375234,0,4290.85787659839,1740.80873696412,10030.5820061594,4882.62035232453,19.824,1606.96392168422,1296.23135940276,374.394,384.3752
8,2013,"Top",NA,NA,0,84.0766927070967,70.2951389667624,0,0.468,1617.41975795859,4309.3234565273,3140.17489565153,65.6335167320805,30.4710811452532,3441.67187781277,701.684,636.74669604224
8,2014,"Top",NA,NA,0,88.5970874820361,1975.73495468293,0,7.27662673746679,781.460957049261,16255.9537220761,6381.03613943065,9.24,69.3798771528294,6203.88540626574,408.9975,1987.40962713769
8,2015,"Top",NA,NA,0,207.207779891215,16,0,14.3849432041491,3850.915120914,14745.1770985456,5030.16609226413,0,20.1680093262533,6993.81849313447,520.00125,2583.87788635871
8,2016,"Top",NA,NA,0,193.781086773424,406.878442170948,0,0.5408,1871.35677884311,16882.2405690662,4974.57582816271,191.756737090931,49.9281074447859,3019.34911596502,3154.634,1376.10843674586
8,2017,"Top",NA,NA,0,189.639412320343,30864.306262108,0,0.8424,1148.60483275417,11836.7598575358,8304.46254494146,0,375.200493653367,2084.83533630551,1527.499,949.632224634028
8,2018,"Top",NA,NA,0,167.319838582996,16586.4667203443,0,1.651,6666.20874726389,14916.5298641511,13485.1201084279,17.2704,23.7369270148396,1198.89405245625,1653.838,674.006338441893
12,2021,"Top",NA,NA,0,6.26,0,98.7,4.706,448,3938.55,170.02,11.088,10.296,928.872,166.75,4437.433
